{
    "frame": "43",
    "image_filename": "render_043.png",
    "image_resolution": {
        "width": 1920,
        "height": 1080
    },
    "camera_parameters": {
        "intrinsic_matrix": [
            [
                2666.666666666667,
                0,
                960.0
            ],
            [
                0,
                2250.0,
                540.0
            ],
            [
                0,
                0,
                1
            ]
        ],
        "extrinsic_matrix": [
            [
                -0.6011837124824524,
                -0.7991107702255249,
                7.427296822015705e-08,
                -0.05104036629199982
            ],
            [
                0.001713437377475202,
                -0.0012889468343928456,
                0.999997615814209,
                -1.0854090452194214
            ],
            [
                -0.7991089224815369,
                0.6011823415756226,
                0.002144130412489176,
                -12.148154258728027
            ],
            [
                -0.0,
                0.0,
                -0.0,
                1.0
            ]
        ],
        "camera_location": [
            -9.73652458190918,
            7.26107120513916,
            1.1114537715911865
        ],
        "camera_rotation_euler": [
            1.1093189716339111,
            0.0,
            0.8149281740188599
        ],
        "camera_rotation_quaternion": [
            0.31609785556793213,
            0.3154207766056061,
            -0.632010817527771,
            -0.6333673596382141
        ],
        "focal_length": 50.0,
        "sensor_width": 36.0,
        "sensor_height": 24.0
    },
    "objects": [
        {
            "object_name": "Cube",
            "bbox_2d": {
                "x_min": 510.86008071899414,
                "y_min": 159.11007642745972,
                "x_max": 1398.75732421875,
                "y_max": 1019.9587605893612,
                "width": 887.8972434997559,
                "height": 860.8486841619015,
                "center_x": 954.8087024688721,
                "center_y": 589.5344185084105
            },
            "visible_vertices": 8,
            "total_vertices": 8
        }
    ],
    "metadata": {
        "total_objects": 1,
        "render_settings": {
            "resolution_percentage": 50,
            "file_format": "PNG"
        }
    }
}