{
    "frame": "969",
    "image_filename": "render_969.png",
    "image_resolution": {
        "width": 1920,
        "height": 1080
    },
    "camera_parameters": {
        "intrinsic_matrix": [
            [
                2666.666666666667,
                0,
                960.0
            ],
            [
                0,
                2250.0,
                540.0
            ],
            [
                0,
                0,
                1
            ]
        ],
        "extrinsic_matrix": [
            [
                -0.41646942496299744,
                0.9091495275497437,
                7.450577044210149e-09,
                -0.0909389853477478
            ],
            [
                0.11893431842327118,
                0.05448238551616669,
                0.9914060831069946,
                -1.062330961227417
            ],
            [
                0.9013364911079407,
                0.4128905236721039,
                -0.130819171667099,
                -11.266956329345703
            ],
            [
                -0.0,
                0.0,
                -0.0,
                1.0
            ]
        ],
        "camera_location": [
            10.243796348571777,
            4.792574882507324,
            -0.42073479294776917
        ],
        "camera_rotation_euler": [
            1.1093189716339111,
            0.0,
            0.8149281740188599
        ],
        "camera_rotation_quaternion": [
            0.3560876250267029,
            0.4061611294746399,
            0.6328055262565613,
            0.5547900795936584
        ],
        "focal_length": 50.0,
        "sensor_width": 36.0,
        "sensor_height": 24.0
    },
    "objects": [
        {
            "object_name": "Cube",
            "bbox_2d": {
                "x_min": 456.81029319763184,
                "y_min": 56.656622886657715,
                "x_max": 1364.289321899414,
                "y_max": 982.2821635007858,
                "width": 907.4790287017822,
                "height": 925.6255406141281,
                "center_x": 910.549807548523,
                "center_y": 519.4693931937218
            },
            "visible_vertices": 8,
            "total_vertices": 8
        }
    ],
    "metadata": {
        "total_objects": 1,
        "render_settings": {
            "resolution_percentage": 50,
            "file_format": "PNG"
        }
    }
}