{
    "frame": "598",
    "image_filename": "render_598.png",
    "image_resolution": {
        "width": 1920,
        "height": 1080
    },
    "camera_parameters": {
        "intrinsic_matrix": [
            [
                2666.666666666667,
                0,
                960.0
            ],
            [
                0,
                2250.0,
                540.0
            ],
            [
                0,
                0,
                1
            ]
        ],
        "extrinsic_matrix": [
            [
                0.27792462706565857,
                0.9606028199195862,
                6.89178563106907e-08,
                0.0011317589087411761
            ],
            [
                0.029576901346445084,
                -0.00855723861604929,
                0.9995258450508118,
                -1.0808502435684204
            ],
            [
                0.9601473808288574,
                -0.277792751789093,
                -0.030789844691753387,
                -11.567140579223633
            ],
            [
                -0.0,
                0.0,
                -0.0,
                1.0
            ]
        ],
        "camera_location": [
            11.137815475463867,
            -3.2236058712005615,
            0.724186360836029
        ],
        "camera_rotation_euler": [
            1.1093189716339111,
            0.0,
            0.8149281740188599
        ],
        "camera_rotation_quaternion": [
            0.5564570426940918,
            0.5738623142242432,
            0.4313664436340332,
            0.41828304529190063
        ],
        "focal_length": 50.0,
        "sensor_width": 36.0,
        "sensor_height": 24.0
    },
    "objects": [
        {
            "object_name": "Cube",
            "bbox_2d": {
                "x_min": 511.0963439941406,
                "y_min": 42.66946077346802,
                "x_max": 1419.4422912597656,
                "y_max": 939.5496010780334,
                "width": 908.345947265625,
                "height": 896.8801403045654,
                "center_x": 965.2693176269531,
                "center_y": 491.10953092575073
            },
            "visible_vertices": 8,
            "total_vertices": 8
        }
    ],
    "metadata": {
        "total_objects": 1,
        "render_settings": {
            "resolution_percentage": 50,
            "file_format": "PNG"
        }
    }
}