{
    "frame": "319",
    "image_filename": "render_319.png",
    "image_resolution": {
        "width": 1920,
        "height": 1080
    },
    "camera_parameters": {
        "intrinsic_matrix": [
            [
                2666.666666666667,
                0,
                960.0
            ],
            [
                0,
                2250.0,
                540.0
            ],
            [
                0,
                0,
                1
            ]
        ],
        "extrinsic_matrix": [
            [
                -0.46323466300964355,
                0.8862355947494507,
                -4.470348002882929e-08,
                -0.09640218317508698
            ],
            [
                -0.12701672315597534,
                -0.0663914605975151,
                0.9896761775016785,
                -1.0891603231430054
            ],
            [
                0.8770862817764282,
                0.4584523141384125,
                0.14332163333892822,
                -11.569605827331543
            ],
            [
                -0.0,
                -0.0,
                -0.0,
                1.0
            ]
        ],
        "camera_location": [
            9.964544296264648,
            5.31723690032959,
            2.7360901832580566
        ],
        "camera_rotation_euler": [
            1.1093189716339111,
            0.0,
            0.8149281740188599
        ],
        "camera_rotation_quaternion": [
            0.3916935920715332,
            0.33905574679374695,
            0.5598039031028748,
            0.6467124223709106
        ],
        "focal_length": 50.0,
        "sensor_width": 36.0,
        "sensor_height": 24.0
    },
    "objects": [
        {
            "object_name": "Cube",
            "bbox_2d": {
                "x_min": 455.7392978668213,
                "y_min": 87.31079578399658,
                "x_max": 1386.1555480957031,
                "y_max": 970.8706140518188,
                "width": 930.4162502288818,
                "height": 883.5598182678223,
                "center_x": 920.9474229812622,
                "center_y": 529.0907049179077
            },
            "visible_vertices": 8,
            "total_vertices": 8
        }
    ],
    "metadata": {
        "total_objects": 1,
        "render_settings": {
            "resolution_percentage": 50,
            "file_format": "PNG"
        }
    }
}