{
    "frame": "770",
    "image_filename": "render_770.png",
    "image_resolution": {
        "width": 1920,
        "height": 1080
    },
    "camera_parameters": {
        "intrinsic_matrix": [
            [
                2666.666666666667,
                0,
                960.0
            ],
            [
                0,
                2250.0,
                540.0
            ],
            [
                0,
                0,
                1
            ]
        ],
        "extrinsic_matrix": [
            [
                0.39254137873649597,
                -0.9197342991828918,
                -8.195637946073475e-08,
                0.0881010890007019
            ],
            [
                0.1938445270061493,
                0.08273254334926605,
                0.9775374531745911,
                -1.038202166557312
            ],
            [
                -0.8990747928619385,
                -0.3837238848209381,
                0.2107614278793335,
                -11.851327896118164
            ],
            [
                -0.0,
                0.0,
                -0.0,
                1.0
            ]
        ],
        "camera_location": [
            -10.488564491271973,
            -4.380715847015381,
            3.5126845836639404
        ],
        "camera_rotation_euler": [
            1.1093189716339111,
            0.0,
            0.8149281740188599
        ],
        "camera_rotation_quaternion": [
            0.6492371559143066,
            0.5241773128509521,
            -0.34620431065559387,
            -0.42880284786224365
        ],
        "focal_length": 50.0,
        "sensor_width": 36.0,
        "sensor_height": 24.0
    },
    "objects": [
        {
            "object_name": "Cube",
            "bbox_2d": {
                "x_min": 460.7639980316162,
                "y_min": 83.49939823150635,
                "x_max": 1355.0382614135742,
                "y_max": 1027.395135462284,
                "width": 894.274263381958,
                "height": 943.8957372307777,
                "center_x": 907.9011297225952,
                "center_y": 555.4472668468952
            },
            "visible_vertices": 8,
            "total_vertices": 8
        }
    ],
    "metadata": {
        "total_objects": 1,
        "render_settings": {
            "resolution_percentage": 50,
            "file_format": "PNG"
        }
    }
}