{
    "frame": "325",
    "image_filename": "render_325.png",
    "image_resolution": {
        "width": 1920,
        "height": 1080
    },
    "camera_parameters": {
        "intrinsic_matrix": [
            [
                2666.666666666667,
                0,
                960.0
            ],
            [
                0,
                2250.0,
                540.0
            ],
            [
                0,
                0,
                1
            ]
        ],
        "extrinsic_matrix": [
            [
                0.9449387788772583,
                -0.3272472321987152,
                5.960465188081798e-08,
                0.14038699865341187
            ],
            [
                -0.018226247280836105,
                -0.05262882634997368,
                0.998447835445404,
                -1.0844765901565552
            ],
            [
                -0.32673928141593933,
                -0.9434720873832703,
                -0.055695511400699615,
                -11.46327018737793
            ],
            [
                -0.0,
                0.0,
                -0.0,
                1.0
            ]
        ],
        "camera_location": [
            -3.897922992706299,
            -10.826407432556152,
            0.4443404972553253
        ],
        "camera_rotation_euler": [
            1.1093189716339111,
            0.0,
            0.8149281740188599
        ],
        "camera_rotation_quaternion": [
            0.6776087284088135,
            0.7164605855941772,
            -0.12054866552352905,
            -0.11401157826185226
        ],
        "focal_length": 50.0,
        "sensor_width": 36.0,
        "sensor_height": 24.0
    },
    "objects": [
        {
            "object_name": "Cube",
            "bbox_2d": {
                "x_min": 479.1872978210449,
                "y_min": 86.26775979995728,
                "x_max": 1495.7969284057617,
                "y_max": 978.0606535077095,
                "width": 1016.6096305847168,
                "height": 891.7928937077522,
                "center_x": 987.4921131134033,
                "center_y": 532.1642066538334
            },
            "visible_vertices": 8,
            "total_vertices": 8
        }
    ],
    "metadata": {
        "total_objects": 1,
        "render_settings": {
            "resolution_percentage": 50,
            "file_format": "PNG"
        }
    }
}