{
    "frame": "349",
    "image_filename": "render_349.png",
    "image_resolution": {
        "width": 1920,
        "height": 1080
    },
    "camera_parameters": {
        "intrinsic_matrix": [
            [
                2666.666666666667,
                0,
                960.0
            ],
            [
                0,
                2250.0,
                540.0
            ],
            [
                0,
                0,
                1
            ]
        ],
        "extrinsic_matrix": [
            [
                -0.9850332736968994,
                0.17236407101154327,
                -1.4901159417490817e-08,
                -0.13993051648139954
            ],
            [
                -0.04538079351186752,
                -0.2593439519405365,
                0.964718222618103,
                -1.0436772108078003
            ],
            [
                0.1662827581167221,
                0.9502795338630676,
                0.26328447461128235,
                -11.81478500366211
            ],
            [
                -0.0,
                -0.0,
                -0.0,
                1.0
            ]
        ],
        "camera_location": [
            1.7793960571289062,
            10.98079776763916,
            4.117504119873047
        ],
        "camera_rotation_euler": [
            1.1093189716339111,
            0.0,
            0.8149281740188599
        ],
        "camera_rotation_quaternion": [
            0.06875170022249222,
            0.0525028258562088,
            0.6046496629714966,
            0.7917799353599548
        ],
        "focal_length": 50.0,
        "sensor_width": 36.0,
        "sensor_height": 24.0
    },
    "objects": [
        {
            "object_name": "Cube",
            "bbox_2d": {
                "x_min": 522.1022987365723,
                "y_min": 81.35397434234619,
                "x_max": 1487.8500366210938,
                "y_max": 998.6703103780746,
                "width": 965.7477378845215,
                "height": 917.3163360357285,
                "center_x": 1004.976167678833,
                "center_y": 540.0121423602104
            },
            "visible_vertices": 8,
            "total_vertices": 8
        }
    ],
    "metadata": {
        "total_objects": 1,
        "render_settings": {
            "resolution_percentage": 50,
            "file_format": "PNG"
        }
    }
}