{
    "frame": "283",
    "image_filename": "render_283.png",
    "image_resolution": {
        "width": 1920,
        "height": 1080
    },
    "camera_parameters": {
        "intrinsic_matrix": [
            [
                2666.666666666667,
                0,
                960.0
            ],
            [
                0,
                2250.0,
                540.0
            ],
            [
                0,
                0,
                1
            ]
        ],
        "extrinsic_matrix": [
            [
                0.8823244571685791,
                -0.4706416726112366,
                2.3283066141743802e-08,
                0.1373577117919922
            ],
            [
                -0.011568975634872913,
                -0.021688640117645264,
                0.9996978640556335,
                -1.0861074924468994
            ],
            [
                -0.4704994857311249,
                -0.8820579051971436,
                -0.024581262841820717,
                -11.51884937286377
            ],
            [
                -0.0,
                0.0,
                -0.0,
                1.0
            ]
        ],
        "camera_location": [
            -5.553371906280518,
            -10.11920166015625,
            0.8026314377784729
        ],
        "camera_rotation_euler": [
            1.1093189716339111,
            0.0,
            0.8149281740188599
        ],
        "camera_rotation_quaternion": [
            0.6775054335594177,
            0.6943691968917847,
            -0.17361465096473694,
            -0.16939815878868103
        ],
        "focal_length": 50.0,
        "sensor_width": 36.0,
        "sensor_height": 24.0
    },
    "objects": [
        {
            "object_name": "Cube",
            "bbox_2d": {
                "x_min": 449.47766304016113,
                "y_min": 95.33811092376709,
                "x_max": 1493.5608673095703,
                "y_max": 981.0663825273514,
                "width": 1044.0832042694092,
                "height": 885.7282716035843,
                "center_x": 971.5192651748657,
                "center_y": 538.2022467255592
            },
            "visible_vertices": 8,
            "total_vertices": 8
        }
    ],
    "metadata": {
        "total_objects": 1,
        "render_settings": {
            "resolution_percentage": 50,
            "file_format": "PNG"
        }
    }
}