{
    "frame": "860",
    "image_filename": "render_860.png",
    "image_resolution": {
        "width": 1920,
        "height": 1080
    },
    "camera_parameters": {
        "intrinsic_matrix": [
            [
                2666.666666666667,
                0,
                960.0
            ],
            [
                0,
                2250.0,
                540.0
            ],
            [
                0,
                0,
                1
            ]
        ],
        "extrinsic_matrix": [
            [
                -0.9920381307601929,
                -0.12593623995780945,
                1.08033368917404e-07,
                -0.12954409420490265
            ],
            [
                0.04073082283139229,
                -0.32084816694259644,
                0.946254312992096,
                -1.0096341371536255
            ],
            [
                -0.11916767805814743,
                0.9387205243110657,
                0.32342347502708435,
                -11.918291091918945
            ],
            [
                -0.0,
                0.0,
                -0.0,
                1.0
            ]
        ],
        "camera_location": [
            -1.5076649188995361,
            10.847692489624023,
            4.810022830963135
        ],
        "camera_rotation_euler": [
            1.1093189716339111,
            0.0,
            0.8149281740188599
        ],
        "camera_rotation_quaternion": [
            0.05132414400577545,
            0.03669694438576698,
            -0.5804668068885803,
            -0.8118359446525574
        ],
        "focal_length": 50.0,
        "sensor_width": 36.0,
        "sensor_height": 24.0
    },
    "objects": [
        {
            "object_name": "Cube",
            "bbox_2d": {
                "x_min": 573.1003189086914,
                "y_min": 64.30915832519531,
                "x_max": 1419.1461181640625,
                "y_max": 1033.7166783213615,
                "width": 846.0457992553711,
                "height": 969.4075199961662,
                "center_x": 996.123218536377,
                "center_y": 549.0129183232784
            },
            "visible_vertices": 8,
            "total_vertices": 8
        }
    ],
    "metadata": {
        "total_objects": 1,
        "render_settings": {
            "resolution_percentage": 50,
            "file_format": "PNG"
        }
    }
}