{
    "frame": "68",
    "image_filename": "render_068.png",
    "image_resolution": {
        "width": 1920,
        "height": 1080
    },
    "camera_parameters": {
        "intrinsic_matrix": [
            [
                2666.666666666667,
                0,
                960.0
            ],
            [
                0,
                2250.0,
                540.0
            ],
            [
                0,
                0,
                1
            ]
        ],
        "extrinsic_matrix": [
            [
                -0.8529431819915771,
                -0.5220038294792175,
                -1.1548399925231934e-07,
                -0.09565947949886322
            ],
            [
                -0.030985362827777863,
                0.05062921717762947,
                0.9982367753982544,
                -1.0898981094360352
            ],
            [
                -0.521083414554596,
                0.8514392375946045,
                -0.059358298778533936,
                -12.05324649810791
            ],
            [
                -0.0,
                0.0,
                -0.0,
                1.0
            ]
        ],
        "camera_location": [
            -6.396108627319336,
            10.267850875854492,
            0.3725159466266632
        ],
        "camera_rotation_euler": [
            1.1093189716339111,
            0.0,
            0.8149281740188599
        ],
        "camera_rotation_quaternion": [
            0.18596220016479492,
            0.19734865427017212,
            -0.7005231380462646,
            -0.6601052284240723
        ],
        "focal_length": 50.0,
        "sensor_width": 36.0,
        "sensor_height": 24.0
    },
    "objects": [
        {
            "object_name": "Cube",
            "bbox_2d": {
                "x_min": 518.7969589233398,
                "y_min": 174.3513536453247,
                "x_max": 1367.3189163208008,
                "y_max": 998.6862990260124,
                "width": 848.5219573974609,
                "height": 824.3349453806877,
                "center_x": 943.0579376220703,
                "center_y": 586.5188263356686
            },
            "visible_vertices": 8,
            "total_vertices": 8
        }
    ],
    "metadata": {
        "total_objects": 1,
        "render_settings": {
            "resolution_percentage": 50,
            "file_format": "PNG"
        }
    }
}