{
    "frame": "447",
    "image_filename": "render_447.png",
    "image_resolution": {
        "width": 1920,
        "height": 1080
    },
    "camera_parameters": {
        "intrinsic_matrix": [
            [
                2666.666666666667,
                0,
                960.0
            ],
            [
                0,
                2250.0,
                540.0
            ],
            [
                0,
                0,
                1
            ]
        ],
        "extrinsic_matrix": [
            [
                0.5552293062210083,
                0.8316972851753235,
                5.960463056453591e-08,
                0.043578822165727615
            ],
            [
                -0.2375033050775528,
                0.1585538238286972,
                0.9583593010902405,
                -1.0786707401275635
            ],
            [
                0.7970649003982544,
                -0.5321092009544373,
                0.285564661026001,
                -11.697232246398926
            ],
            [
                -0.0,
                0.0,
                -0.0,
                1.0
            ]
        ],
        "camera_location": [
            9.043070793151855,
            -6.089423179626465,
            4.374070644378662
        ],
        "camera_rotation_euler": [
            1.1093189716339111,
            0.0,
            0.8149281740188599
        ],
        "camera_rotation_quaternion": [
            0.7069915533065796,
            0.5270462036132812,
            0.2818509638309479,
            0.37808117270469666
        ],
        "focal_length": 50.0,
        "sensor_width": 36.0,
        "sensor_height": 24.0
    },
    "objects": [
        {
            "object_name": "Cube",
            "bbox_2d": {
                "x_min": 503.91918182373047,
                "y_min": 143.238844871521,
                "x_max": 1411.1402893066406,
                "y_max": 901.7106914520264,
                "width": 907.2211074829102,
                "height": 758.4718465805054,
                "center_x": 957.5297355651855,
                "center_y": 522.4747681617737
            },
            "visible_vertices": 8,
            "total_vertices": 8
        }
    ],
    "metadata": {
        "total_objects": 1,
        "render_settings": {
            "resolution_percentage": 50,
            "file_format": "PNG"
        }
    }
}