{
    "frame": "260",
    "image_filename": "render_260.png",
    "image_resolution": {
        "width": 1920,
        "height": 1080
    },
    "camera_parameters": {
        "intrinsic_matrix": [
            [
                2666.666666666667,
                0,
                960.0
            ],
            [
                0,
                2250.0,
                540.0
            ],
            [
                0,
                0,
                1
            ]
        ],
        "extrinsic_matrix": [
            [
                0.5464425683021545,
                -0.8374965190887451,
                4.470347292340193e-08,
                0.10581643134355545
            ],
            [
                -0.06016070395708084,
                -0.03925301507115364,
                0.9974164962768555,
                -1.0895434617996216
            ],
            [
                -0.8353329300880432,
                -0.5450308322906494,
                -0.07183387875556946,
                -11.529755592346191
            ],
            [
                -0.0,
                0.0,
                -0.0,
                1.0
            ]
        ],
        "camera_location": [
            -9.754555702209473,
            -6.238220691680908,
            0.25850141048431396
        ],
        "camera_rotation_euler": [
            1.1093189716339111,
            0.0,
            0.8149281740188599
        ],
        "camera_rotation_quaternion": [
            0.5990316867828369,
            0.6437253952026367,
            -0.3486180901527405,
            -0.324413537979126
        ],
        "focal_length": 50.0,
        "sensor_width": 36.0,
        "sensor_height": 24.0
    },
    "objects": [
        {
            "object_name": "Cube",
            "bbox_2d": {
                "x_min": 438.8422393798828,
                "y_min": 133.93739461898804,
                "x_max": 1411.3492584228516,
                "y_max": 1000.4485023021698,
                "width": 972.5070190429688,
                "height": 866.5111076831818,
                "center_x": 925.0957489013672,
                "center_y": 567.1929484605789
            },
            "visible_vertices": 8,
            "total_vertices": 8
        }
    ],
    "metadata": {
        "total_objects": 1,
        "render_settings": {
            "resolution_percentage": 50,
            "file_format": "PNG"
        }
    }
}