{
    "frame": "746",
    "image_filename": "render_746.png",
    "image_resolution": {
        "width": 1920,
        "height": 1080
    },
    "camera_parameters": {
        "intrinsic_matrix": [
            [
                2666.666666666667,
                0,
                960.0
            ],
            [
                0,
                2250.0,
                540.0
            ],
            [
                0,
                0,
                1
            ]
        ],
        "extrinsic_matrix": [
            [
                0.8182317614555359,
                0.5748884677886963,
                2.9802322387695312e-08,
                0.08894927054643631
            ],
            [
                -0.09007968008518219,
                0.1282092183828354,
                0.9876477718353271,
                -1.089353084564209
            ],
            [
                0.5677873492240906,
                -0.8081247210502625,
                0.15669061243534088,
                -11.577873229980469
            ],
            [
                -0.0,
                0.0,
                -0.0,
                1.0
            ]
        ],
        "camera_location": [
            6.402860164642334,
            -9.267836570739746,
            2.8900413513183594
        ],
        "camera_rotation_euler": [
            1.1093189716339111,
            0.0,
            0.8149281740188599
        ],
        "camera_rotation_quaternion": [
            0.7251088619232178,
            0.6191388964653015,
            0.19575932621955872,
            0.22926494479179382
        ],
        "focal_length": 50.0,
        "sensor_width": 36.0,
        "sensor_height": 24.0
    },
    "objects": [
        {
            "object_name": "Cube",
            "bbox_2d": {
                "x_min": 493.37602615356445,
                "y_min": 88.08900117874146,
                "x_max": 1388.8597869873047,
                "y_max": 894.0517991781235,
                "width": 895.4837608337402,
                "height": 805.962797999382,
                "center_x": 941.1179065704346,
                "center_y": 491.07040017843246
            },
            "visible_vertices": 8,
            "total_vertices": 8
        }
    ],
    "metadata": {
        "total_objects": 1,
        "render_settings": {
            "resolution_percentage": 50,
            "file_format": "PNG"
        }
    }
}