{
    "frame": "9",
    "image_filename": "render_009.png",
    "image_resolution": {
        "width": 1920,
        "height": 1080
    },
    "camera_parameters": {
        "intrinsic_matrix": [
            [
                2666.666666666667,
                0,
                960.0
            ],
            [
                0,
                2250.0,
                540.0
            ],
            [
                0,
                0,
                1
            ]
        ],
        "extrinsic_matrix": [
            [
                0.8409106731414795,
                -0.5411739349365234,
                -2.607702676016288e-08,
                0.13442984223365784
            ],
            [
                -0.04694604501128197,
                -0.07294771075248718,
                0.9962301254272461,
                -1.0851857662200928
            ],
            [
                -0.5391338467597961,
                -0.8377405405044556,
                -0.08674846589565277,
                -11.961764335632324
            ],
            [
                -0.0,
                0.0,
                -0.0,
                1.0
            ]
        ],
        "camera_location": [
            -6.612980842590332,
            -10.027268409729004,
            0.04342986270785332
        ],
        "camera_rotation_euler": [
            1.1093189716339111,
            0.0,
            0.8149281740188599
        ],
        "camera_rotation_quaternion": [
            0.6483083367347717,
            0.7072140574455261,
            -0.2079002857208252,
            -0.1905837059020996
        ],
        "focal_length": 50.0,
        "sensor_width": 36.0,
        "sensor_height": 24.0
    },
    "objects": [
        {
            "object_name": "Cube",
            "bbox_2d": {
                "x_min": 461.86686515808105,
                "y_min": 124.34697389602661,
                "x_max": 1467.4209594726562,
                "y_max": 968.7076646089554,
                "width": 1005.5540943145752,
                "height": 844.3606907129288,
                "center_x": 964.6439123153687,
                "center_y": 546.527319252491
            },
            "visible_vertices": 8,
            "total_vertices": 8
        }
    ],
    "metadata": {
        "total_objects": 1,
        "render_settings": {
            "resolution_percentage": 50,
            "file_format": "PNG"
        }
    }
}