{
    "frame": "695",
    "image_filename": "render_695.png",
    "image_resolution": {
        "width": 1920,
        "height": 1080
    },
    "camera_parameters": {
        "intrinsic_matrix": [
            [
                2666.666666666667,
                0,
                960.0
            ],
            [
                0,
                2250.0,
                540.0
            ],
            [
                0,
                0,
                1
            ]
        ],
        "extrinsic_matrix": [
            [
                -0.055580101907253265,
                -0.9984541535377502,
                3.399326686803761e-08,
                0.030414702370762825
            ],
            [
                -0.10846325010061264,
                0.006037871353328228,
                0.9940820932388306,
                -1.0941849946975708
            ],
            [
                -0.9925454258918762,
                0.05525127425789833,
                -0.10863107442855835,
                -11.533902168273926
            ],
            [
                0.0,
                0.0,
                -0.0,
                1.0
            ]
        ],
        "camera_location": [
            -11.564911842346191,
            0.6742359399795532,
            -0.16523167490959167
        ],
        "camera_rotation_euler": [
            1.1093189716339111,
            0.0,
            0.8149281740188599
        ],
        "camera_rotation_quaternion": [
            0.45875558257102966,
            0.5116183161735535,
            -0.5408902764320374,
            -0.48500290513038635
        ],
        "focal_length": 50.0,
        "sensor_width": 36.0,
        "sensor_height": 24.0
    },
    "objects": [
        {
            "object_name": "Cube",
            "bbox_2d": {
                "x_min": 544.8828506469727,
                "y_min": 159.35842752456665,
                "x_max": 1432.9939270019531,
                "y_max": 1006.7226102948189,
                "width": 888.1110763549805,
                "height": 847.3641827702522,
                "center_x": 988.9383888244629,
                "center_y": 583.0405189096928
            },
            "visible_vertices": 8,
            "total_vertices": 8
        }
    ],
    "metadata": {
        "total_objects": 1,
        "render_settings": {
            "resolution_percentage": 50,
            "file_format": "PNG"
        }
    }
}