{
    "frame": "573",
    "image_filename": "render_573.png",
    "image_resolution": {
        "width": 1920,
        "height": 1080
    },
    "camera_parameters": {
        "intrinsic_matrix": [
            [
                2666.666666666667,
                0,
                960.0
            ],
            [
                0,
                2250.0,
                540.0
            ],
            [
                0,
                0,
                1
            ]
        ],
        "extrinsic_matrix": [
            [
                0.17206838726997375,
                0.9850848317146301,
                1.4354000654748234e-07,
                -0.01413093414157629
            ],
            [
                -0.009578460827469826,
                0.0016731563955545425,
                0.999952495098114,
                -1.0870050191879272
            ],
            [
                0.9850382208824158,
                -0.1720600426197052,
                0.009723660536110401,
                -11.385980606079102
            ],
            [
                -0.0,
                0.0,
                -0.0,
                1.0
            ]
        ],
        "camera_location": [
            11.207650184631348,
            -1.9433367252349854,
            1.1976654529571533
        ],
        "camera_rotation_euler": [
            1.1093189716339111,
            0.0,
            0.8149281740188599
        ],
        "camera_rotation_quaternion": [
            0.543936014175415,
            0.5386723875999451,
            0.4527364671230316,
            0.4571603238582611
        ],
        "focal_length": 50.0,
        "sensor_width": 36.0,
        "sensor_height": 24.0
    },
    "objects": [
        {
            "object_name": "Cube",
            "bbox_2d": {
                "x_min": 519.5148468017578,
                "y_min": 44.09834861755371,
                "x_max": 1432.4168014526367,
                "y_max": 934.6666342020035,
                "width": 912.9019546508789,
                "height": 890.5682855844498,
                "center_x": 975.9658241271973,
                "center_y": 489.3824914097786
            },
            "visible_vertices": 8,
            "total_vertices": 8
        }
    ],
    "metadata": {
        "total_objects": 1,
        "render_settings": {
            "resolution_percentage": 50,
            "file_format": "PNG"
        }
    }
}