{
    "frame": "252",
    "image_filename": "render_252.png",
    "image_resolution": {
        "width": 1920,
        "height": 1080
    },
    "camera_parameters": {
        "intrinsic_matrix": [
            [
                2666.666666666667,
                0,
                960.0
            ],
            [
                0,
                2250.0,
                540.0
            ],
            [
                0,
                0,
                1
            ]
        ],
        "extrinsic_matrix": [
            [
                -0.39314934611320496,
                0.9194744229316711,
                -9.499486708364202e-08,
                -0.08817528933286667
            ],
            [
                -0.05484536290168762,
                -0.02345060370862484,
                0.99821937084198,
                -1.0902971029281616
            ],
            [
                0.9178372621536255,
                0.39244940876960754,
                0.059648655354976654,
                -11.470736503601074
            ],
            [
                -0.0,
                -0.0,
                -0.0,
                1.0
            ]
        ],
        "camera_location": [
            10.433807373046875,
            4.557190418243408,
            1.7725682258605957
        ],
        "camera_rotation_euler": [
            1.1093189716339111,
            0.0,
            0.8149281740188599
        ],
        "camera_rotation_quaternion": [
            0.4009515643119812,
            0.3777077794075012,
            0.5722871422767639,
            0.6075049042701721
        ],
        "focal_length": 50.0,
        "sensor_width": 36.0,
        "sensor_height": 24.0
    },
    "objects": [
        {
            "object_name": "Cube",
            "bbox_2d": {
                "x_min": 468.20457458496094,
                "y_min": 72.41442918777466,
                "x_max": 1360.133399963379,
                "y_max": 939.1455155611038,
                "width": 891.928825378418,
                "height": 866.7310863733292,
                "center_x": 914.1689872741699,
                "center_y": 505.77997237443924
            },
            "visible_vertices": 8,
            "total_vertices": 8
        }
    ],
    "metadata": {
        "total_objects": 1,
        "render_settings": {
            "resolution_percentage": 50,
            "file_format": "PNG"
        }
    }
}