{
    "frame": "480",
    "image_filename": "render_480.png",
    "image_resolution": {
        "width": 1920,
        "height": 1080
    },
    "camera_parameters": {
        "intrinsic_matrix": [
            [
                2666.666666666667,
                0,
                960.0
            ],
            [
                0,
                2250.0,
                540.0
            ],
            [
                0,
                0,
                1
            ]
        ],
        "extrinsic_matrix": [
            [
                0.8755443096160889,
                -0.48313790559768677,
                -7.078051567077637e-08,
                0.13691364228725433
            ],
            [
                -0.05458708107471466,
                -0.09892303496599197,
                0.9935967922210693,
                -1.0823742151260376
            ],
            [
                -0.48004424571990967,
                -0.8699380159378052,
                -0.11298459023237228,
                -11.650415420532227
            ],
            [
                -0.0,
                0.0,
                -0.0,
                1.0
            ]
        ],
        "camera_location": [
            -5.771672248840332,
            -10.176061630249023,
            -0.24087382853031158
        ],
        "camera_rotation_euler": [
            1.1093189716339111,
            0.0,
            0.8149281740188599
        ],
        "camera_rotation_quaternion": [
            0.6449102163314819,
            0.7224008440971375,
            -0.18608953058719635,
            -0.16612808406352997
        ],
        "focal_length": 50.0,
        "sensor_width": 36.0,
        "sensor_height": 24.0
    },
    "objects": [
        {
            "object_name": "Cube",
            "bbox_2d": {
                "x_min": 459.48620796203613,
                "y_min": 112.12034940719604,
                "x_max": 1485.0080108642578,
                "y_max": 978.3835324645042,
                "width": 1025.5218029022217,
                "height": 866.2631830573082,
                "center_x": 972.247109413147,
                "center_y": 545.2519409358501
            },
            "visible_vertices": 8,
            "total_vertices": 8
        }
    ],
    "metadata": {
        "total_objects": 1,
        "render_settings": {
            "resolution_percentage": 50,
            "file_format": "PNG"
        }
    }
}