{
    "frame": "950",
    "image_filename": "render_950.png",
    "image_resolution": {
        "width": 1920,
        "height": 1080
    },
    "camera_parameters": {
        "intrinsic_matrix": [
            [
                2666.666666666667,
                0,
                960.0
            ],
            [
                0,
                2250.0,
                540.0
            ],
            [
                0,
                0,
                1
            ]
        ],
        "extrinsic_matrix": [
            [
                -0.426066130399704,
                0.9046918749809265,
                5.21540464148984e-08,
                -0.09207021445035934
            ],
            [
                -0.2182561457157135,
                -0.10278806835412979,
                0.9704630970954895,
                -1.0792747735977173
            ],
            [
                0.8779701590538025,
                0.41348156332969666,
                0.24124926328659058,
                -11.67409610748291
            ],
            [
                -0.0,
                -0.0,
                -0.0,
                1.0
            ]
        ],
        "camera_location": [
            9.974723815917969,
            4.799382209777832,
            3.863762140274048
        ],
        "camera_rotation_euler": [
            1.1093189716339111,
            0.0,
            0.8149281740188599
        ],
        "camera_rotation_quaternion": [
            0.42201748490333557,
            0.32995179295539856,
            0.5201030969619751,
            0.6652262210845947
        ],
        "focal_length": 50.0,
        "sensor_width": 36.0,
        "sensor_height": 24.0
    },
    "objects": [
        {
            "object_name": "Cube",
            "bbox_2d": {
                "x_min": 467.783203125,
                "y_min": 108.01489591598511,
                "x_max": 1376.5081787109375,
                "y_max": 1003.2230034470558,
                "width": 908.7249755859375,
                "height": 895.2081075310707,
                "center_x": 922.1456909179688,
                "center_y": 555.6189496815205
            },
            "visible_vertices": 8,
            "total_vertices": 8
        }
    ],
    "metadata": {
        "total_objects": 1,
        "render_settings": {
            "resolution_percentage": 50,
            "file_format": "PNG"
        }
    }
}