{
    "frame": "51",
    "image_filename": "render_051.png",
    "image_resolution": {
        "width": 1920,
        "height": 1080
    },
    "camera_parameters": {
        "intrinsic_matrix": [
            [
                2666.666666666667,
                0,
                960.0
            ],
            [
                0,
                2250.0,
                540.0
            ],
            [
                0,
                0,
                1
            ]
        ],
        "extrinsic_matrix": [
            [
                0.21592530608177185,
                0.9764097929000854,
                2.607702356272057e-07,
                -0.007865007035434246
            ],
            [
                -0.1130928099155426,
                0.025009434670209885,
                0.9932695031166077,
                -1.0946521759033203
            ],
            [
                0.9698382019996643,
                -0.2144719362258911,
                0.11582521349191666,
                -12.001054763793945
            ],
            [
                -0.0,
                0.0,
                -0.0,
                1.0
            ]
        ],
        "camera_location": [
            11.516983985900879,
            -2.5388355255126953,
            2.477308511734009
        ],
        "camera_rotation_euler": [
            1.1093189716339111,
            0.0,
            0.8149281740188599
        ],
        "camera_rotation_quaternion": [
            0.5824002623558044,
            0.5184329152107239,
            0.4163108766078949,
            0.46767792105674744
        ],
        "focal_length": 50.0,
        "sensor_width": 36.0,
        "sensor_height": 24.0
    },
    "objects": [
        {
            "object_name": "Cube",
            "bbox_2d": {
                "x_min": 535.3447151184082,
                "y_min": 96.20109558105469,
                "x_max": 1417.3150634765625,
                "y_max": 889.9376714229584,
                "width": 881.9703483581543,
                "height": 793.7365758419037,
                "center_x": 976.3298892974854,
                "center_y": 493.06938350200653
            },
            "visible_vertices": 8,
            "total_vertices": 8
        }
    ],
    "metadata": {
        "total_objects": 1,
        "render_settings": {
            "resolution_percentage": 50,
            "file_format": "PNG"
        }
    }
}