{
    "frame": "66",
    "image_filename": "render_066.png",
    "image_resolution": {
        "width": 1920,
        "height": 1080
    },
    "camera_parameters": {
        "intrinsic_matrix": [
            [
                2666.666666666667,
                0,
                960.0
            ],
            [
                0,
                2250.0,
                540.0
            ],
            [
                0,
                0,
                1
            ]
        ],
        "extrinsic_matrix": [
            [
                0.2630639970302582,
                -0.9647783041000366,
                -1.1455266246684914e-07,
                0.07227929681539536
            ],
            [
                -0.013071992434561253,
                -0.0035643719602376223,
                0.9999080896377563,
                -1.0872291326522827
            ],
            [
                -0.9646897912025452,
                -0.26303979754447937,
                -0.013549191877245903,
                -12.120697975158691
            ],
            [
                -0.0,
                0.0,
                -0.0,
                1.0
            ]
        ],
        "camera_location": [
            -11.725940704345703,
            -3.122368335723877,
            0.9229032397270203
        ],
        "camera_rotation_euler": [
            1.1093189716339111,
            0.0,
            0.8149281740188599
        ],
        "camera_rotation_quaternion": [
            0.558110773563385,
            0.5657246708869934,
            -0.4321229159832001,
            -0.42630717158317566
        ],
        "focal_length": 50.0,
        "sensor_width": 36.0,
        "sensor_height": 24.0
    },
    "objects": [
        {
            "object_name": "Cube",
            "bbox_2d": {
                "x_min": 525.4360198974609,
                "y_min": 150.3390598297119,
                "x_max": 1358.6884689331055,
                "y_max": 998.2486590743065,
                "width": 833.2524490356445,
                "height": 847.9095992445946,
                "center_x": 942.0622444152832,
                "center_y": 574.2938594520092
            },
            "visible_vertices": 8,
            "total_vertices": 8
        }
    ],
    "metadata": {
        "total_objects": 1,
        "render_settings": {
            "resolution_percentage": 50,
            "file_format": "PNG"
        }
    }
}