{
    "frame": "877",
    "image_filename": "render_877.png",
    "image_resolution": {
        "width": 1920,
        "height": 1080
    },
    "camera_parameters": {
        "intrinsic_matrix": [
            [
                2666.666666666667,
                0,
                960.0
            ],
            [
                0,
                2250.0,
                540.0
            ],
            [
                0,
                0,
                1
            ]
        ],
        "extrinsic_matrix": [
            [
                -0.33642393350601196,
                0.941710352897644,
                1.0058278832048018e-07,
                -0.08133808523416519
            ],
            [
                -0.1882542371749878,
                -0.06725341081619263,
                0.9798147678375244,
                -1.0867151021957397
            ],
            [
                0.9227019548416138,
                0.3296332359313965,
                0.1999068558216095,
                -11.619966506958008
            ],
            [
                -0.0,
                -0.0,
                -0.0,
                1.0
            ]
        ],
        "camera_location": [
            10.489827156066895,
            3.8338394165039062,
            3.3876895904541016
        ],
        "camera_rotation_euler": [
            1.1093189716339111,
            0.0,
            0.8149281740188599
        ],
        "camera_rotation_quaternion": [
            0.4461584687232971,
            0.3643222153186798,
            0.5170260667800903,
            0.633163571357727
        ],
        "focal_length": 50.0,
        "sensor_width": 36.0,
        "sensor_height": 24.0
    },
    "objects": [
        {
            "object_name": "Cube",
            "bbox_2d": {
                "x_min": 488.64646911621094,
                "y_min": 99.48251008987427,
                "x_max": 1365.9840774536133,
                "y_max": 982.8898286819458,
                "width": 877.3376083374023,
                "height": 883.4073185920715,
                "center_x": 927.3152732849121,
                "center_y": 541.18616938591
            },
            "visible_vertices": 8,
            "total_vertices": 8
        }
    ],
    "metadata": {
        "total_objects": 1,
        "render_settings": {
            "resolution_percentage": 50,
            "file_format": "PNG"
        }
    }
}