{
    "frame": "88",
    "image_filename": "render_088.png",
    "image_resolution": {
        "width": 1920,
        "height": 1080
    },
    "camera_parameters": {
        "intrinsic_matrix": [
            [
                2666.666666666667,
                0,
                960.0
            ],
            [
                0,
                2250.0,
                540.0
            ],
            [
                0,
                0,
                1
            ]
        ],
        "extrinsic_matrix": [
            [
                -0.9999482035636902,
                -0.01014962512999773,
                9.033824710513727e-08,
                -0.13501471281051636
            ],
            [
                0.0034841333981603384,
                -0.34325090050697327,
                0.9392370581626892,
                -1.006208062171936
            ],
            [
                -0.009532874450087547,
                0.9391887187957764,
                0.34326881170272827,
                -11.925008773803711
            ],
            [
                -0.0,
                0.0,
                -0.0,
                1.0
            ]
        ],
        "camera_location": [
            -0.24518167972564697,
            10.853083610534668,
            5.038549423217773
        ],
        "camera_rotation_euler": [
            1.1093189716339111,
            0.0,
            0.8149281740188599
        ],
        "camera_rotation_quaternion": [
            0.004159057512879372,
            0.0029080307576805353,
            -0.5730246305465698,
            -0.819522500038147
        ],
        "focal_length": 50.0,
        "sensor_width": 36.0,
        "sensor_height": 24.0
    },
    "objects": [
        {
            "object_name": "Cube",
            "bbox_2d": {
                "x_min": 576.544075012207,
                "y_min": 66.87049627304077,
                "x_max": 1453.267478942871,
                "y_max": 1017.0098769664764,
                "width": 876.7234039306641,
                "height": 950.1393806934357,
                "center_x": 1014.9057769775391,
                "center_y": 541.9401866197586
            },
            "visible_vertices": 8,
            "total_vertices": 8
        }
    ],
    "metadata": {
        "total_objects": 1,
        "render_settings": {
            "resolution_percentage": 50,
            "file_format": "PNG"
        }
    }
}