{
    "frame": "241",
    "image_filename": "render_241.png",
    "image_resolution": {
        "width": 1920,
        "height": 1080
    },
    "camera_parameters": {
        "intrinsic_matrix": [
            [
                2666.666666666667,
                0,
                960.0
            ],
            [
                0,
                2250.0,
                540.0
            ],
            [
                0,
                0,
                1
            ]
        ],
        "extrinsic_matrix": [
            [
                -0.715444803237915,
                0.6986688375473022,
                4.842875256372281e-08,
                -0.12342650443315506
            ],
            [
                -0.07686204463243484,
                -0.07870756834745407,
                0.9939300417900085,
                -1.0865211486816406
            ],
            [
                0.6944280862808228,
                0.7111023664474487,
                0.11001227051019669,
                -11.567773818969727
            ],
            [
                -0.0,
                -0.0,
                -0.0,
                1.0
            ]
        ],
        "camera_location": [
            7.861173629760742,
            8.226590156555176,
            2.3525216579437256
        ],
        "camera_rotation_euler": [
            1.1093189716339111,
            0.0,
            0.8149281740188599
        ],
        "camera_rotation_quaternion": [
            0.28100693225860596,
            0.25161999464035034,
            0.6178036332130432,
            0.6899574398994446
        ],
        "focal_length": 50.0,
        "sensor_width": 36.0,
        "sensor_height": 24.0
    },
    "objects": [
        {
            "object_name": "Cube",
            "bbox_2d": {
                "x_min": 428.63107681274414,
                "y_min": 87.93379783630371,
                "x_max": 1462.1503829956055,
                "y_max": 962.9183819890022,
                "width": 1033.5193061828613,
                "height": 874.9845841526985,
                "center_x": 945.3907299041748,
                "center_y": 525.426089912653
            },
            "visible_vertices": 8,
            "total_vertices": 8
        }
    ],
    "metadata": {
        "total_objects": 1,
        "render_settings": {
            "resolution_percentage": 50,
            "file_format": "PNG"
        }
    }
}