{
    "frame": "450",
    "image_filename": "render_450.png",
    "image_resolution": {
        "width": 1920,
        "height": 1080
    },
    "camera_parameters": {
        "intrinsic_matrix": [
            [
                2666.666666666667,
                0,
                960.0
            ],
            [
                0,
                2250.0,
                540.0
            ],
            [
                0,
                0,
                1
            ]
        ],
        "extrinsic_matrix": [
            [
                0.6540404558181763,
                0.7564595937728882,
                7.450580596923828e-09,
                0.05981798470020294
            ],
            [
                -0.17186002433300018,
                0.14859145879745483,
                0.9738504886627197,
                -1.0862200260162354
            ],
            [
                0.7366785407066345,
                -0.6369376182556152,
                0.2271900177001953,
                -11.638050079345703
            ],
            [
                -0.0,
                0.0,
                -0.0,
                1.0
            ]
        ],
        "camera_location": [
            8.347700119018555,
            -7.296558380126953,
            3.701864242553711
        ],
        "camera_rotation_euler": [
            1.1093189716339111,
            0.0,
            0.8149281740188599
        ],
        "camera_rotation_quaternion": [
            0.7123591303825378,
            0.5653005838394165,
            0.25853481888771057,
            0.3257906138896942
        ],
        "focal_length": 50.0,
        "sensor_width": 36.0,
        "sensor_height": 24.0
    },
    "objects": [
        {
            "object_name": "Cube",
            "bbox_2d": {
                "x_min": 506.33033752441406,
                "y_min": 116.20365858078003,
                "x_max": 1404.9960708618164,
                "y_max": 868.6966359615326,
                "width": 898.6657333374023,
                "height": 752.4929773807526,
                "center_x": 955.6632041931152,
                "center_y": 492.4501472711563
            },
            "visible_vertices": 8,
            "total_vertices": 8
        }
    ],
    "metadata": {
        "total_objects": 1,
        "render_settings": {
            "resolution_percentage": 50,
            "file_format": "PNG"
        }
    }
}