{
    "frame": "716",
    "image_filename": "render_716.png",
    "image_resolution": {
        "width": 1920,
        "height": 1080
    },
    "camera_parameters": {
        "intrinsic_matrix": [
            [
                2666.666666666667,
                0,
                960.0
            ],
            [
                0,
                2250.0,
                540.0
            ],
            [
                0,
                0,
                1
            ]
        ],
        "extrinsic_matrix": [
            [
                -0.994840145111084,
                -0.10145219415426254,
                -3.579769369821406e-08,
                -0.13085347414016724
            ],
            [
                0.0006872558733448386,
                -0.006739491131156683,
                0.9999768733978271,
                -1.0853195190429688
            ],
            [
                -0.1014498621225357,
                0.9948174357414246,
                0.006774629931896925,
                -11.574237823486328
            ],
            [
                0.0,
                0.0,
                -0.0,
                1.0
            ]
        ],
        "camera_location": [
            -1.3036378622055054,
            11.493667602539062,
            1.1637037992477417
        ],
        "camera_rotation_euler": [
            1.1093189716339111,
            0.0,
            0.8149281740188599
        ],
        "camera_rotation_quaternion": [
            0.036036569625139236,
            0.035793278366327286,
            -0.7037979364395142,
            -0.7085821032524109
        ],
        "focal_length": 50.0,
        "sensor_width": 36.0,
        "sensor_height": 24.0
    },
    "objects": [
        {
            "object_name": "Cube",
            "bbox_2d": {
                "x_min": 560.9417724609375,
                "y_min": 126.37099027633667,
                "x_max": 1420.7674026489258,
                "y_max": 1018.6819097399712,
                "width": 859.8256301879883,
                "height": 892.3109194636345,
                "center_x": 990.8545875549316,
                "center_y": 572.5264500081539
            },
            "visible_vertices": 8,
            "total_vertices": 8
        }
    ],
    "metadata": {
        "total_objects": 1,
        "render_settings": {
            "resolution_percentage": 50,
            "file_format": "PNG"
        }
    }
}