{
    "frame": "702",
    "image_filename": "render_702.png",
    "image_resolution": {
        "width": 1920,
        "height": 1080
    },
    "camera_parameters": {
        "intrinsic_matrix": [
            [
                2666.666666666667,
                0,
                960.0
            ],
            [
                0,
                2250.0,
                540.0
            ],
            [
                0,
                0,
                1
            ]
        ],
        "extrinsic_matrix": [
            [
                0.2942736744880676,
                0.9557211995124817,
                -1.6903506150356407e-07,
                0.0035313779953867197
            ],
            [
                -0.01891922391951084,
                0.005825510714203119,
                0.9998041391372681,
                -1.0882633924484253
            ],
            [
                0.9555339813232422,
                -0.2942160367965698,
                0.019795773550868034,
                -11.396272659301758
            ],
            [
                -0.0,
                0.0,
                -0.0,
                1.0
            ]
        ],
        "camera_location": [
            10.86789608001709,
            -3.3500003814697266,
            1.3136483430862427
        ],
        "camera_rotation_euler": [
            1.1093189716339111,
            0.0,
            0.8149281740188599
        ],
        "camera_rotation_quaternion": [
            0.574433445930481,
            0.5631723999977112,
            0.4158594310283661,
            0.4241747260093689
        ],
        "focal_length": 50.0,
        "sensor_width": 36.0,
        "sensor_height": 24.0
    },
    "objects": [
        {
            "object_name": "Cube",
            "bbox_2d": {
                "x_min": 502.9232597351074,
                "y_min": 44.24273729324341,
                "x_max": 1430.3924560546875,
                "y_max": 929.4188815355301,
                "width": 927.4691963195801,
                "height": 885.1761442422867,
                "center_x": 966.6578578948975,
                "center_y": 486.83080941438675
            },
            "visible_vertices": 8,
            "total_vertices": 8
        }
    ],
    "metadata": {
        "total_objects": 1,
        "render_settings": {
            "resolution_percentage": 50,
            "file_format": "PNG"
        }
    }
}