{
    "frame": "24",
    "image_filename": "render_024.png",
    "image_resolution": {
        "width": 1920,
        "height": 1080
    },
    "camera_parameters": {
        "intrinsic_matrix": [
            [
                2666.666666666667,
                0,
                960.0
            ],
            [
                0,
                2250.0,
                540.0
            ],
            [
                0,
                0,
                1
            ]
        ],
        "extrinsic_matrix": [
            [
                0.9973428249359131,
                -0.07285051047801971,
                -1.8626449271863521e-09,
                0.13781578838825226
            ],
            [
                -0.0023714788258075714,
                -0.032466139644384384,
                0.9994699954986572,
                -1.0842050313949585
            ],
            [
                -0.07281190156936646,
                -0.9968142509460449,
                -0.03255263715982437,
                -11.951416969299316
            ],
            [
                -0.0,
                0.0,
                -0.0,
                1.0
            ]
        ],
        "camera_location": [
            -1.0102261304855347,
            -11.93850326538086,
            0.6945803165435791
        ],
        "camera_rotation_euler": [
            1.1093189716339111,
            0.0,
            0.8149281740188599
        ],
        "camera_rotation_quaternion": [
            0.6950403451919556,
            0.718046247959137,
            -0.026189815253019333,
            -0.025350702926516533
        ],
        "focal_length": 50.0,
        "sensor_width": 36.0,
        "sensor_height": 24.0
    },
    "objects": [
        {
            "object_name": "Cube",
            "bbox_2d": {
                "x_min": 562.2553825378418,
                "y_min": 89.50881242752075,
                "x_max": 1442.0562744140625,
                "y_max": 948.6008334159851,
                "width": 879.8008918762207,
                "height": 859.0920209884644,
                "center_x": 1002.1558284759521,
                "center_y": 519.0548229217529
            },
            "visible_vertices": 8,
            "total_vertices": 8
        }
    ],
    "metadata": {
        "total_objects": 1,
        "render_settings": {
            "resolution_percentage": 50,
            "file_format": "PNG"
        }
    }
}