{
    "frame": "541",
    "image_filename": "render_541.png",
    "image_resolution": {
        "width": 1920,
        "height": 1080
    },
    "camera_parameters": {
        "intrinsic_matrix": [
            [
                2666.666666666667,
                0,
                960.0
            ],
            [
                0,
                2250.0,
                540.0
            ],
            [
                0,
                0,
                1
            ]
        ],
        "extrinsic_matrix": [
            [
                -0.6539655923843384,
                0.756524384021759,
                3.72529100900465e-08,
                -0.11729861795902252
            ],
            [
                -0.10930046439170837,
                -0.0944831594824791,
                0.9895082116127014,
                -1.0855122804641724
            ],
            [
                0.7485870718955994,
                0.6471042633056641,
                0.14447712898254395,
                -11.595430374145508
            ],
            [
                -0.0,
                0.0,
                -0.0,
                1.0
            ]
        ],
        "camera_location": [
            8.484830856323242,
            7.489627838134766,
            2.7493979930877686
        ],
        "camera_rotation_euler": [
            1.1093189716339111,
            0.0,
            0.8149281740188599
        ],
        "camera_rotation_quaternion": [
            0.3146539628505707,
            0.2720479965209961,
            0.5947699546813965,
            0.6879181861877441
        ],
        "focal_length": 50.0,
        "sensor_width": 36.0,
        "sensor_height": 24.0
    },
    "objects": [
        {
            "object_name": "Cube",
            "bbox_2d": {
                "x_min": 431.06337547302246,
                "y_min": 89.20278310775757,
                "x_max": 1446.1664199829102,
                "y_max": 977.2353431582451,
                "width": 1015.1030445098877,
                "height": 888.0325600504875,
                "center_x": 938.6148977279663,
                "center_y": 533.2190631330013
            },
            "visible_vertices": 8,
            "total_vertices": 8
        }
    ],
    "metadata": {
        "total_objects": 1,
        "render_settings": {
            "resolution_percentage": 50,
            "file_format": "PNG"
        }
    }
}