{
    "frame": "4",
    "image_filename": "render_004.png",
    "image_resolution": {
        "width": 1920,
        "height": 1080
    },
    "camera_parameters": {
        "intrinsic_matrix": [
            [
                2666.666666666667,
                0,
                960.0
            ],
            [
                0,
                2250.0,
                540.0
            ],
            [
                0,
                0,
                1
            ]
        ],
        "extrinsic_matrix": [
            [
                -0.48476529121398926,
                0.8746441602706909,
                2.9802315282267955e-08,
                -0.09887649863958359
            ],
            [
                -0.27645981311798096,
                -0.1532258838415146,
                0.948731541633606,
                -1.061646580696106
            ],
            [
                0.8298025727272034,
                0.4599122405052185,
                0.316082626581192,
                -12.263060569763184
            ],
            [
                -0.0,
                -0.0,
                -0.0,
                1.0
            ]
        ],
        "camera_location": [
            9.834486961364746,
            5.563742160797119,
            4.883358478546143
        ],
        "camera_rotation_euler": [
            1.1093189716339111,
            0.0,
            0.8149281740188599
        ],
        "camera_rotation_quaternion": [
            0.4117315411567688,
            0.2968071401119232,
            0.5038493871688843,
            0.6989409923553467
        ],
        "focal_length": 50.0,
        "sensor_width": 36.0,
        "sensor_height": 24.0
    },
    "objects": [
        {
            "object_name": "Cube",
            "bbox_2d": {
                "x_min": 481.31189346313477,
                "y_min": 144.07871961593628,
                "x_max": 1381.7641067504883,
                "y_max": 1007.1884778141975,
                "width": 900.4522132873535,
                "height": 863.1097581982613,
                "center_x": 931.5380001068115,
                "center_y": 575.6335987150669
            },
            "visible_vertices": 8,
            "total_vertices": 8
        }
    ],
    "metadata": {
        "total_objects": 1,
        "render_settings": {
            "resolution_percentage": 50,
            "file_format": "PNG"
        }
    }
}