{
    "frame": "46",
    "image_filename": "render_046.png",
    "image_resolution": {
        "width": 1920,
        "height": 1080
    },
    "camera_parameters": {
        "intrinsic_matrix": [
            [
                2666.666666666667,
                0,
                960.0
            ],
            [
                0,
                2250.0,
                540.0
            ],
            [
                0,
                0,
                1
            ]
        ],
        "extrinsic_matrix": [
            [
                -0.8242496848106384,
                -0.5662263035774231,
                1.3411042232291948e-07,
                -0.09009459614753723
            ],
            [
                0.15739962458610535,
                -0.22912472486495972,
                0.9605867862701416,
                -1.0128835439682007
            ],
            [
                -0.5439095497131348,
                0.7917634844779968,
                0.27797994017601013,
                -12.420312881469727
            ],
            [
                -0.0,
                0.0,
                -0.0,
                1.0
            ]
        ],
        "camera_location": [
            -6.670360565185547,
            9.550861358642578,
            4.425559997558594
        ],
        "camera_rotation_euler": [
            1.1093189716339111,
            0.0,
            0.8149281740188599
        ],
        "camera_rotation_quaternion": [
            0.23696273565292358,
            0.1781117022037506,
            -0.5738347172737122,
            -0.7634387016296387
        ],
        "focal_length": 50.0,
        "sensor_width": 36.0,
        "sensor_height": 24.0
    },
    "objects": [
        {
            "object_name": "Cube",
            "bbox_2d": {
                "x_min": 535.2528762817383,
                "y_min": 80.48963785171509,
                "x_max": 1390.6704711914062,
                "y_max": 1055.894870236516,
                "width": 855.417594909668,
                "height": 975.4052323848009,
                "center_x": 962.9616737365723,
                "center_y": 568.1922540441155
            },
            "visible_vertices": 8,
            "total_vertices": 8
        }
    ],
    "metadata": {
        "total_objects": 1,
        "render_settings": {
            "resolution_percentage": 50,
            "file_format": "PNG"
        }
    }
}