{
    "frame": "925",
    "image_filename": "render_925.png",
    "image_resolution": {
        "width": 1920,
        "height": 1080
    },
    "camera_parameters": {
        "intrinsic_matrix": [
            [
                2666.666666666667,
                0,
                960.0
            ],
            [
                0,
                2250.0,
                540.0
            ],
            [
                0,
                0,
                1
            ]
        ],
        "extrinsic_matrix": [
            [
                0.43917250633239746,
                -0.8984028100967407,
                1.3224781980625266e-07,
                0.09360504150390625
            ],
            [
                -0.03011183626949787,
                -0.014719688333570957,
                0.9994381666183472,
                -1.0886003971099854
            ],
            [
                -0.8978980183601379,
                -0.4389258325099945,
                -0.03351706638932228,
                -11.58385944366455
            ],
            [
                -0.0,
                0.0,
                -0.0,
                1.0
            ]
        ],
        "camera_location": [
            -10.47501277923584,
            -5.016383171081543,
            0.6997321844100952
        ],
        "camera_rotation_euler": [
            1.1093189716339111,
            0.0,
            0.8149281740188599
        ],
        "camera_rotation_quaternion": [
            0.5896896719932556,
            0.609796941280365,
            -0.38066548109054565,
            -0.3681134581565857
        ],
        "focal_length": 50.0,
        "sensor_width": 36.0,
        "sensor_height": 24.0
    },
    "objects": [
        {
            "object_name": "Cube",
            "bbox_2d": {
                "x_min": 456.6646957397461,
                "y_min": 131.9257378578186,
                "x_max": 1375.2236938476562,
                "y_max": 1009.1371294856071,
                "width": 918.5589981079102,
                "height": 877.2113916277885,
                "center_x": 915.9441947937012,
                "center_y": 570.5314336717129
            },
            "visible_vertices": 8,
            "total_vertices": 8
        }
    ],
    "metadata": {
        "total_objects": 1,
        "render_settings": {
            "resolution_percentage": 50,
            "file_format": "PNG"
        }
    }
}