{
    "frame": "128",
    "image_filename": "render_128.png",
    "image_resolution": {
        "width": 1920,
        "height": 1080
    },
    "camera_parameters": {
        "intrinsic_matrix": [
            [
                2666.666666666667,
                0,
                960.0
            ],
            [
                0,
                2250.0,
                540.0
            ],
            [
                0,
                0,
                1
            ]
        ],
        "extrinsic_matrix": [
            [
                0.7858348488807678,
                0.6184364557266235,
                1.4901161193847656e-08,
                0.08290757238864899
            ],
            [
                -0.18358875811100006,
                0.23328255116939545,
                0.9549211263656616,
                -1.0704749822616577
            ],
            [
                0.5905579924583435,
                -0.7504103183746338,
                0.2968595325946808,
                -11.729164123535156
            ],
            [
                -0.0,
                0.0,
                -0.0,
                1.0
            ]
        ],
        "camera_location": [
            6.665073394775391,
            -8.603235244750977,
            4.504133224487305
        ],
        "camera_rotation_euler": [
            1.1093189716339111,
            0.0,
            0.8149281740188599
        ],
        "camera_rotation_quaternion": [
            0.7609167098999023,
            0.5602884888648987,
            0.19402846693992615,
            0.2635062336921692
        ],
        "focal_length": 50.0,
        "sensor_width": 36.0,
        "sensor_height": 24.0
    },
    "objects": [
        {
            "object_name": "Cube",
            "bbox_2d": {
                "x_min": 487.060546875,
                "y_min": 145.18368244171143,
                "x_max": 1388.822135925293,
                "y_max": 905.8795040845871,
                "width": 901.761589050293,
                "height": 760.6958216428757,
                "center_x": 937.9413414001465,
                "center_y": 525.5315932631493
            },
            "visible_vertices": 8,
            "total_vertices": 8
        }
    ],
    "metadata": {
        "total_objects": 1,
        "render_settings": {
            "resolution_percentage": 50,
            "file_format": "PNG"
        }
    }
}