{
    "frame": "172",
    "image_filename": "render_172.png",
    "image_resolution": {
        "width": 1920,
        "height": 1080
    },
    "camera_parameters": {
        "intrinsic_matrix": [
            [
                2666.666666666667,
                0,
                960.0
            ],
            [
                0,
                2250.0,
                540.0
            ],
            [
                0,
                0,
                1
            ]
        ],
        "extrinsic_matrix": [
            [
                -0.8652665615081787,
                -0.5013118386268616,
                -4.656611807263289e-08,
                -0.09811463952064514
            ],
            [
                0.023821454495191574,
                -0.04111597687005997,
                0.9988702535629272,
                -1.0796805620193481
            ],
            [
                -0.5007455945014954,
                0.8642891645431519,
                0.047518353909254074,
                -11.667581558227539
            ],
            [
                0.0,
                0.0,
                -0.0,
                1.0
            ]
        ],
        "camera_location": [
            -5.90166711807251,
            9.99058723449707,
            1.6328842639923096
        ],
        "camera_rotation_euler": [
            1.1093189716339111,
            0.0,
            0.8149281740188599
        ],
        "camera_rotation_quaternion": [
            0.18784013390541077,
            0.1791166365146637,
            -0.6664518713951111,
            -0.6989100575447083
        ],
        "focal_length": 50.0,
        "sensor_width": 36.0,
        "sensor_height": 24.0
    },
    "objects": [
        {
            "object_name": "Cube",
            "bbox_2d": {
                "x_min": 505.2846908569336,
                "y_min": 125.45541286468506,
                "x_max": 1385.4390335083008,
                "y_max": 1045.4004411399364,
                "width": 880.1543426513672,
                "height": 919.9450282752514,
                "center_x": 945.3618621826172,
                "center_y": 585.4279270023108
            },
            "visible_vertices": 8,
            "total_vertices": 8
        }
    ],
    "metadata": {
        "total_objects": 1,
        "render_settings": {
            "resolution_percentage": 50,
            "file_format": "PNG"
        }
    }
}