{
    "frame": "554",
    "image_filename": "render_554.png",
    "image_resolution": {
        "width": 1920,
        "height": 1080
    },
    "camera_parameters": {
        "intrinsic_matrix": [
            [
                2666.666666666667,
                0,
                960.0
            ],
            [
                0,
                2250.0,
                540.0
            ],
            [
                0,
                0,
                1
            ]
        ],
        "extrinsic_matrix": [
            [
                -0.4600057601928711,
                -0.8879159688949585,
                -6.705522537231445e-08,
                -0.028547514230012894
            ],
            [
                0.11321020126342773,
                -0.058651287108659744,
                0.9918384552001953,
                -1.059273600578308
            ],
            [
                -0.880669116973877,
                0.4562514126300812,
                0.12750107049942017,
                -11.790359497070312
            ],
            [
                0.0,
                0.0,
                -0.0,
                1.0
            ]
        ],
        "camera_location": [
            -10.276617050170898,
            5.291892051696777,
            2.5539116859436035
        ],
        "camera_rotation_euler": [
            1.1093189716339111,
            0.0,
            0.8149281740188599
        ],
        "camera_rotation_quaternion": [
            0.3901423513889313,
            0.34319984912872314,
            -0.5643256306648254,
            -0.6415135264396667
        ],
        "focal_length": 50.0,
        "sensor_width": 36.0,
        "sensor_height": 24.0
    },
    "objects": [
        {
            "object_name": "Cube",
            "bbox_2d": {
                "x_min": 482.3836898803711,
                "y_min": 103.15383195877075,
                "x_max": 1418.507423400879,
                "y_max": 1072.1722879819572,
                "width": 936.1237335205078,
                "height": 969.0184560231864,
                "center_x": 950.445556640625,
                "center_y": 587.663059970364
            },
            "visible_vertices": 8,
            "total_vertices": 8
        }
    ],
    "metadata": {
        "total_objects": 1,
        "render_settings": {
            "resolution_percentage": 50,
            "file_format": "PNG"
        }
    }
}