{
    "frame": "150",
    "image_filename": "render_150.png",
    "image_resolution": {
        "width": 1920,
        "height": 1080
    },
    "camera_parameters": {
        "intrinsic_matrix": [
            [
                2666.666666666667,
                0,
                960.0
            ],
            [
                0,
                2250.0,
                540.0
            ],
            [
                0,
                0,
                1
            ]
        ],
        "extrinsic_matrix": [
            [
                -0.30688509345054626,
                0.9517466425895691,
                1.4901162970204496e-08,
                -0.07772185653448105
            ],
            [
                0.0716869905591011,
                0.02311498112976551,
                0.9971593618392944,
                -1.073778748512268
            ],
            [
                0.9490429759025574,
                0.306013286113739,
                -0.07532155513763428,
                -11.316691398620605
            ],
            [
                -0.0,
                -0.0,
                -0.0,
                1.0
            ]
        ],
        "camera_location": [
            10.793149948120117,
            3.561850070953369,
            0.2183384895324707
        ],
        "camera_rotation_euler": [
            1.1093189716339111,
            0.0,
            0.8149281740188599
        ],
        "camera_rotation_quaternion": [
            0.4002837538719177,
            0.431659996509552,
            0.5927312970161438,
            0.5496472716331482
        ],
        "focal_length": 50.0,
        "sensor_width": 36.0,
        "sensor_height": 24.0
    },
    "objects": [
        {
            "object_name": "Cube",
            "bbox_2d": {
                "x_min": 487.53793716430664,
                "y_min": 51.21150255203247,
                "x_max": 1361.8583679199219,
                "y_max": 968.8656038045883,
                "width": 874.3204307556152,
                "height": 917.6541012525558,
                "center_x": 924.6981525421143,
                "center_y": 510.0385531783104
            },
            "visible_vertices": 8,
            "total_vertices": 8
        }
    ],
    "metadata": {
        "total_objects": 1,
        "render_settings": {
            "resolution_percentage": 50,
            "file_format": "PNG"
        }
    }
}