{
    "frame": "643",
    "image_filename": "render_643.png",
    "image_resolution": {
        "width": 1920,
        "height": 1080
    },
    "camera_parameters": {
        "intrinsic_matrix": [
            [
                2666.666666666667,
                0,
                960.0
            ],
            [
                0,
                2250.0,
                540.0
            ],
            [
                0,
                0,
                1
            ]
        ],
        "extrinsic_matrix": [
            [
                0.606414258480072,
                -0.7951488494873047,
                -6.70552182668871e-08,
                0.11232823133468628
            ],
            [
                -0.09332825988531113,
                -0.07117611169815063,
                0.9930880069732666,
                -1.0881224870681763
            ],
            [
                -0.7896527647972107,
                -0.6022226810455322,
                -0.1173720434308052,
                -11.471955299377441
            ],
            [
                -0.0,
                0.0,
                -0.0,
                1.0
            ]
        ],
        "camera_location": [
            -9.228532791137695,
            -6.896803855895996,
            -0.26588594913482666
        ],
        "camera_rotation_euler": [
            1.1093189716339111,
            0.0,
            0.8149281740188599
        ],
        "camera_rotation_quaternion": [
            0.5953709483146667,
            0.6698810458183289,
            -0.33158019185066223,
            -0.29469892382621765
        ],
        "focal_length": 50.0,
        "sensor_width": 36.0,
        "sensor_height": 24.0
    },
    "objects": [
        {
            "object_name": "Cube",
            "bbox_2d": {
                "x_min": 433.5014247894287,
                "y_min": 114.6469259262085,
                "x_max": 1431.2596893310547,
                "y_max": 994.1500291228294,
                "width": 997.758264541626,
                "height": 879.5031031966209,
                "center_x": 932.3805570602417,
                "center_y": 554.398477524519
            },
            "visible_vertices": 8,
            "total_vertices": 8
        }
    ],
    "metadata": {
        "total_objects": 1,
        "render_settings": {
            "resolution_percentage": 50,
            "file_format": "PNG"
        }
    }
}