{
    "frame": "98",
    "image_filename": "render_098.png",
    "image_resolution": {
        "width": 1920,
        "height": 1080
    },
    "camera_parameters": {
        "intrinsic_matrix": [
            [
                2666.666666666667,
                0,
                960.0
            ],
            [
                0,
                2250.0,
                540.0
            ],
            [
                0,
                0,
                1
            ]
        ],
        "extrinsic_matrix": [
            [
                -0.966540515422821,
                -0.2565132975578308,
                4.4703469370688254e-08,
                -0.12112922221422195
            ],
            [
                0.03603361174464226,
                -0.1357741504907608,
                0.9900842308998108,
                -1.0648908615112305
            ],
            [
                -0.25396981835365295,
                0.956956684589386,
                0.14047452807426453,
                -11.73861026763916
            ],
            [
                -0.0,
                0.0,
                -0.0,
                1.0
            ]
        ],
        "camera_location": [
            -3.059957265853882,
            11.057686805725098,
            2.70330548286438
        ],
        "camera_rotation_euler": [
            1.1093189716339111,
            0.0,
            0.8149281740188599
        ],
        "camera_rotation_quaternion": [
            0.09767229855060577,
            0.08479256927967072,
            -0.6500561833381653,
            -0.7487972974777222
        ],
        "focal_length": 50.0,
        "sensor_width": 36.0,
        "sensor_height": 24.0
    },
    "objects": [
        {
            "object_name": "Cube",
            "bbox_2d": {
                "x_min": 536.0358810424805,
                "y_min": 97.2315788269043,
                "x_max": 1367.779312133789,
                "y_max": 1043.2645002007484,
                "width": 831.7434310913086,
                "height": 946.0329213738441,
                "center_x": 951.9075965881348,
                "center_y": 570.2480395138264
            },
            "visible_vertices": 8,
            "total_vertices": 8
        }
    ],
    "metadata": {
        "total_objects": 1,
        "render_settings": {
            "resolution_percentage": 50,
            "file_format": "PNG"
        }
    }
}