{
    "frame": "696",
    "image_filename": "render_696.png",
    "image_resolution": {
        "width": 1920,
        "height": 1080
    },
    "camera_parameters": {
        "intrinsic_matrix": [
            [
                2666.666666666667,
                0,
                960.0
            ],
            [
                0,
                2250.0,
                540.0
            ],
            [
                0,
                0,
                1
            ]
        ],
        "extrinsic_matrix": [
            [
                0.48658493161201477,
                -0.8736332654953003,
                -5.494801769145852e-08,
                0.09908518940210342
            ],
            [
                -0.02888258546590805,
                -0.016086606308817863,
                0.9994533061981201,
                -1.0884013175964355
            ],
            [
                -0.8731557726860046,
                -0.4863188564777374,
                -0.033060237765312195,
                -11.579203605651855
            ],
            [
                -0.0,
                0.0,
                -0.0,
                1.0
            ]
        ],
        "camera_location": [
            -10.19009780883789,
            -5.562131881713867,
            0.7049944996833801
        ],
        "camera_rotation_euler": [
            1.1093189716339111,
            0.0,
            0.8149281740188599
        ],
        "camera_rotation_quaternion": [
            0.59946608543396,
            0.6196232438087463,
            -0.36413896083831787,
            -0.3522930145263672
        ],
        "focal_length": 50.0,
        "sensor_width": 36.0,
        "sensor_height": 24.0
    },
    "objects": [
        {
            "object_name": "Cube",
            "bbox_2d": {
                "x_min": 447.17342376708984,
                "y_min": 129.2196249961853,
                "x_max": 1391.004409790039,
                "y_max": 1006.9241541624069,
                "width": 943.8309860229492,
                "height": 877.7045291662216,
                "center_x": 919.0889167785645,
                "center_y": 568.0718895792961
            },
            "visible_vertices": 8,
            "total_vertices": 8
        }
    ],
    "metadata": {
        "total_objects": 1,
        "render_settings": {
            "resolution_percentage": 50,
            "file_format": "PNG"
        }
    }
}