{
    "frame": "607",
    "image_filename": "render_607.png",
    "image_resolution": {
        "width": 1920,
        "height": 1080
    },
    "camera_parameters": {
        "intrinsic_matrix": [
            [
                2666.666666666667,
                0,
                960.0
            ],
            [
                0,
                2250.0,
                540.0
            ],
            [
                0,
                0,
                1
            ]
        ],
        "extrinsic_matrix": [
            [
                0.439397394657135,
                -0.8982927203178406,
                -2.2351741790771484e-08,
                0.09363037347793579
            ],
            [
                0.19552846252918243,
                0.09564213454723358,
                0.9760231375694275,
                -1.0368196964263916
            ],
            [
                -0.8767545223236084,
                -0.428862065076828,
                0.21766667068004608,
                -11.854087829589844
            ],
            [
                -0.0,
                0.0,
                -0.0,
                1.0
            ]
        ],
        "camera_location": [
            -10.231538772583008,
            -4.900496959686279,
            3.59220027923584
        ],
        "camera_rotation_euler": [
            1.1093189716339111,
            0.0,
            0.8149281740188599
        ],
        "camera_rotation_quaternion": [
            0.6619490385055542,
            0.5305866003036499,
            -0.3311261236667633,
            -0.4131062626838684
        ],
        "focal_length": 50.0,
        "sensor_width": 36.0,
        "sensor_height": 24.0
    },
    "objects": [
        {
            "object_name": "Cube",
            "bbox_2d": {
                "x_min": 449.60174560546875,
                "y_min": 83.03617000579834,
                "x_max": 1370.6437683105469,
                "y_max": 1021.7536050081253,
                "width": 921.0420227050781,
                "height": 938.717435002327,
                "center_x": 910.1227569580078,
                "center_y": 552.3948875069618
            },
            "visible_vertices": 8,
            "total_vertices": 8
        }
    ],
    "metadata": {
        "total_objects": 1,
        "render_settings": {
            "resolution_percentage": 50,
            "file_format": "PNG"
        }
    }
}