{
    "frame": "75",
    "image_filename": "render_075.png",
    "image_resolution": {
        "width": 1920,
        "height": 1080
    },
    "camera_parameters": {
        "intrinsic_matrix": [
            [
                2666.666666666667,
                0,
                960.0
            ],
            [
                0,
                2250.0,
                540.0
            ],
            [
                0,
                0,
                1
            ]
        ],
        "extrinsic_matrix": [
            [
                0.4908768832683563,
                0.8712289333343506,
                -1.0430813546236095e-07,
                0.03336290270090103
            ],
            [
                -0.22006414830684662,
                0.12399091571569443,
                0.9675732851028442,
                -1.0849982500076294
            ],
            [
                0.8429778218269348,
                -0.4749593436717987,
                0.25259050726890564,
                -12.156820297241211
            ],
            [
                -0.0,
                0.0,
                -0.0,
                1.0
            ]
        ],
        "camera_location": [
            9.99278450012207,
            -5.668532371520996,
            4.120512962341309
        ],
        "camera_rotation_euler": [
            1.1093189716339111,
            0.0,
            0.8149281740188599
        ],
        "camera_rotation_quaternion": [
            0.6832748651504517,
            0.527800977230072,
            0.308432936668396,
            0.39928770065307617
        ],
        "focal_length": 50.0,
        "sensor_width": 36.0,
        "sensor_height": 24.0
    },
    "objects": [
        {
            "object_name": "Cube",
            "bbox_2d": {
                "x_min": 520.4953765869141,
                "y_min": 148.00643920898438,
                "x_max": 1402.1691513061523,
                "y_max": 866.1679190397263,
                "width": 881.6737747192383,
                "height": 718.1614798307419,
                "center_x": 961.3322639465332,
                "center_y": 507.0871791243553
            },
            "visible_vertices": 8,
            "total_vertices": 8
        }
    ],
    "metadata": {
        "total_objects": 1,
        "render_settings": {
            "resolution_percentage": 50,
            "file_format": "PNG"
        }
    }
}