{
    "frame": "972",
    "image_filename": "render_972.png",
    "image_resolution": {
        "width": 1920,
        "height": 1080
    },
    "camera_parameters": {
        "intrinsic_matrix": [
            [
                2666.666666666667,
                0,
                960.0
            ],
            [
                0,
                2250.0,
                540.0
            ],
            [
                0,
                0,
                1
            ]
        ],
        "extrinsic_matrix": [
            [
                -0.266902357339859,
                -0.9637234210968018,
                -3.3178356062535386e-08,
                0.00047974244807846844
            ],
            [
                0.005798441357910633,
                -0.001605801284313202,
                0.9999818205833435,
                -1.0848274230957031
            ],
            [
                -0.9637059569358826,
                0.26689761877059937,
                0.006016822066158056,
                -11.662511825561523
            ],
            [
                -0.0,
                0.0,
                -0.0,
                1.0
            ]
        ],
        "camera_location": [
            -11.232816696166992,
            3.1114163398742676,
            1.154977560043335
        ],
        "camera_rotation_euler": [
            1.1093189716339111,
            0.0,
            0.8149281740188599
        ],
        "camera_rotation_quaternion": [
            0.42939162254333496,
            0.4268157482147217,
            -0.5610882043838501,
            -0.56447434425354
        ],
        "focal_length": 50.0,
        "sensor_width": 36.0,
        "sensor_height": 24.0
    },
    "objects": [
        {
            "object_name": "Cube",
            "bbox_2d": {
                "x_min": 504.9908638000488,
                "y_min": 141.49530172348022,
                "x_max": 1430.2870559692383,
                "y_max": 1042.0105339586735,
                "width": 925.2961921691895,
                "height": 900.5152322351933,
                "center_x": 967.6389598846436,
                "center_y": 591.7529178410769
            },
            "visible_vertices": 8,
            "total_vertices": 8
        }
    ],
    "metadata": {
        "total_objects": 1,
        "render_settings": {
            "resolution_percentage": 50,
            "file_format": "PNG"
        }
    }
}