{
    "frame": "269",
    "image_filename": "render_269.png",
    "image_resolution": {
        "width": 1920,
        "height": 1080
    },
    "camera_parameters": {
        "intrinsic_matrix": [
            [
                2666.666666666667,
                0,
                960.0
            ],
            [
                0,
                2250.0,
                540.0
            ],
            [
                0,
                0,
                1
            ]
        ],
        "extrinsic_matrix": [
            [
                0.880529522895813,
                -0.47399115562438965,
                -1.0058280253133489e-07,
                0.13724130392074585
            ],
            [
                -0.04337581992149353,
                -0.08057896047830582,
                0.9958038330078125,
                -1.0839519500732422
            ],
            [
                -0.4720022678375244,
                -0.8768346905708313,
                -0.09151189774274826,
                -11.44658374786377
            ],
            [
                -0.0,
                0.0,
                -0.0,
                1.0
            ]
        ],
        "camera_location": [
            -5.570677280426025,
            -10.05905818939209,
            0.03190474957227707
        ],
        "camera_rotation_euler": [
            1.1093189716339111,
            0.0,
            0.8149281740188599
        ],
        "camera_rotation_quaternion": [
            0.6535363793373108,
            0.7163484692573547,
            -0.1805570274591446,
            -0.1647251397371292
        ],
        "focal_length": 50.0,
        "sensor_width": 36.0,
        "sensor_height": 24.0
    },
    "objects": [
        {
            "object_name": "Cube",
            "bbox_2d": {
                "x_min": 450.82122802734375,
                "y_min": 100.83440780639648,
                "x_max": 1495.4681396484375,
                "y_max": 985.8346527814865,
                "width": 1044.6469116210938,
                "height": 885.00024497509,
                "center_x": 973.1446838378906,
                "center_y": 543.3345302939415
            },
            "visible_vertices": 8,
            "total_vertices": 8
        }
    ],
    "metadata": {
        "total_objects": 1,
        "render_settings": {
            "resolution_percentage": 50,
            "file_format": "PNG"
        }
    }
}