{
    "frame": "148",
    "image_filename": "render_148.png",
    "image_resolution": {
        "width": 1920,
        "height": 1080
    },
    "camera_parameters": {
        "intrinsic_matrix": [
            [
                2666.666666666667,
                0,
                960.0
            ],
            [
                0,
                2250.0,
                540.0
            ],
            [
                0,
                0,
                1
            ]
        ],
        "extrinsic_matrix": [
            [
                -0.994642436504364,
                0.10337239503860474,
                -7.823104652970869e-08,
                -0.13860973715782166
            ],
            [
                -0.0333547405898571,
                -0.32093632221221924,
                0.9465131163597107,
                -1.0199466943740845
            ],
            [
                0.09784330427646637,
                0.9414423704147339,
                0.3226652443408966,
                -11.888185501098633
            ],
            [
                -0.0,
                -0.0,
                -0.0,
                1.0
            ]
        ],
        "camera_location": [
            0.9912924766540527,
            10.879034042358398,
            4.801294326782227
        ],
        "camera_rotation_euler": [
            1.1093189716339111,
            0.0,
            0.8149281740188599
        ],
        "camera_rotation_quaternion": [
            0.04208888113498688,
            0.030119189992547035,
            0.581171452999115,
            0.8121336102485657
        ],
        "focal_length": 50.0,
        "sensor_width": 36.0,
        "sensor_height": 24.0
    },
    "objects": [
        {
            "object_name": "Cube",
            "bbox_2d": {
                "x_min": 542.0664596557617,
                "y_min": 74.03360366821289,
                "x_max": 1477.8765106201172,
                "y_max": 1002.8381976485252,
                "width": 935.8100509643555,
                "height": 928.8045939803123,
                "center_x": 1009.9714851379395,
                "center_y": 538.4359006583691
            },
            "visible_vertices": 8,
            "total_vertices": 8
        }
    ],
    "metadata": {
        "total_objects": 1,
        "render_settings": {
            "resolution_percentage": 50,
            "file_format": "PNG"
        }
    }
}