{
    "frame": "772",
    "image_filename": "render_772.png",
    "image_resolution": {
        "width": 1920,
        "height": 1080
    },
    "camera_parameters": {
        "intrinsic_matrix": [
            [
                2666.666666666667,
                0,
                960.0
            ],
            [
                0,
                2250.0,
                540.0
            ],
            [
                0,
                0,
                1
            ]
        ],
        "extrinsic_matrix": [
            [
                -0.9700151085853577,
                0.24304506182670593,
                -5.960465898624534e-08,
                -0.1405823528766632
            ],
            [
                -0.057635724544525146,
                -0.23002928495407104,
                0.9714756011962891,
                -1.0537848472595215
            ],
            [
                0.2361122965812683,
                0.942345917224884,
                0.23713983595371246,
                -11.776644706726074
            ],
            [
                -0.0,
                -0.0,
                -0.0,
                1.0
            ]
        ],
        "camera_location": [
            2.583507537841797,
            10.889437675476074,
            3.8164381980895996
        ],
        "camera_rotation_euler": [
            1.1093189716339111,
            0.0,
            0.8149281740188599
        ],
        "camera_rotation_quaternion": [
            0.09630115330219269,
            0.0756213366985321,
            0.6129531264305115,
            0.7805742621421814
        ],
        "focal_length": 50.0,
        "sensor_width": 36.0,
        "sensor_height": 24.0
    },
    "objects": [
        {
            "object_name": "Cube",
            "bbox_2d": {
                "x_min": 503.2954788208008,
                "y_min": 85.19948959350586,
                "x_max": 1495.4395294189453,
                "y_max": 991.8013393878937,
                "width": 992.1440505981445,
                "height": 906.6018497943878,
                "center_x": 999.367504119873,
                "center_y": 538.5004144906998
            },
            "visible_vertices": 8,
            "total_vertices": 8
        }
    ],
    "metadata": {
        "total_objects": 1,
        "render_settings": {
            "resolution_percentage": 50,
            "file_format": "PNG"
        }
    }
}