{
    "frame": "844",
    "image_filename": "render_844.png",
    "image_resolution": {
        "width": 1920,
        "height": 1080
    },
    "camera_parameters": {
        "intrinsic_matrix": [
            [
                2666.666666666667,
                0,
                960.0
            ],
            [
                0,
                2250.0,
                540.0
            ],
            [
                0,
                0,
                1
            ]
        ],
        "extrinsic_matrix": [
            [
                -0.8278946876525879,
                -0.5608837008476257,
                -1.005828522693264e-07,
                -0.09078934788703918
            ],
            [
                0.01468623336404562,
                -0.021677887067198753,
                0.999657154083252,
                -1.0825084447860718
            ],
            [
                -0.5606913566589355,
                0.8276107907295227,
                0.026184212416410446,
                -11.651144027709961
            ],
            [
                0.0,
                0.0,
                -0.0,
                1.0
            ]
        ],
        "camera_location": [
            -6.591961860656738,
            9.568222999572754,
            1.387213945388794
        ],
        "camera_rotation_euler": [
            1.1093189716339111,
            0.0,
            0.8149281740188599
        ],
        "camera_rotation_quaternion": [
            0.21012601256370544,
            0.20469428598880768,
            -0.6670892834663391,
            -0.6847913265228271
        ],
        "focal_length": 50.0,
        "sensor_width": 36.0,
        "sensor_height": 24.0
    },
    "objects": [
        {
            "object_name": "Cube",
            "bbox_2d": {
                "x_min": 503.2170295715332,
                "y_min": 133.14908266067505,
                "x_max": 1395.2920532226562,
                "y_max": 1043.4374745190144,
                "width": 892.075023651123,
                "height": 910.2883918583393,
                "center_x": 949.2545413970947,
                "center_y": 588.2932785898447
            },
            "visible_vertices": 8,
            "total_vertices": 8
        }
    ],
    "metadata": {
        "total_objects": 1,
        "render_settings": {
            "resolution_percentage": 50,
            "file_format": "PNG"
        }
    }
}