{
    "frame": "293",
    "image_filename": "render_293.png",
    "image_resolution": {
        "width": 1920,
        "height": 1080
    },
    "camera_parameters": {
        "intrinsic_matrix": [
            [
                2666.666666666667,
                0,
                960.0
            ],
            [
                0,
                2250.0,
                540.0
            ],
            [
                0,
                0,
                1
            ]
        ],
        "extrinsic_matrix": [
            [
                -0.4857312738895416,
                0.8741081953048706,
                1.4901162614933128e-07,
                -0.09898746013641357
            ],
            [
                -0.14153549075126648,
                -0.07864972949028015,
                0.9868039488792419,
                -1.0875427722930908
            ],
            [
                0.8625734448432922,
                0.47932150959968567,
                0.161919966340065,
                -11.592556953430176
            ],
            [
                -0.0,
                0.0,
                -0.0,
                1.0
            ]
        ],
        "camera_location": [
            9.797423362731934,
            5.557552337646484,
            2.9502575397491455
        ],
        "camera_rotation_euler": [
            1.1093189716339111,
            0.0,
            0.8149281740188599
        ],
        "camera_rotation_quaternion": [
            0.3865032196044922,
            0.328252375125885,
            0.557934045791626,
            0.6569438576698303
        ],
        "focal_length": 50.0,
        "sensor_width": 36.0,
        "sensor_height": 24.0
    },
    "objects": [
        {
            "object_name": "Cube",
            "bbox_2d": {
                "x_min": 452.15386390686035,
                "y_min": 90.6255555152893,
                "x_max": 1394.1882705688477,
                "y_max": 979.0691694617271,
                "width": 942.0344066619873,
                "height": 888.4436139464378,
                "center_x": 923.171067237854,
                "center_y": 534.8473624885082
            },
            "visible_vertices": 8,
            "total_vertices": 8
        }
    ],
    "metadata": {
        "total_objects": 1,
        "render_settings": {
            "resolution_percentage": 50,
            "file_format": "PNG"
        }
    }
}