{
    "frame": "243",
    "image_filename": "render_243.png",
    "image_resolution": {
        "width": 1920,
        "height": 1080
    },
    "camera_parameters": {
        "intrinsic_matrix": [
            [
                2666.666666666667,
                0,
                960.0
            ],
            [
                0,
                2250.0,
                540.0
            ],
            [
                0,
                0,
                1
            ]
        ],
        "extrinsic_matrix": [
            [
                0.30599573254585266,
                -0.9520326852798462,
                -8.568164844291459e-08,
                0.07760930061340332
            ],
            [
                0.1768978387117386,
                0.056857261806726456,
                0.9825854301452637,
                -1.044994592666626
            ],
            [
                -0.9354535937309265,
                -0.3006668984889984,
                0.18581071496009827,
                -11.832321166992188
            ],
            [
                -0.0,
                0.0,
                -0.0,
                1.0
            ]
        ],
        "camera_location": [
            -10.907480239868164,
            -3.4242870807647705,
            3.2253684997558594
        ],
        "camera_rotation_euler": [
            1.1093189716339111,
            0.0,
            0.8149281740188599
        ],
        "camera_rotation_quaternion": [
            0.6222266554832458,
            0.5155889391899109,
            -0.37584930658340454,
            -0.45358508825302124
        ],
        "focal_length": 50.0,
        "sensor_width": 36.0,
        "sensor_height": 24.0
    },
    "objects": [
        {
            "object_name": "Cube",
            "bbox_2d": {
                "x_min": 485.2519226074219,
                "y_min": 87.33203887939453,
                "x_max": 1356.1208724975586,
                "y_max": 1036.2367250025272,
                "width": 870.8689498901367,
                "height": 948.9046861231327,
                "center_x": 920.6863975524902,
                "center_y": 561.7843819409609
            },
            "visible_vertices": 8,
            "total_vertices": 8
        }
    ],
    "metadata": {
        "total_objects": 1,
        "render_settings": {
            "resolution_percentage": 50,
            "file_format": "PNG"
        }
    }
}