{
    "frame": "660",
    "image_filename": "render_660.png",
    "image_resolution": {
        "width": 1920,
        "height": 1080
    },
    "camera_parameters": {
        "intrinsic_matrix": [
            [
                2666.666666666667,
                0,
                960.0
            ],
            [
                0,
                2250.0,
                540.0
            ],
            [
                0,
                0,
                1
            ]
        ],
        "extrinsic_matrix": [
            [
                0.7613455653190613,
                -0.6483463048934937,
                -4.842877388000488e-08,
                0.12772837281227112
            ],
            [
                0.07681511342525482,
                0.09020301699638367,
                0.9929566383361816,
                -1.0710737705230713
            ],
            [
                -0.6437797546386719,
                -0.7559831142425537,
                0.11847846210002899,
                -11.702423095703125
            ],
            [
                -0.0,
                0.0,
                -0.0,
                1.0
            ]
        ],
        "camera_location": [
            -7.54875373840332,
            -8.667407989501953,
            2.45001482963562
        ],
        "camera_rotation_euler": [
            1.1093189716339111,
            0.0,
            0.8149281740188599
        ],
        "camera_rotation_quaternion": [
            0.7017883062362671,
            0.6230297684669495,
            -0.2293354868888855,
            -0.25832632184028625
        ],
        "focal_length": 50.0,
        "sensor_width": 36.0,
        "sensor_height": 24.0
    },
    "objects": [
        {
            "object_name": "Cube",
            "bbox_2d": {
                "x_min": 423.23741912841797,
                "y_min": 94.1551923751831,
                "x_max": 1467.0608139038086,
                "y_max": 984.104845225811,
                "width": 1043.8233947753906,
                "height": 889.9496528506279,
                "center_x": 945.1491165161133,
                "center_y": 539.130018800497
            },
            "visible_vertices": 8,
            "total_vertices": 8
        }
    ],
    "metadata": {
        "total_objects": 1,
        "render_settings": {
            "resolution_percentage": 50,
            "file_format": "PNG"
        }
    }
}