{
    "frame": "913",
    "image_filename": "render_913.png",
    "image_resolution": {
        "width": 1920,
        "height": 1080
    },
    "camera_parameters": {
        "intrinsic_matrix": [
            [
                2666.666666666667,
                0,
                960.0
            ],
            [
                0,
                2250.0,
                540.0
            ],
            [
                0,
                0,
                1
            ]
        ],
        "extrinsic_matrix": [
            [
                0.8533989787101746,
                0.5212582945823669,
                9.685753354915505e-08,
                0.09574881941080093
            ],
            [
                -0.10407405346632004,
                0.17038896679878235,
                0.9798653721809387,
                -1.0844007730484009
            ],
            [
                0.5107629299163818,
                -0.8362160921096802,
                0.19965922832489014,
                -11.631178855895996
            ],
            [
                -0.0,
                0.0,
                -0.0,
                1.0
            ]
        ],
        "camera_location": [
            5.746203899383545,
            -9.59131908416748,
            3.384838819503784
        ],
        "camera_rotation_euler": [
            1.1093189716339111,
            0.0,
            0.8149281740188599
        ],
        "camera_rotation_quaternion": [
            0.745561420917511,
            0.6089643836021423,
            0.17126785218715668,
            0.20968502759933472
        ],
        "focal_length": 50.0,
        "sensor_width": 36.0,
        "sensor_height": 24.0
    },
    "objects": [
        {
            "object_name": "Cube",
            "bbox_2d": {
                "x_min": 491.1942672729492,
                "y_min": 103.27504634857178,
                "x_max": 1377.8691101074219,
                "y_max": 910.3132921457291,
                "width": 886.6748428344727,
                "height": 807.0382457971573,
                "center_x": 934.5316886901855,
                "center_y": 506.7941692471504
            },
            "visible_vertices": 8,
            "total_vertices": 8
        }
    ],
    "metadata": {
        "total_objects": 1,
        "render_settings": {
            "resolution_percentage": 50,
            "file_format": "PNG"
        }
    }
}