{
    "frame": "409",
    "image_filename": "render_409.png",
    "image_resolution": {
        "width": 1920,
        "height": 1080
    },
    "camera_parameters": {
        "intrinsic_matrix": [
            [
                2666.666666666667,
                0,
                960.0
            ],
            [
                0,
                2250.0,
                540.0
            ],
            [
                0,
                0,
                1
            ]
        ],
        "extrinsic_matrix": [
            [
                0.10916589200496674,
                0.9940236210823059,
                -2.0675363998634566e-07,
                -0.022988690063357353
            ],
            [
                -0.17508462071418762,
                0.0192283745855093,
                0.984365701675415,
                -1.0931569337844849
            ],
            [
                0.9784826636314392,
                -0.10745914280414581,
                0.1761372834444046,
                -11.570000648498535
            ],
            [
                -0.0,
                0.0,
                -0.0,
                1.0
            ]
        ],
        "camera_location": [
            11.132158279418945,
            -1.1994308233261108,
            3.1139745712280273
        ],
        "camera_rotation_euler": [
            1.1093189716339111,
            0.0,
            0.8149281740188599
        ],
        "camera_rotation_quaternion": [
            0.5710804462432861,
            0.47796449065208435,
            0.4283471703529358,
            0.5117965936660767
        ],
        "focal_length": 50.0,
        "sensor_width": 36.0,
        "sensor_height": 24.0
    },
    "objects": [
        {
            "object_name": "Cube",
            "bbox_2d": {
                "x_min": 537.4443054199219,
                "y_min": 94.889817237854,
                "x_max": 1439.4931411743164,
                "y_max": 930.3272974491119,
                "width": 902.0488357543945,
                "height": 835.4374802112579,
                "center_x": 988.4687232971191,
                "center_y": 512.608557343483
            },
            "visible_vertices": 8,
            "total_vertices": 8
        }
    ],
    "metadata": {
        "total_objects": 1,
        "render_settings": {
            "resolution_percentage": 50,
            "file_format": "PNG"
        }
    }
}