{
    "frame": "551",
    "image_filename": "render_551.png",
    "image_resolution": {
        "width": 1920,
        "height": 1080
    },
    "camera_parameters": {
        "intrinsic_matrix": [
            [
                2666.666666666667,
                0,
                960.0
            ],
            [
                0,
                2250.0,
                540.0
            ],
            [
                0,
                0,
                1
            ]
        ],
        "extrinsic_matrix": [
            [
                0.8285188674926758,
                0.5599610805511475,
                7.450579175838357e-08,
                0.09090932458639145
            ],
            [
                -0.013061277568340302,
                0.019325435161590576,
                0.9997278451919556,
                -1.0879004001617432
            ],
            [
                0.5598087310791016,
                -0.8282933831214905,
                0.02332531288266182,
                -11.433392524719238
            ],
            [
                -0.0,
                0.0,
                -0.0,
                1.0
            ]
        ],
        "camera_location": [
            6.310984134674072,
            -9.500086784362793,
            1.3542917966842651
        ],
        "camera_rotation_euler": [
            1.1093189716339111,
            0.0,
            0.8149281740188599
        ],
        "camera_rotation_quaternion": [
            0.683953583240509,
            0.6681818962097168,
            0.20462234318256378,
            0.20945224165916443
        ],
        "focal_length": 50.0,
        "sensor_width": 36.0,
        "sensor_height": 24.0
    },
    "objects": [
        {
            "object_name": "Cube",
            "bbox_2d": {
                "x_min": 500.5063247680664,
                "y_min": 48.34980010986328,
                "x_max": 1392.7062606811523,
                "y_max": 930.8084052801132,
                "width": 892.1999359130859,
                "height": 882.4586051702499,
                "center_x": 946.6062927246094,
                "center_y": 489.57910269498825
            },
            "visible_vertices": 8,
            "total_vertices": 8
        }
    ],
    "metadata": {
        "total_objects": 1,
        "render_settings": {
            "resolution_percentage": 50,
            "file_format": "PNG"
        }
    }
}