{
    "frame": "29",
    "image_filename": "render_029.png",
    "image_resolution": {
        "width": 1920,
        "height": 1080
    },
    "camera_parameters": {
        "intrinsic_matrix": [
            [
                2666.666666666667,
                0,
                960.0
            ],
            [
                0,
                2250.0,
                540.0
            ],
            [
                0,
                0,
                1
            ]
        ],
        "extrinsic_matrix": [
            [
                0.7961232662200928,
                0.6051344275474548,
                1.4901159417490817e-08,
                0.08480722457170486
            ],
            [
                -0.07369142025709152,
                0.09694947302341461,
                0.9925574660301208,
                -1.0912768840789795
            ],
            [
                0.6006307005882263,
                -0.7901980876922607,
                0.12177696079015732,
                -12.035633087158203
            ],
            [
                -0.0,
                0.0,
                -0.0,
                1.0
            ]
        ],
        "camera_location": [
            7.081036567687988,
            -9.456056594848633,
            2.5488178730010986
        ],
        "camera_rotation_euler": [
            1.1093189716339111,
            0.0,
            0.8149281740188599
        ],
        "camera_rotation_quaternion": [
            0.7097270488739014,
            0.6279723048210144,
            0.21157103776931763,
            0.2391151338815689
        ],
        "focal_length": 50.0,
        "sensor_width": 36.0,
        "sensor_height": 24.0
    },
    "objects": [
        {
            "object_name": "Cube",
            "bbox_2d": {
                "x_min": 515.9945297241211,
                "y_min": 98.21648597717285,
                "x_max": 1377.5878143310547,
                "y_max": 882.3146671056747,
                "width": 861.5932846069336,
                "height": 784.0981811285019,
                "center_x": 946.7911720275879,
                "center_y": 490.2655765414238
            },
            "visible_vertices": 8,
            "total_vertices": 8
        }
    ],
    "metadata": {
        "total_objects": 1,
        "render_settings": {
            "resolution_percentage": 50,
            "file_format": "PNG"
        }
    }
}