{
    "frame": "246",
    "image_filename": "render_246.png",
    "image_resolution": {
        "width": 1920,
        "height": 1080
    },
    "camera_parameters": {
        "intrinsic_matrix": [
            [
                2666.666666666667,
                0,
                960.0
            ],
            [
                0,
                2250.0,
                540.0
            ],
            [
                0,
                0,
                1
            ]
        ],
        "extrinsic_matrix": [
            [
                0.8444283604621887,
                -0.5356686115264893,
                -3.259629011154175e-08,
                0.13469694554805756
            ],
            [
                -0.013954643160104752,
                -0.021998131647706032,
                0.9996606111526489,
                -1.086378574371338
            ],
            [
                -0.5354868173599243,
                -0.8441417813301086,
                -0.026050902903079987,
                -11.527496337890625
            ],
            [
                -0.0,
                0.0,
                -0.0,
                1.0
            ]
        ],
        "camera_location": [
            -6.301723480224609,
            -9.682584762573242,
            0.7857081890106201
        ],
        "camera_rotation_euler": [
            1.1093189716339111,
            0.0,
            0.8149281740188599
        ],
        "camera_rotation_quaternion": [
            0.6701453924179077,
            0.6878367066383362,
            -0.1997651606798172,
            -0.19462716579437256
        ],
        "focal_length": 50.0,
        "sensor_width": 36.0,
        "sensor_height": 24.0
    },
    "objects": [
        {
            "object_name": "Cube",
            "bbox_2d": {
                "x_min": 439.3953323364258,
                "y_min": 100.08092164993286,
                "x_max": 1488.34716796875,
                "y_max": 984.5863392949104,
                "width": 1048.9518356323242,
                "height": 884.5054176449776,
                "center_x": 963.8712501525879,
                "center_y": 542.3336304724216
            },
            "visible_vertices": 8,
            "total_vertices": 8
        }
    ],
    "metadata": {
        "total_objects": 1,
        "render_settings": {
            "resolution_percentage": 50,
            "file_format": "PNG"
        }
    }
}