{
    "frame": "728",
    "image_filename": "render_728.png",
    "image_resolution": {
        "width": 1920,
        "height": 1080
    },
    "camera_parameters": {
        "intrinsic_matrix": [
            [
                2666.666666666667,
                0,
                960.0
            ],
            [
                0,
                2250.0,
                540.0
            ],
            [
                0,
                0,
                1
            ]
        ],
        "extrinsic_matrix": [
            [
                -0.910978376865387,
                -0.4124535620212555,
                -1.7439006683162006e-07,
                -0.10768026113510132
            ],
            [
                0.0018839193508028984,
                -0.004161256365478039,
                0.9999895095825195,
                -1.085271954536438
            ],
            [
                -0.41244927048683167,
                0.9109690189361572,
                0.004568119533360004,
                -11.610769271850586
            ],
            [
                0.0,
                0.0,
                -0.0,
                1.0
            ]
        ],
        "camera_location": [
            -4.884904384613037,
            10.528122901916504,
            1.1382968425750732
        ],
        "camera_rotation_euler": [
            1.1093189716339111,
            0.0,
            0.8149281740188599
        ],
        "camera_rotation_quaternion": [
            0.149522602558136,
            0.14884121716022491,
            -0.6896103024482727,
            -0.6927676796913147
        ],
        "focal_length": 50.0,
        "sensor_width": 36.0,
        "sensor_height": 24.0
    },
    "objects": [
        {
            "object_name": "Cube",
            "bbox_2d": {
                "x_min": 508.2967185974121,
                "y_min": 136.58949851989746,
                "x_max": 1364.9736785888672,
                "y_max": 1032.873890697956,
                "width": 856.6769599914551,
                "height": 896.2843921780586,
                "center_x": 936.6351985931396,
                "center_y": 584.7316946089268
            },
            "visible_vertices": 8,
            "total_vertices": 8
        }
    ],
    "metadata": {
        "total_objects": 1,
        "render_settings": {
            "resolution_percentage": 50,
            "file_format": "PNG"
        }
    }
}