{
    "frame": "755",
    "image_filename": "render_755.png",
    "image_resolution": {
        "width": 1920,
        "height": 1080
    },
    "camera_parameters": {
        "intrinsic_matrix": [
            [
                2666.666666666667,
                0,
                960.0
            ],
            [
                0,
                2250.0,
                540.0
            ],
            [
                0,
                0,
                1
            ]
        ],
        "extrinsic_matrix": [
            [
                -0.9251220226287842,
                0.3796696960926056,
                4.470348002882929e-08,
                -0.1396946758031845
            ],
            [
                -0.07921120524406433,
                -0.19301004707813263,
                0.9779941439628601,
                -1.0651925802230835
            ],
            [
                0.3713148236274719,
                0.9047640562057495,
                0.2086319774389267,
                -11.725957870483398
            ],
            [
                -0.0,
                0.0,
                -0.0,
                1.0
            ]
        ],
        "camera_location": [
            4.140411853790283,
            10.456669807434082,
            3.488162040710449
        ],
        "camera_rotation_euler": [
            1.1093189716339111,
            0.0,
            0.8149281740188599
        ],
        "camera_rotation_quaternion": [
            0.15041594207286835,
            0.12171277403831482,
            0.6171466708183289,
            0.7626867294311523
        ],
        "focal_length": 50.0,
        "sensor_width": 36.0,
        "sensor_height": 24.0
    },
    "objects": [
        {
            "object_name": "Cube",
            "bbox_2d": {
                "x_min": 471.53672218322754,
                "y_min": 89.3427300453186,
                "x_max": 1501.5221786499023,
                "y_max": 984.8070582747459,
                "width": 1029.9854564666748,
                "height": 895.4643282294273,
                "center_x": 986.5294504165649,
                "center_y": 537.0748941600323
            },
            "visible_vertices": 8,
            "total_vertices": 8
        }
    ],
    "metadata": {
        "total_objects": 1,
        "render_settings": {
            "resolution_percentage": 50,
            "file_format": "PNG"
        }
    }
}