{
    "frame": "899",
    "image_filename": "render_899.png",
    "image_resolution": {
        "width": 1920,
        "height": 1080
    },
    "camera_parameters": {
        "intrinsic_matrix": [
            [
                2666.666666666667,
                0,
                960.0
            ],
            [
                0,
                2250.0,
                540.0
            ],
            [
                0,
                0,
                1
            ]
        ],
        "extrinsic_matrix": [
            [
                -0.7296285629272461,
                0.6838432550430298,
                4.470345871254722e-08,
                -0.1247820258140564
            ],
            [
                -0.17627957463264465,
                -0.18808194994926453,
                0.966204047203064,
                -1.0657254457473755
            ],
            [
                0.6607322692871094,
                0.7049703001976013,
                0.2577779293060303,
                -11.73253345489502
            ],
            [
                -0.0,
                -0.0,
                -0.0,
                1.0
            ]
        ],
        "camera_location": [
            7.473155975341797,
            8.155976295471191,
            4.054093837738037
        ],
        "camera_rotation_euler": [
            1.1093189716339111,
            0.0,
            0.8149281740188599
        ],
        "camera_rotation_quaternion": [
            0.2915763556957245,
            0.22398412227630615,
            0.5665176510810852,
            0.7374769449234009
        ],
        "focal_length": 50.0,
        "sensor_width": 36.0,
        "sensor_height": 24.0
    },
    "objects": [
        {
            "object_name": "Cube",
            "bbox_2d": {
                "x_min": 434.068021774292,
                "y_min": 99.82922315597534,
                "x_max": 1470.5925750732422,
                "y_max": 1019.0792642533779,
                "width": 1036.5245532989502,
                "height": 919.2500410974026,
                "center_x": 952.3302984237671,
                "center_y": 559.4542437046766
            },
            "visible_vertices": 8,
            "total_vertices": 8
        }
    ],
    "metadata": {
        "total_objects": 1,
        "render_settings": {
            "resolution_percentage": 50,
            "file_format": "PNG"
        }
    }
}