{
    "frame": "36",
    "image_filename": "render_036.png",
    "image_resolution": {
        "width": 1920,
        "height": 1080
    },
    "camera_parameters": {
        "intrinsic_matrix": [
            [
                2666.666666666667,
                0,
                960.0
            ],
            [
                0,
                2250.0,
                540.0
            ],
            [
                0,
                0,
                1
            ]
        ],
        "extrinsic_matrix": [
            [
                -0.8391531705856323,
                0.5438951849937439,
                1.4901161193847656e-07,
                -0.13429489731788635
            ],
            [
                -0.1563822478055954,
                -0.24127589166164398,
                0.9577738046646118,
                -1.0518560409545898
            ],
            [
                0.5209285616874695,
                0.8037188649177551,
                0.28752297163009644,
                -12.286941528320312
            ],
            [
                -0.0,
                0.0,
                -0.0,
                1.0
            ]
        ],
        "camera_location": [
            6.1234331130981445,
            9.694501876831055,
            4.540217876434326
        ],
        "camera_rotation_euler": [
            1.1093189716339111,
            0.0,
            0.8149281740188599
        ],
        "camera_rotation_quaternion": [
            0.2275378704071045,
            0.16926293075084686,
            0.5723535418510437,
            0.7694075703620911
        ],
        "focal_length": 50.0,
        "sensor_width": 36.0,
        "sensor_height": 24.0
    },
    "objects": [
        {
            "object_name": "Cube",
            "bbox_2d": {
                "x_min": 466.97144508361816,
                "y_min": 115.1530909538269,
                "x_max": 1472.9029083251953,
                "y_max": 999.6698302030563,
                "width": 1005.9314632415771,
                "height": 884.5167392492294,
                "center_x": 969.9371767044067,
                "center_y": 557.4114605784416
            },
            "visible_vertices": 8,
            "total_vertices": 8
        }
    ],
    "metadata": {
        "total_objects": 1,
        "render_settings": {
            "resolution_percentage": 50,
            "file_format": "PNG"
        }
    }
}