{
    "frame": "282",
    "image_filename": "render_282.png",
    "image_resolution": {
        "width": 1920,
        "height": 1080
    },
    "camera_parameters": {
        "intrinsic_matrix": [
            [
                2666.666666666667,
                0,
                960.0
            ],
            [
                0,
                2250.0,
                540.0
            ],
            [
                0,
                0,
                1
            ]
        ],
        "extrinsic_matrix": [
            [
                0.4417395293712616,
                0.8971431851387024,
                -8.009372010064908e-08,
                0.025724591687321663
            ],
            [
                -0.047667279839515686,
                0.023470809683203697,
                0.9985873699188232,
                -1.0915066003799438
            ],
            [
                0.8958759903907776,
                -0.44111546874046326,
                0.053132422268390656,
                -11.434959411621094
            ],
            [
                -0.0,
                0.0,
                -0.0,
                1.0
            ]
        ],
        "camera_location": [
            10.180915832519531,
            -5.041599750518799,
            1.6975315809249878
        ],
        "camera_rotation_euler": [
            1.1093189716339111,
            0.0,
            0.8149281740188599
        ],
        "camera_rotation_quaternion": [
            0.616105318069458,
            0.5841952562332153,
            0.36352401971817017,
            0.38338038325309753
        ],
        "focal_length": 50.0,
        "sensor_width": 36.0,
        "sensor_height": 24.0
    },
    "objects": [
        {
            "object_name": "Cube",
            "bbox_2d": {
                "x_min": 492.5321388244629,
                "y_min": 52.33339548110962,
                "x_max": 1418.525161743164,
                "y_max": 916.2728333473206,
                "width": 925.9930229187012,
                "height": 863.9394378662109,
                "center_x": 955.5286502838135,
                "center_y": 484.3031144142151
            },
            "visible_vertices": 8,
            "total_vertices": 8
        }
    ],
    "metadata": {
        "total_objects": 1,
        "render_settings": {
            "resolution_percentage": 50,
            "file_format": "PNG"
        }
    }
}