{
    "frame": "938",
    "image_filename": "render_938.png",
    "image_resolution": {
        "width": 1920,
        "height": 1080
    },
    "camera_parameters": {
        "intrinsic_matrix": [
            [
                2666.666666666667,
                0,
                960.0
            ],
            [
                0,
                2250.0,
                540.0
            ],
            [
                0,
                0,
                1
            ]
        ],
        "extrinsic_matrix": [
            [
                0.8125125765800476,
                0.5829436182975769,
                5.215405352032576e-08,
                0.08786973357200623
            ],
            [
                -0.10893958061933517,
                0.15184104442596436,
                0.9823829531669617,
                -1.087090015411377
            ],
            [
                0.5726739764213562,
                -0.7981984615325928,
                0.18687841296195984,
                -11.61036205291748
            ],
            [
                -0.0,
                0.0,
                -0.0,
                1.0
            ]
        ],
        "camera_location": [
            6.45913028717041,
            -9.153533935546875,
            3.2376649379730225
        ],
        "camera_rotation_euler": [
            1.1093189716339111,
            0.0,
            0.8149281740188599
        ],
        "camera_rotation_quaternion": [
            0.7333540320396423,
            0.606999397277832,
            0.19522427022457123,
            0.23586267232894897
        ],
        "focal_length": 50.0,
        "sensor_width": 36.0,
        "sensor_height": 24.0
    },
    "objects": [
        {
            "object_name": "Cube",
            "bbox_2d": {
                "x_min": 491.87719345092773,
                "y_min": 98.93186330795288,
                "x_max": 1388.734245300293,
                "y_max": 898.069818019867,
                "width": 896.8570518493652,
                "height": 799.1379547119141,
                "center_x": 940.3057193756104,
                "center_y": 498.5008406639099
            },
            "visible_vertices": 8,
            "total_vertices": 8
        }
    ],
    "metadata": {
        "total_objects": 1,
        "render_settings": {
            "resolution_percentage": 50,
            "file_format": "PNG"
        }
    }
}