{
    "frame": "193",
    "image_filename": "render_193.png",
    "image_resolution": {
        "width": 1920,
        "height": 1080
    },
    "camera_parameters": {
        "intrinsic_matrix": [
            [
                2666.666666666667,
                0,
                960.0
            ],
            [
                0,
                2250.0,
                540.0
            ],
            [
                0,
                0,
                1
            ]
        ],
        "extrinsic_matrix": [
            [
                0.5765326023101807,
                0.8170740604400635,
                5.960463056453591e-08,
                0.047019112855196
            ],
            [
                -0.10875467211008072,
                0.07673797756433487,
                0.9911021590232849,
                -1.0936758518218994
            ],
            [
                0.8098039627075195,
                -0.5714026689529419,
                0.13310261070728302,
                -11.528487205505371
            ],
            [
                -0.0,
                0.0,
                -0.0,
                1.0
            ]
        ],
        "camera_location": [
            9.189765930175781,
            -6.541902542114258,
            2.6184163093566895
        ],
        "camera_rotation_euler": [
            1.1093189716339111,
            0.0,
            0.8149281740188599
        ],
        "camera_rotation_quaternion": [
            0.6682764291763306,
            0.5845280289649963,
            0.30294501781463623,
            0.3463495373725891
        ],
        "focal_length": 50.0,
        "sensor_width": 36.0,
        "sensor_height": 24.0
    },
    "objects": [
        {
            "object_name": "Cube",
            "bbox_2d": {
                "x_min": 496.39028549194336,
                "y_min": 78.99199962615967,
                "x_max": 1410.6819534301758,
                "y_max": 886.5686613321304,
                "width": 914.2916679382324,
                "height": 807.5766617059708,
                "center_x": 953.5361194610596,
                "center_y": 482.78033047914505
            },
            "visible_vertices": 8,
            "total_vertices": 8
        }
    ],
    "metadata": {
        "total_objects": 1,
        "render_settings": {
            "resolution_percentage": 50,
            "file_format": "PNG"
        }
    }
}