{
    "frame": "785",
    "image_filename": "render_785.png",
    "image_resolution": {
        "width": 1920,
        "height": 1080
    },
    "camera_parameters": {
        "intrinsic_matrix": [
            [
                2666.666666666667,
                0,
                960.0
            ],
            [
                0,
                2250.0,
                540.0
            ],
            [
                0,
                0,
                1
            ]
        ],
        "extrinsic_matrix": [
            [
                -0.5933672189712524,
                0.8049318194389343,
                -1.862644971595273e-08,
                -0.11093349754810333
            ],
            [
                0.09625762701034546,
                0.07095778733491898,
                0.9928239583969116,
                -1.0675662755966187
            ],
            [
                0.7991556525230408,
                0.5891092419624329,
                -0.11958478391170502,
                -11.299688339233398
            ],
            [
                -0.0,
                0.0,
                0.0,
                1.0
            ]
        ],
        "camera_location": [
            9.067146301269531,
            6.82179594039917,
            -0.2913661599159241
        ],
        "camera_rotation_euler": [
            1.1093189716339111,
            0.0,
            0.8149281740188599
        ],
        "camera_rotation_quaternion": [
            0.2991679012775421,
            0.33736473321914673,
            0.6678154468536377,
            0.5922045111656189
        ],
        "focal_length": 50.0,
        "sensor_width": 36.0,
        "sensor_height": 24.0
    },
    "objects": [
        {
            "object_name": "Cube",
            "bbox_2d": {
                "x_min": 426.93188667297363,
                "y_min": 75.10740995407104,
                "x_max": 1421.2379837036133,
                "y_max": 982.6821291446686,
                "width": 994.3060970306396,
                "height": 907.5747191905975,
                "center_x": 924.0849351882935,
                "center_y": 528.8947695493698
            },
            "visible_vertices": 8,
            "total_vertices": 8
        }
    ],
    "metadata": {
        "total_objects": 1,
        "render_settings": {
            "resolution_percentage": 50,
            "file_format": "PNG"
        }
    }
}