{
    "frame": "386",
    "image_filename": "render_386.png",
    "image_resolution": {
        "width": 1920,
        "height": 1080
    },
    "camera_parameters": {
        "intrinsic_matrix": [
            [
                2666.666666666667,
                0,
                960.0
            ],
            [
                0,
                2250.0,
                540.0
            ],
            [
                0,
                0,
                1
            ]
        ],
        "extrinsic_matrix": [
            [
                -0.45865508913993835,
                0.8886144757270813,
                5.2154071283894154e-08,
                -0.09587162733078003
            ],
            [
                -0.11372006684541702,
                -0.05869626998901367,
                0.9917775392532349,
                -1.089935064315796
            ],
            [
                0.8813077807426453,
                0.45488375425338745,
                0.12797458469867706,
                -11.552237510681152
            ],
            [
                -0.0,
                0.0,
                -0.0,
                1.0
            ]
        ],
        "camera_location": [
            10.013155937194824,
            5.276142120361328,
            2.55936598777771
        ],
        "camera_rotation_euler": [
            1.1093189716339111,
            0.0,
            0.8149281740188599
        ],
        "camera_rotation_quaternion": [
            0.3907119929790497,
            0.34353554248809814,
            0.5639114379882812,
            0.6413513422012329
        ],
        "focal_length": 50.0,
        "sensor_width": 36.0,
        "sensor_height": 24.0
    },
    "objects": [
        {
            "object_name": "Cube",
            "bbox_2d": {
                "x_min": 456.05835914611816,
                "y_min": 84.6932601928711,
                "x_max": 1384.1904830932617,
                "y_max": 964.6726351976395,
                "width": 928.1321239471436,
                "height": 879.9793750047684,
                "center_x": 920.1244211196899,
                "center_y": 524.6829476952553
            },
            "visible_vertices": 8,
            "total_vertices": 8
        }
    ],
    "metadata": {
        "total_objects": 1,
        "render_settings": {
            "resolution_percentage": 50,
            "file_format": "PNG"
        }
    }
}