{
    "frame": "847",
    "image_filename": "render_847.png",
    "image_resolution": {
        "width": 1920,
        "height": 1080
    },
    "camera_parameters": {
        "intrinsic_matrix": [
            [
                2666.666666666667,
                0,
                960.0
            ],
            [
                0,
                2250.0,
                540.0
            ],
            [
                0,
                0,
                1
            ]
        ],
        "extrinsic_matrix": [
            [
                -0.9913703799247742,
                0.13108877837657928,
                -7.729973816594793e-08,
                -0.1392202079296112
            ],
            [
                0.007964934222400188,
                0.060236237943172455,
                0.9981523156166077,
                -1.0848993062973022
            ],
            [
                0.13084657490253448,
                0.989538848400116,
                -0.060760293155908585,
                -11.469261169433594
            ],
            [
                -0.0,
                0.0,
                0.0,
                1.0
            ]
        ],
        "camera_location": [
            1.3713363409042358,
            11.432882308959961,
            0.38601595163345337
        ],
        "camera_rotation_euler": [
            1.1093189716339111,
            0.0,
            0.8149281740188599
        ],
        "camera_rotation_quaternion": [
            0.04501404985785484,
            0.04783743992447853,
            0.7266992926597595,
            0.6838081479072571
        ],
        "focal_length": 50.0,
        "sensor_width": 36.0,
        "sensor_height": 24.0
    },
    "objects": [
        {
            "object_name": "Cube",
            "bbox_2d": {
                "x_min": 527.1721458435059,
                "y_min": 130.97108602523804,
                "x_max": 1472.4805068969727,
                "y_max": 1001.1898219585419,
                "width": 945.3083610534668,
                "height": 870.2187359333038,
                "center_x": 999.8263263702393,
                "center_y": 566.08045399189
            },
            "visible_vertices": 8,
            "total_vertices": 8
        }
    ],
    "metadata": {
        "total_objects": 1,
        "render_settings": {
            "resolution_percentage": 50,
            "file_format": "PNG"
        }
    }
}