{
    "frame": "832",
    "image_filename": "render_832.png",
    "image_resolution": {
        "width": 1920,
        "height": 1080
    },
    "camera_parameters": {
        "intrinsic_matrix": [
            [
                2666.666666666667,
                0,
                960.0
            ],
            [
                0,
                2250.0,
                540.0
            ],
            [
                0,
                0,
                1
            ]
        ],
        "extrinsic_matrix": [
            [
                0.28226006031036377,
                -0.9593378305435181,
                -1.1920926112907182e-07,
                0.07467404752969742
            ],
            [
                0.24018549919128418,
                0.07066826522350311,
                0.9681512117385864,
                -1.0212794542312622
            ],
            [
                -0.9287841320037842,
                -0.2732703387737274,
                0.2503659725189209,
                -11.902544975280762
            ],
            [
                -0.0,
                0.0,
                -0.0,
                1.0
            ]
        ],
        "camera_location": [
            -10.830678939819336,
            -3.108804941177368,
            3.968745231628418
        ],
        "camera_rotation_euler": [
            1.1093189716339111,
            0.0,
            0.8149281740188599
        ],
        "camera_rotation_quaternion": [
            0.6331063508987427,
            0.490210622549057,
            -0.3667568266391754,
            -0.4736659526824951
        ],
        "focal_length": 50.0,
        "sensor_width": 36.0,
        "sensor_height": 24.0
    },
    "objects": [
        {
            "object_name": "Cube",
            "bbox_2d": {
                "x_min": 491.5593910217285,
                "y_min": 74.8472785949707,
                "x_max": 1358.7605667114258,
                "y_max": 1040.1667821407318,
                "width": 867.2011756896973,
                "height": 965.3195035457611,
                "center_x": 925.1599788665771,
                "center_y": 557.5070303678513
            },
            "visible_vertices": 8,
            "total_vertices": 8
        }
    ],
    "metadata": {
        "total_objects": 1,
        "render_settings": {
            "resolution_percentage": 50,
            "file_format": "PNG"
        }
    }
}