{
    "frame": "167",
    "image_filename": "render_167.png",
    "image_resolution": {
        "width": 1920,
        "height": 1080
    },
    "camera_parameters": {
        "intrinsic_matrix": [
            [
                2666.666666666667,
                0,
                960.0
            ],
            [
                0,
                2250.0,
                540.0
            ],
            [
                0,
                0,
                1
            ]
        ],
        "extrinsic_matrix": [
            [
                -0.9539415836334229,
                -0.29999157786369324,
                5.2154039309471045e-08,
                -0.11777155846357346
            ],
            [
                0.06970515102148056,
                -0.2216547280550003,
                0.972630500793457,
                -1.0381202697753906
            ],
            [
                -0.2917809784412384,
                0.9278329610824585,
                0.23235690593719482,
                -11.842378616333008
            ],
            [
                -0.0,
                0.0,
                -0.0,
                1.0
            ]
        ],
        "camera_location": [
            -3.4953672885894775,
            10.72231674194336,
            3.761363983154297
        ],
        "camera_rotation_euler": [
            1.1093189716339111,
            0.0,
            0.8149281740188599
        ],
        "camera_rotation_quaternion": [
            0.11912193894386292,
            0.09401625394821167,
            -0.6123582124710083,
            -0.7758791446685791
        ],
        "focal_length": 50.0,
        "sensor_width": 36.0,
        "sensor_height": 24.0
    },
    "objects": [
        {
            "object_name": "Cube",
            "bbox_2d": {
                "x_min": 534.561824798584,
                "y_min": 76.30114316940308,
                "x_max": 1350.0098419189453,
                "y_max": 1053.2489179819822,
                "width": 815.4480171203613,
                "height": 976.9477748125792,
                "center_x": 942.2858333587646,
                "center_y": 564.7750305756927
            },
            "visible_vertices": 8,
            "total_vertices": 8
        }
    ],
    "metadata": {
        "total_objects": 1,
        "render_settings": {
            "resolution_percentage": 50,
            "file_format": "PNG"
        }
    }
}