{
    "frame": "721",
    "image_filename": "render_721.png",
    "image_resolution": {
        "width": 1920,
        "height": 1080
    },
    "camera_parameters": {
        "intrinsic_matrix": [
            [
                2666.666666666667,
                0,
                960.0
            ],
            [
                0,
                2250.0,
                540.0
            ],
            [
                0,
                0,
                1
            ]
        ],
        "extrinsic_matrix": [
            [
                0.7409190535545349,
                -0.6715943217277527,
                3.725290298461914e-08,
                0.12584614753723145
            ],
            [
                0.11927592754364014,
                0.1315881758928299,
                0.9841025471687317,
                -1.057283639907837
            ],
            [
                -0.6609176993370056,
                -0.7291403412818909,
                0.17760124802589417,
                -11.769952774047852
            ],
            [
                -0.0,
                0.0,
                -0.0,
                1.0
            ]
        ],
        "camera_location": [
            -7.746103286743164,
            -8.358304023742676,
            3.130833625793457
        ],
        "camera_rotation_euler": [
            1.1093189716339111,
            0.0,
            0.8149281740188599
        ],
        "camera_rotation_quaternion": [
            0.715910017490387,
            0.5982745289802551,
            -0.23079638183116913,
            -0.2761765718460083
        ],
        "focal_length": 50.0,
        "sensor_width": 36.0,
        "sensor_height": 24.0
    },
    "objects": [
        {
            "object_name": "Cube",
            "bbox_2d": {
                "x_min": 420.2137756347656,
                "y_min": 90.66025257110596,
                "x_max": 1460.5935287475586,
                "y_max": 981.9507068395615,
                "width": 1040.379753112793,
                "height": 891.2904542684555,
                "center_x": 940.4036521911621,
                "center_y": 536.3054797053337
            },
            "visible_vertices": 8,
            "total_vertices": 8
        }
    ],
    "metadata": {
        "total_objects": 1,
        "render_settings": {
            "resolution_percentage": 50,
            "file_format": "PNG"
        }
    }
}