{
    "frame": "219",
    "image_filename": "render_219.png",
    "image_resolution": {
        "width": 1920,
        "height": 1080
    },
    "camera_parameters": {
        "intrinsic_matrix": [
            [
                2666.666666666667,
                0,
                960.0
            ],
            [
                0,
                2250.0,
                540.0
            ],
            [
                0,
                0,
                1
            ]
        ],
        "extrinsic_matrix": [
            [
                -0.9952136874198914,
                -0.09772185981273651,
                4.9360089349193004e-08,
                -0.1310458928346634
            ],
            [
                -0.008323843590915203,
                0.0847717896103859,
                0.9963656663894653,
                -1.086095929145813
            ],
            [
                -0.09736671298742294,
                0.9915968179702759,
                -0.08517937362194061,
                -11.473730087280273
            ],
            [
                0.0,
                0.0,
                -0.0,
                1.0
            ]
        ],
        "camera_location": [
            -1.256618618965149,
            11.456578254699707,
            0.10482242703437805
        ],
        "camera_rotation_euler": [
            1.1093189716339111,
            0.0,
            0.8149281740188599
        ],
        "camera_rotation_quaternion": [
            0.03308531641960144,
            0.03603442758321762,
            -0.7357249855995178,
            -0.6755114197731018
        ],
        "focal_length": 50.0,
        "sensor_width": 36.0,
        "sensor_height": 24.0
    },
    "objects": [
        {
            "object_name": "Cube",
            "bbox_2d": {
                "x_min": 557.2482490539551,
                "y_min": 150.0220227241516,
                "x_max": 1418.8427352905273,
                "y_max": 1004.8017999529839,
                "width": 861.5944862365723,
                "height": 854.7797772288322,
                "center_x": 988.0454921722412,
                "center_y": 577.4119113385677
            },
            "visible_vertices": 8,
            "total_vertices": 8
        }
    ],
    "metadata": {
        "total_objects": 1,
        "render_settings": {
            "resolution_percentage": 50,
            "file_format": "PNG"
        }
    }
}