{
    "frame": "763",
    "image_filename": "render_763.png",
    "image_resolution": {
        "width": 1920,
        "height": 1080
    },
    "camera_parameters": {
        "intrinsic_matrix": [
            [
                2666.666666666667,
                0,
                960.0
            ],
            [
                0,
                2250.0,
                540.0
            ],
            [
                0,
                0,
                1
            ]
        ],
        "extrinsic_matrix": [
            [
                0.6783093214035034,
                0.734776496887207,
                7.450580596923828e-09,
                0.06392642110586166
            ],
            [
                -0.1473514437675476,
                0.136027529835701,
                0.9796857237815857,
                -1.0887582302093506
            ],
            [
                0.7198500633239746,
                -0.6645299792289734,
                0.20053911209106445,
                -11.610345840454102
            ],
            [
                -0.0,
                0.0,
                -0.0,
                1.0
            ]
        ],
        "camera_location": [
            8.153915405273438,
            -7.614293098449707,
            3.3949692249298096
        ],
        "camera_rotation_euler": [
            1.1093189716339111,
            0.0,
            0.8149281740188599
        ],
        "camera_rotation_quaternion": [
            0.7097316980361938,
            0.5791681408882141,
            0.25356417894363403,
            0.3107258975505829
        ],
        "focal_length": 50.0,
        "sensor_width": 36.0,
        "sensor_height": 24.0
    },
    "objects": [
        {
            "object_name": "Cube",
            "bbox_2d": {
                "x_min": 504.0597152709961,
                "y_min": 104.94752168655396,
                "x_max": 1405.2700424194336,
                "y_max": 871.2737292051315,
                "width": 901.2103271484375,
                "height": 766.3262075185776,
                "center_x": 954.6648788452148,
                "center_y": 488.11062544584274
            },
            "visible_vertices": 8,
            "total_vertices": 8
        }
    ],
    "metadata": {
        "total_objects": 1,
        "render_settings": {
            "resolution_percentage": 50,
            "file_format": "PNG"
        }
    }
}