{
    "frame": "463",
    "image_filename": "render_463.png",
    "image_resolution": {
        "width": 1920,
        "height": 1080
    },
    "camera_parameters": {
        "intrinsic_matrix": [
            [
                2666.666666666667,
                0,
                960.0
            ],
            [
                0,
                2250.0,
                540.0
            ],
            [
                0,
                0,
                1
            ]
        ],
        "extrinsic_matrix": [
            [
                0.7507171630859375,
                0.6606239080429077,
                -5.960464477539063e-08,
                0.0765499472618103
            ],
            [
                0.07137525826692581,
                -0.08110898733139038,
                0.9941463470458984,
                -1.0665918588638306
            ],
            [
                0.6567567586898804,
                -0.7463226318359375,
                -0.10804209113121033,
                -11.280755996704102
            ],
            [
                -0.0,
                0.0,
                -0.0,
                1.0
            ]
        ],
        "camera_location": [
            7.427373886108398,
            -8.556164741516113,
            -0.15844833850860596
        ],
        "camera_rotation_euler": [
            1.1093189716339111,
            0.0,
            0.8149281740188599
        ],
        "camera_rotation_quaternion": [
            0.6248131990432739,
            0.696395754814148,
            0.2627812922000885,
            0.23576992750167847
        ],
        "focal_length": 50.0,
        "sensor_width": 36.0,
        "sensor_height": 24.0
    },
    "objects": [
        {
            "object_name": "Cube",
            "bbox_2d": {
                "x_min": 506.1562728881836,
                "y_min": 15.835118293762207,
                "x_max": 1414.3814849853516,
                "y_max": 971.310997903347,
                "width": 908.225212097168,
                "height": 955.4758796095848,
                "center_x": 960.2688789367676,
                "center_y": 493.5730580985546
            },
            "visible_vertices": 8,
            "total_vertices": 8
        }
    ],
    "metadata": {
        "total_objects": 1,
        "render_settings": {
            "resolution_percentage": 50,
            "file_format": "PNG"
        }
    }
}