{
    "frame": "625",
    "image_filename": "render_625.png",
    "image_resolution": {
        "width": 1920,
        "height": 1080
    },
    "camera_parameters": {
        "intrinsic_matrix": [
            [
                2666.666666666667,
                0,
                960.0
            ],
            [
                0,
                2250.0,
                540.0
            ],
            [
                0,
                0,
                1
            ]
        ],
        "extrinsic_matrix": [
            [
                0.13987569510936737,
                -0.9901690483093262,
                -1.0244545656235005e-08,
                0.056565891951322556
            ],
            [
                -0.10530457645654678,
                -0.0148756830021739,
                0.9943287372589111,
                -1.0932310819625854
            ],
            [
                -0.9845535159111023,
                -0.13908232748508453,
                -0.10634998977184296,
                -11.527912139892578
            ],
            [
                -0.0,
                0.0,
                -0.0,
                1.0
            ]
        ],
        "camera_location": [
            -11.472882270812988,
            -1.5635830163955688,
            -0.13896335661411285
        ],
        "camera_rotation_euler": [
            1.1093189716339111,
            0.0,
            0.8149281740188599
        ],
        "camera_rotation_quaternion": [
            0.5046409964561462,
            0.5614938735961914,
            -0.4877496063709259,
            -0.4383634626865387
        ],
        "focal_length": 50.0,
        "sensor_width": 36.0,
        "sensor_height": 24.0
    },
    "objects": [
        {
            "object_name": "Cube",
            "bbox_2d": {
                "x_min": 551.2439918518066,
                "y_min": 143.534574508667,
                "x_max": 1408.9299774169922,
                "y_max": 1004.6785175800323,
                "width": 857.6859855651855,
                "height": 861.1439430713654,
                "center_x": 980.0869846343994,
                "center_y": 574.1065460443497
            },
            "visible_vertices": 8,
            "total_vertices": 8
        }
    ],
    "metadata": {
        "total_objects": 1,
        "render_settings": {
            "resolution_percentage": 50,
            "file_format": "PNG"
        }
    }
}