{
    "frame": "427",
    "image_filename": "render_427.png",
    "image_resolution": {
        "width": 1920,
        "height": 1080
    },
    "camera_parameters": {
        "intrinsic_matrix": [
            [
                2666.666666666667,
                0,
                960.0
            ],
            [
                0,
                2250.0,
                540.0
            ],
            [
                0,
                0,
                1
            ]
        ],
        "extrinsic_matrix": [
            [
                -0.2420354187488556,
                -0.9702672958374023,
                -4.470347292340193e-08,
                0.0040971990674734116
            ],
            [
                0.1963750571012497,
                -0.04898621514439583,
                0.979304313659668,
                -1.0347734689712524
            ],
            [
                -0.950187087059021,
                0.2370264083147049,
                0.2023927867412567,
                -11.872749328613281
            ],
            [
                -0.0,
                0.0,
                -0.0,
                1.0
            ]
        ],
        "camera_location": [
            -11.077140808105469,
            2.7674412727355957,
            3.4163169860839844
        ],
        "camera_rotation_euler": [
            1.1093189716339111,
            0.0,
            0.8149281740188599
        ],
        "camera_rotation_quaternion": [
            0.4773288071155548,
            0.38876664638519287,
            -0.4976586401462555,
            -0.6110267043113708
        ],
        "focal_length": 50.0,
        "sensor_width": 36.0,
        "sensor_height": 24.0
    },
    "objects": [
        {
            "object_name": "Cube",
            "bbox_2d": {
                "x_min": 498.44621658325195,
                "y_min": 80.91649532318115,
                "x_max": 1420.8313751220703,
                "y_max": 1077.90666972287,
                "width": 922.3851585388184,
                "height": 996.9901743996888,
                "center_x": 959.6387958526611,
                "center_y": 579.4115825230256
            },
            "visible_vertices": 8,
            "total_vertices": 8
        }
    ],
    "metadata": {
        "total_objects": 1,
        "render_settings": {
            "resolution_percentage": 50,
            "file_format": "PNG"
        }
    }
}