{
    "frame": "49",
    "image_filename": "render_049.png",
    "image_resolution": {
        "width": 1920,
        "height": 1080
    },
    "camera_parameters": {
        "intrinsic_matrix": [
            [
                2666.666666666667,
                0,
                960.0
            ],
            [
                0,
                2250.0,
                540.0
            ],
            [
                0,
                0,
                1
            ]
        ],
        "extrinsic_matrix": [
            [
                -0.5940501093864441,
                0.804427981376648,
                -1.4901157641133977e-08,
                -0.11100683361291885
            ],
            [
                0.11233887076377869,
                0.08295955508947372,
                0.9902008175849915,
                -1.0629961490631104
            ],
            [
                0.7965452671051025,
                0.5882290005683899,
                -0.13965056836605072,
                -11.777653694152832
            ],
            [
                -0.0,
                0.0,
                0.0,
                1.0
            ]
        ],
        "camera_location": [
            9.434906959533691,
            7.105438709259033,
            -0.5921776294708252
        ],
        "camera_rotation_euler": [
            1.1093189716339111,
            0.0,
            0.8149281740188599
        ],
        "camera_rotation_quaternion": [
            0.2954906225204468,
            0.3400886058807373,
            0.6739177107810974,
            0.5855425000190735
        ],
        "focal_length": 50.0,
        "sensor_width": 36.0,
        "sensor_height": 24.0
    },
    "objects": [
        {
            "object_name": "Cube",
            "bbox_2d": {
                "x_min": 450.1409912109375,
                "y_min": 95.27148485183716,
                "x_max": 1403.1033325195312,
                "y_max": 967.2354939579964,
                "width": 952.9623413085938,
                "height": 871.9640091061592,
                "center_x": 926.6221618652344,
                "center_y": 531.2534894049168
            },
            "visible_vertices": 8,
            "total_vertices": 8
        }
    ],
    "metadata": {
        "total_objects": 1,
        "render_settings": {
            "resolution_percentage": 50,
            "file_format": "PNG"
        }
    }
}