{
    "frame": "379",
    "image_filename": "render_379.png",
    "image_resolution": {
        "width": 1920,
        "height": 1080
    },
    "camera_parameters": {
        "intrinsic_matrix": [
            [
                2666.666666666667,
                0,
                960.0
            ],
            [
                0,
                2250.0,
                540.0
            ],
            [
                0,
                0,
                1
            ]
        ],
        "extrinsic_matrix": [
            [
                -0.994762122631073,
                0.10221461206674576,
                -8.754427227586348e-08,
                -0.13858219981193542
            ],
            [
                0.009852452203631401,
                0.09588600695133209,
                0.9953433871269226,
                -1.0829485654830933
            ],
            [
                0.10173866152763367,
                0.9901301860809326,
                -0.09639055281877518,
                -11.434540748596191
            ],
            [
                -0.0,
                0.0,
                0.0,
                1.0
            ]
        ],
        "camera_location": [
            1.0361485481262207,
            11.439691543579102,
            -0.024279527366161346
        ],
        "camera_rotation_euler": [
            1.1093189716339111,
            0.0,
            0.8149281740188599
        ],
        "camera_rotation_quaternion": [
            0.034397613257169724,
            0.03788957744836807,
            0.7394320368766785,
            0.6712834239006042
        ],
        "focal_length": 50.0,
        "sensor_width": 36.0,
        "sensor_height": 24.0
    },
    "objects": [
        {
            "object_name": "Cube",
            "bbox_2d": {
                "x_min": 534.7124862670898,
                "y_min": 140.75810194015503,
                "x_max": 1466.3201522827148,
                "y_max": 998.3063694834709,
                "width": 931.607666015625,
                "height": 857.5482675433159,
                "center_x": 1000.5163192749023,
                "center_y": 569.532235711813
            },
            "visible_vertices": 8,
            "total_vertices": 8
        }
    ],
    "metadata": {
        "total_objects": 1,
        "render_settings": {
            "resolution_percentage": 50,
            "file_format": "PNG"
        }
    }
}