{
    "frame": "920",
    "image_filename": "render_920.png",
    "image_resolution": {
        "width": 1920,
        "height": 1080
    },
    "camera_parameters": {
        "intrinsic_matrix": [
            [
                2666.666666666667,
                0,
                960.0
            ],
            [
                0,
                2250.0,
                540.0
            ],
            [
                0,
                0,
                1
            ]
        ],
        "extrinsic_matrix": [
            [
                0.7165741920471191,
                -0.6975109577178955,
                -8.940696005765858e-08,
                0.1235346794128418
            ],
            [
                0.14891113340854645,
                0.15298089385032654,
                0.9769454002380371,
                -1.0463138818740845
            ],
            [
                -0.6814301013946533,
                -0.7000538110733032,
                0.21348929405212402,
                -11.812799453735352
            ],
            [
                -0.0,
                0.0,
                -0.0,
                1.0
            ]
        ],
        "camera_location": [
            -7.9823102951049805,
            -8.02336311340332,
            3.544097661972046
        ],
        "camera_rotation_euler": [
            1.1093189716339111,
            0.0,
            0.8149281740188599
        ],
        "camera_rotation_quaternion": [
            0.7216378450393677,
            0.5809698700904846,
            -0.2360706627368927,
            -0.2932295501232147
        ],
        "focal_length": 50.0,
        "sensor_width": 36.0,
        "sensor_height": 24.0
    },
    "objects": [
        {
            "object_name": "Cube",
            "bbox_2d": {
                "x_min": 418.41479301452637,
                "y_min": 88.45077753067017,
                "x_max": 1453.6294555664062,
                "y_max": 982.3599341511726,
                "width": 1035.2146625518799,
                "height": 893.9091566205025,
                "center_x": 936.0221242904663,
                "center_y": 535.4053558409214
            },
            "visible_vertices": 8,
            "total_vertices": 8
        }
    ],
    "metadata": {
        "total_objects": 1,
        "render_settings": {
            "resolution_percentage": 50,
            "file_format": "PNG"
        }
    }
}