{
    "frame": "693",
    "image_filename": "render_693.png",
    "image_resolution": {
        "width": 1920,
        "height": 1080
    },
    "camera_parameters": {
        "intrinsic_matrix": [
            [
                2666.666666666667,
                0,
                960.0
            ],
            [
                0,
                2250.0,
                540.0
            ],
            [
                0,
                0,
                1
            ]
        ],
        "extrinsic_matrix": [
            [
                0.8036983013153076,
                -0.5950369834899902,
                -1.7881389169360773e-07,
                0.13143832981586456
            ],
            [
                0.09743930399417877,
                0.13160808384418488,
                0.9865012168884277,
                -1.062846302986145
            ],
            [
                -0.5870048403739929,
                -0.7928493022918701,
                0.1637531965970993,
                -11.742486953735352
            ],
            [
                -0.0,
                0.0,
                -0.0,
                1.0
            ]
        ],
        "camera_location": [
            -6.894970417022705,
            -9.091936111450195,
            2.971369743347168
        ],
        "camera_rotation_euler": [
            1.1093189716339111,
            0.0,
            0.8149281740188599
        ],
        "camera_rotation_quaternion": [
            0.7244066596031189,
            0.6140718460083008,
            -0.2025812268257141,
            -0.23898057639598846
        ],
        "focal_length": 50.0,
        "sensor_width": 36.0,
        "sensor_height": 24.0
    },
    "objects": [
        {
            "object_name": "Cube",
            "bbox_2d": {
                "x_min": 426.29319190979004,
                "y_min": 91.38380527496338,
                "x_max": 1475.0489044189453,
                "y_max": 973.0552652478218,
                "width": 1048.7557125091553,
                "height": 881.6714599728584,
                "center_x": 950.6710481643677,
                "center_y": 532.2195352613926
            },
            "visible_vertices": 8,
            "total_vertices": 8
        }
    ],
    "metadata": {
        "total_objects": 1,
        "render_settings": {
            "resolution_percentage": 50,
            "file_format": "PNG"
        }
    }
}