{
    "frame": "779",
    "image_filename": "render_779.png",
    "image_resolution": {
        "width": 1920,
        "height": 1080
    },
    "camera_parameters": {
        "intrinsic_matrix": [
            [
                2666.666666666667,
                0,
                960.0
            ],
            [
                0,
                2250.0,
                540.0
            ],
            [
                0,
                0,
                1
            ]
        ],
        "extrinsic_matrix": [
            [
                0.9946503639221191,
                -0.10329930484294891,
                0.0,
                0.13860833644866943
            ],
            [
                0.019352084025740623,
                0.1863376945257187,
                0.9822952747344971,
                -1.070931077003479
            ],
            [
                -0.10147040337324142,
                -0.9770402312278748,
                0.1873399019241333,
                -11.695353507995605
            ],
            [
                -0.0,
                0.0,
                -0.0,
                1.0
            ]
        ],
        "camera_location": [
            -1.303874135017395,
            -11.212957382202148,
            3.242976427078247
        ],
        "camera_rotation_euler": [
            1.1093189716339111,
            0.0,
            0.8149281740188599
        ],
        "camera_rotation_quaternion": [
            0.7694686055183411,
            0.6365871429443359,
            -0.03296768292784691,
            -0.03984937444329262
        ],
        "focal_length": 50.0,
        "sensor_width": 36.0,
        "sensor_height": 24.0
    },
    "objects": [
        {
            "object_name": "Cube",
            "bbox_2d": {
                "x_min": 531.8132400512695,
                "y_min": 94.84173059463501,
                "x_max": 1462.909927368164,
                "y_max": 970.5592578649521,
                "width": 931.0966873168945,
                "height": 875.7175272703171,
                "center_x": 997.3615837097168,
                "center_y": 532.7004942297935
            },
            "visible_vertices": 8,
            "total_vertices": 8
        }
    ],
    "metadata": {
        "total_objects": 1,
        "render_settings": {
            "resolution_percentage": 50,
            "file_format": "PNG"
        }
    }
}