{
    "frame": "552",
    "image_filename": "render_552.png",
    "image_resolution": {
        "width": 1920,
        "height": 1080
    },
    "camera_parameters": {
        "intrinsic_matrix": [
            [
                2666.666666666667,
                0,
                960.0
            ],
            [
                0,
                2250.0,
                540.0
            ],
            [
                0,
                0,
                1
            ]
        ],
        "extrinsic_matrix": [
            [
                0.37344056367874146,
                0.9276540279388428,
                1.378357126213814e-07,
                0.015317320823669434
            ],
            [
                -0.08162233978509903,
                0.03285820409655571,
                0.9961214661598206,
                -1.0937836170196533
            ],
            [
                0.9240561723709106,
                -0.3719921112060547,
                0.08798794448375702,
                -11.471614837646484
            ],
            [
                -0.0,
                0.0,
                -0.0,
                1.0
            ]
        ],
        "camera_location": [
            10.505419731140137,
            -4.245621204376221,
            2.098904848098755
        ],
        "camera_rotation_euler": [
            1.1093189716339111,
            0.0,
            0.8149281740188599
        ],
        "camera_rotation_quaternion": [
            0.6112051606178284,
            0.559596836566925,
            0.3779648542404175,
            0.4128223657608032
        ],
        "focal_length": 50.0,
        "sensor_width": 36.0,
        "sensor_height": 24.0
    },
    "objects": [
        {
            "object_name": "Cube",
            "bbox_2d": {
                "x_min": 498.55464935302734,
                "y_min": 63.762760162353516,
                "x_max": 1428.0747985839844,
                "y_max": 904.2869800329208,
                "width": 929.520149230957,
                "height": 840.5242198705673,
                "center_x": 963.3147239685059,
                "center_y": 484.0248700976372
            },
            "visible_vertices": 8,
            "total_vertices": 8
        }
    ],
    "metadata": {
        "total_objects": 1,
        "render_settings": {
            "resolution_percentage": 50,
            "file_format": "PNG"
        }
    }
}