{
    "frame": "649",
    "image_filename": "render_649.png",
    "image_resolution": {
        "width": 1920,
        "height": 1080
    },
    "camera_parameters": {
        "intrinsic_matrix": [
            [
                2666.666666666667,
                0,
                960.0
            ],
            [
                0,
                2250.0,
                540.0
            ],
            [
                0,
                0,
                1
            ]
        ],
        "extrinsic_matrix": [
            [
                -0.897544264793396,
                0.4409240186214447,
                3.725289587919178e-08,
                -0.13828887045383453
            ],
            [
                -0.09792487323284149,
                -0.1993357390165329,
                0.9750260710716248,
                -1.0642656087875366
            ],
            [
                0.4299125075340271,
                0.8751291632652283,
                0.2220902442932129,
                -11.731507301330566
            ],
            [
                -0.0,
                0.0,
                -0.0,
                1.0
            ]
        ],
        "camera_location": [
            4.815183639526367,
            10.1154146194458,
            3.643139123916626
        ],
        "camera_rotation_euler": [
            1.1093189716339111,
            0.0,
            0.8149281740188599
        ],
        "camera_rotation_quaternion": [
            0.17692512273788452,
            0.14115703105926514,
            0.6074780821800232,
            0.7614083290100098
        ],
        "focal_length": 50.0,
        "sensor_width": 36.0,
        "sensor_height": 24.0
    },
    "objects": [
        {
            "object_name": "Cube",
            "bbox_2d": {
                "x_min": 460.080041885376,
                "y_min": 90.14790773391724,
                "x_max": 1501.0227584838867,
                "y_max": 994.189570248127,
                "width": 1040.9427165985107,
                "height": 904.0416625142097,
                "center_x": 980.5514001846313,
                "center_y": 542.1687389910221
            },
            "visible_vertices": 8,
            "total_vertices": 8
        }
    ],
    "metadata": {
        "total_objects": 1,
        "render_settings": {
            "resolution_percentage": 50,
            "file_format": "PNG"
        }
    }
}