{
    "frame": "111",
    "image_filename": "render_111.png",
    "image_resolution": {
        "width": 1920,
        "height": 1080
    },
    "camera_parameters": {
        "intrinsic_matrix": [
            [
                2666.666666666667,
                0,
                960.0
            ],
            [
                0,
                2250.0,
                540.0
            ],
            [
                0,
                0,
                1
            ]
        ],
        "extrinsic_matrix": [
            [
                -0.8517624139785767,
                0.5239284038543701,
                3.725290742551124e-09,
                -0.1352430135011673
            ],
            [
                0.0375688262283802,
                0.061076484620571136,
                0.9974257946014404,
                -1.0801324844360352
            ],
            [
                0.5225797295570374,
                0.8495697379112244,
                -0.07170604169368744,
                -11.399016380310059
            ],
            [
                -0.0,
                -0.0,
                -0.0,
                1.0
            ]
        ],
        "camera_location": [
            5.882278919219971,
            9.821087837219238,
            0.25997379422187805
        ],
        "camera_rotation_euler": [
            1.1093189716339111,
            0.0,
            0.8149281740188599
        ],
        "camera_rotation_quaternion": [
            0.1854778528213501,
            0.19929075241088867,
            0.7043693661689758,
            0.6555493474006653
        ],
        "focal_length": 50.0,
        "sensor_width": 36.0,
        "sensor_height": 24.0
    },
    "objects": [
        {
            "object_name": "Cube",
            "bbox_2d": {
                "x_min": 438.0921936035156,
                "y_min": 104.31557178497314,
                "x_max": 1486.4738845825195,
                "y_max": 986.8168723583221,
                "width": 1048.381690979004,
                "height": 882.501300573349,
                "center_x": 962.2830390930176,
                "center_y": 545.5662220716476
            },
            "visible_vertices": 8,
            "total_vertices": 8
        }
    ],
    "metadata": {
        "total_objects": 1,
        "render_settings": {
            "resolution_percentage": 50,
            "file_format": "PNG"
        }
    }
}