{
    "frame": "79",
    "image_filename": "render_079.png",
    "image_resolution": {
        "width": 1920,
        "height": 1080
    },
    "camera_parameters": {
        "intrinsic_matrix": [
            [
                2666.666666666667,
                0,
                960.0
            ],
            [
                0,
                2250.0,
                540.0
            ],
            [
                0,
                0,
                1
            ]
        ],
        "extrinsic_matrix": [
            [
                0.012058231979608536,
                0.9999273419380188,
                -1.236330859910595e-07,
                -0.036360640078783035
            ],
            [
                -0.1742660254240036,
                0.0021015985403209925,
                0.9846964478492737,
                -1.0927551984786987
            ],
            [
                0.9846248626708984,
                -0.011873693205416203,
                0.17427867650985718,
                -12.070215225219727
            ],
            [
                -0.0,
                0.0,
                -0.0,
                1.0
            ]
        ],
        "camera_location": [
            11.694640159606934,
            -0.10466324537992477,
            3.179612874984741
        ],
        "camera_rotation_euler": [
            1.1093189716339111,
            0.0,
            0.8149281740188599
        ],
        "camera_rotation_quaternion": [
            0.5450776219367981,
            0.45707711577415466,
            0.45159846544265747,
            0.5385440587997437
        ],
        "focal_length": 50.0,
        "sensor_width": 36.0,
        "sensor_height": 24.0
    },
    "objects": [
        {
            "object_name": "Cube",
            "bbox_2d": {
                "x_min": 571.9145393371582,
                "y_min": 115.26027202606201,
                "x_max": 1411.5333938598633,
                "y_max": 922.8345197439194,
                "width": 839.6188545227051,
                "height": 807.5742477178574,
                "center_x": 991.7239665985107,
                "center_y": 519.0473958849907
            },
            "visible_vertices": 8,
            "total_vertices": 8
        }
    ],
    "metadata": {
        "total_objects": 1,
        "render_settings": {
            "resolution_percentage": 50,
            "file_format": "PNG"
        }
    }
}