{
    "frame": "534",
    "image_filename": "render_534.png",
    "image_resolution": {
        "width": 1920,
        "height": 1080
    },
    "camera_parameters": {
        "intrinsic_matrix": [
            [
                2666.666666666667,
                0,
                960.0
            ],
            [
                0,
                2250.0,
                540.0
            ],
            [
                0,
                0,
                1
            ]
        ],
        "extrinsic_matrix": [
            [
                -0.978881299495697,
                0.20442906022071838,
                1.285224868752266e-07,
                -0.14031614363193512
            ],
            [
                -0.02859513834118843,
                -0.13692457973957062,
                0.9901686310768127,
                -1.073689341545105
            ],
            [
                0.20241926610469818,
                0.969257652759552,
                0.13987873494625092,
                -11.676633834838867
            ],
            [
                -0.0,
                0.0,
                -0.0,
                1.0
            ]
        ],
        "camera_location": [
            2.1955206394195557,
            11.199336051940918,
            2.696444511413574
        ],
        "camera_rotation_euler": [
            1.1093189716339111,
            0.0,
            0.8149281740188599
        ],
        "camera_rotation_quaternion": [
            0.07757680863142014,
            0.06738805770874023,
            0.6523185968399048,
            0.7509468793869019
        ],
        "focal_length": 50.0,
        "sensor_width": 36.0,
        "sensor_height": 24.0
    },
    "objects": [
        {
            "object_name": "Cube",
            "bbox_2d": {
                "x_min": 511.39577865600586,
                "y_min": 94.39086198806763,
                "x_max": 1488.8724517822266,
                "y_max": 1001.9537204504013,
                "width": 977.4766731262207,
                "height": 907.5628584623337,
                "center_x": 1000.1341152191162,
                "center_y": 548.1722912192345
            },
            "visible_vertices": 8,
            "total_vertices": 8
        }
    ],
    "metadata": {
        "total_objects": 1,
        "render_settings": {
            "resolution_percentage": 50,
            "file_format": "PNG"
        }
    }
}