{
    "frame": "52",
    "image_filename": "render_052.png",
    "image_resolution": {
        "width": 1920,
        "height": 1080
    },
    "camera_parameters": {
        "intrinsic_matrix": [
            [
                2666.666666666667,
                0,
                960.0
            ],
            [
                0,
                2250.0,
                540.0
            ],
            [
                0,
                0,
                1
            ]
        ],
        "extrinsic_matrix": [
            [
                -0.3429393470287323,
                -0.939357340335846,
                -8.195635814445268e-08,
                -0.010741479694843292
            ],
            [
                0.11939528584480286,
                -0.04358864575624466,
                0.9918893575668335,
                -1.059065818786621
            ],
            [
                -0.9317387342453003,
                0.34015804529190063,
                0.1271032989025116,
                -12.291861534118652
            ],
            [
                -0.0,
                0.0,
                -0.0,
                1.0
            ]
        ],
        "camera_location": [
            -11.330042839050293,
            4.124921798706055,
            2.6128106117248535
        ],
        "camera_rotation_euler": [
            1.1093189716339111,
            0.0,
            0.8149281740188599
        ],
        "camera_rotation_quaternion": [
            0.43028342723846436,
            0.37866413593292236,
            -0.5413519144058228,
            -0.615148663520813
        ],
        "focal_length": 50.0,
        "sensor_width": 36.0,
        "sensor_height": 24.0
    },
    "objects": [
        {
            "object_name": "Cube",
            "bbox_2d": {
                "x_min": 510.0711250305176,
                "y_min": 119.71642971038818,
                "x_max": 1400.9275817871094,
                "y_max": 1045.7109685242176,
                "width": 890.8564567565918,
                "height": 925.9945388138294,
                "center_x": 955.4993534088135,
                "center_y": 582.7136991173029
            },
            "visible_vertices": 8,
            "total_vertices": 8
        }
    ],
    "metadata": {
        "total_objects": 1,
        "render_settings": {
            "resolution_percentage": 50,
            "file_format": "PNG"
        }
    }
}