{
    "frame": "468",
    "image_filename": "render_468.png",
    "image_resolution": {
        "width": 1920,
        "height": 1080
    },
    "camera_parameters": {
        "intrinsic_matrix": [
            [
                2666.666666666667,
                0,
                960.0
            ],
            [
                0,
                2250.0,
                540.0
            ],
            [
                0,
                0,
                1
            ]
        ],
        "extrinsic_matrix": [
            [
                0.6512709259986877,
                0.758845329284668,
                2.0489096641540527e-08,
                0.05935019999742508
            ],
            [
                -0.030326753854751587,
                0.02602759376168251,
                0.9992011785507202,
                -1.0899213552474976
            ],
            [
                0.7582390904426575,
                -0.6507506370544434,
                0.039964333176612854,
                -11.43133544921875
            ],
            [
                -0.0,
                0.0,
                -0.0,
                1.0
            ]
        ],
        "camera_location": [
            8.595978736877441,
            -7.455618858337402,
            1.545896291732788
        ],
        "camera_rotation_euler": [
            1.1093189716339111,
            0.0,
            0.8149281740188599
        ],
        "camera_rotation_quaternion": [
            0.6552218794822693,
            0.6295393109321594,
            0.2893062233924866,
            0.301108717918396
        ],
        "focal_length": 50.0,
        "sensor_width": 36.0,
        "sensor_height": 24.0
    },
    "objects": [
        {
            "object_name": "Cube",
            "bbox_2d": {
                "x_min": 496.97547912597656,
                "y_min": 48.71093273162842,
                "x_max": 1415.0926208496094,
                "y_max": 921.3084769248962,
                "width": 918.1171417236328,
                "height": 872.5975441932678,
                "center_x": 956.034049987793,
                "center_y": 485.00970482826233
            },
            "visible_vertices": 8,
            "total_vertices": 8
        }
    ],
    "metadata": {
        "total_objects": 1,
        "render_settings": {
            "resolution_percentage": 50,
            "file_format": "PNG"
        }
    }
}