{
    "frame": "21",
    "image_filename": "render_021.png",
    "image_resolution": {
        "width": 1920,
        "height": 1080
    },
    "camera_parameters": {
        "intrinsic_matrix": [
            [
                2666.666666666667,
                0,
                960.0
            ],
            [
                0,
                2250.0,
                540.0
            ],
            [
                0,
                0,
                1
            ]
        ],
        "extrinsic_matrix": [
            [
                -0.03752817586064339,
                -0.9992956519126892,
                -8.38772606925886e-08,
                0.03289026767015457
            ],
            [
                -0.02214481309056282,
                0.0008314909064210951,
                0.9997545480728149,
                -1.0884557962417603
            ],
            [
                -0.9990503191947937,
                0.03751889988780022,
                -0.0221604835242033,
                -12.127424240112305
            ],
            [
                -0.0,
                0.0,
                -0.0,
                1.0
            ]
        ],
        "camera_location": [
            -12.138772964477539,
            0.4887804687023163,
            0.8194396495819092
        ],
        "camera_rotation_euler": [
            1.1093189716339111,
            0.0,
            0.8149281740188599
        ],
        "camera_rotation_quaternion": [
            0.4850626289844513,
            0.4959337115287781,
            -0.5149078369140625,
            -0.503620982170105
        ],
        "focal_length": 50.0,
        "sensor_width": 36.0,
        "sensor_height": 24.0
    },
    "objects": [
        {
            "object_name": "Cube",
            "bbox_2d": {
                "x_min": 561.3338470458984,
                "y_min": 161.38070583343506,
                "x_max": 1406.5238571166992,
                "y_max": 1006.5689760446548,
                "width": 845.1900100708008,
                "height": 845.1882702112198,
                "center_x": 983.9288520812988,
                "center_y": 583.974840939045
            },
            "visible_vertices": 8,
            "total_vertices": 8
        }
    ],
    "metadata": {
        "total_objects": 1,
        "render_settings": {
            "resolution_percentage": 50,
            "file_format": "PNG"
        }
    }
}