{
    "frame": "558",
    "image_filename": "render_558.png",
    "image_resolution": {
        "width": 1920,
        "height": 1080
    },
    "camera_parameters": {
        "intrinsic_matrix": [
            [
                2666.666666666667,
                0,
                960.0
            ],
            [
                0,
                2250.0,
                540.0
            ],
            [
                0,
                0,
                1
            ]
        ],
        "extrinsic_matrix": [
            [
                -0.6128634214401245,
                -0.7901889681816101,
                1.9557775843281888e-08,
                -0.05296090617775917
            ],
            [
                0.013830414041876793,
                -0.010726753622293472,
                0.9998468160629272,
                -1.0832467079162598
            ],
            [
                -0.7900678515434265,
                0.6127694249153137,
                0.017502618953585625,
                -11.664612770080566
            ],
            [
                0.0,
                0.0,
                -0.0,
                1.0
            ]
        ],
        "camera_location": [
            -9.233312606811523,
            7.094250679016113,
            1.2872426509857178
        ],
        "camera_rotation_euler": [
            1.1093189716339111,
            0.0,
            0.8149281740188599
        ],
        "camera_rotation_quaternion": [
            0.313812255859375,
            0.30836695432662964,
            -0.6294112205505371,
            -0.6405256986618042
        ],
        "focal_length": 50.0,
        "sensor_width": 36.0,
        "sensor_height": 24.0
    },
    "objects": [
        {
            "object_name": "Cube",
            "bbox_2d": {
                "x_min": 490.37939071655273,
                "y_min": 139.04558658599854,
                "x_max": 1419.133186340332,
                "y_max": 1047.5589186698198,
                "width": 928.7537956237793,
                "height": 908.5133320838213,
                "center_x": 954.7562885284424,
                "center_y": 593.3022526279092
            },
            "visible_vertices": 8,
            "total_vertices": 8
        }
    ],
    "metadata": {
        "total_objects": 1,
        "render_settings": {
            "resolution_percentage": 50,
            "file_format": "PNG"
        }
    }
}