{
    "frame": "697",
    "image_filename": "render_697.png",
    "image_resolution": {
        "width": 1920,
        "height": 1080
    },
    "camera_parameters": {
        "intrinsic_matrix": [
            [
                2666.666666666667,
                0,
                960.0
            ],
            [
                0,
                2250.0,
                540.0
            ],
            [
                0,
                0,
                1
            ]
        ],
        "extrinsic_matrix": [
            [
                -0.8528034687042236,
                -0.5222314596176147,
                -1.9371501025489124e-07,
                -0.09563212096691132
            ],
            [
                0.02862939052283764,
                -0.04675203561782837,
                0.9984959959983826,
                -1.0784074068069458
            ],
            [
                -0.5214461088180542,
                0.8515211343765259,
                0.054821692407131195,
                -11.677827835083008
            ],
            [
                0.0,
                0.0,
                -0.0,
                1.0
            ]
        ],
        "camera_location": [
            -6.140041828155518,
            9.843560218811035,
            1.7169818878173828
        ],
        "camera_rotation_euler": [
            1.1093189716339111,
            0.0,
            0.8149281740188599
        ],
        "camera_rotation_quaternion": [
            0.19701889157295227,
            0.18649855256080627,
            -0.6616702675819397,
            -0.6989952921867371
        ],
        "focal_length": 50.0,
        "sensor_width": 36.0,
        "sensor_height": 24.0
    },
    "objects": [
        {
            "object_name": "Cube",
            "bbox_2d": {
                "x_min": 505.10902404785156,
                "y_min": 123.56999158859253,
                "x_max": 1389.7825241088867,
                "y_max": 1047.7961473166943,
                "width": 884.6735000610352,
                "height": 924.2261557281017,
                "center_x": 947.4457740783691,
                "center_y": 585.6830694526434
            },
            "visible_vertices": 8,
            "total_vertices": 8
        }
    ],
    "metadata": {
        "total_objects": 1,
        "render_settings": {
            "resolution_percentage": 50,
            "file_format": "PNG"
        }
    }
}