{
    "frame": "562",
    "image_filename": "render_562.png",
    "image_resolution": {
        "width": 1920,
        "height": 1080
    },
    "camera_parameters": {
        "intrinsic_matrix": [
            [
                2666.666666666667,
                0,
                960.0
            ],
            [
                0,
                2250.0,
                540.0
            ],
            [
                0,
                0,
                1
            ]
        ],
        "extrinsic_matrix": [
            [
                -0.9077818393707275,
                0.41944241523742676,
                7.450579175838357e-08,
                -0.1388586461544037
            ],
            [
                -0.12765376269817352,
                -0.2762759029865265,
                0.9525628089904785,
                -1.0409775972366333
            ],
            [
                0.3995453119277954,
                0.8647193908691406,
                0.30434176325798035,
                -11.82452392578125
            ],
            [
                -0.0,
                0.0,
                -0.0,
                1.0
            ]
        ],
        "camera_location": [
            4.465495586395264,
            9.9955415725708,
            4.590292453765869
        ],
        "camera_rotation_euler": [
            1.1093189716339111,
            0.0,
            0.8149281740188599
        ],
        "camera_rotation_quaternion": [
            0.1734098196029663,
            0.12664151191711426,
            0.5760130882263184,
            0.7887331247329712
        ],
        "focal_length": 50.0,
        "sensor_width": 36.0,
        "sensor_height": 24.0
    },
    "objects": [
        {
            "object_name": "Cube",
            "bbox_2d": {
                "x_min": 465.9751796722412,
                "y_min": 90.05842924118042,
                "x_max": 1503.9569091796875,
                "y_max": 1016.8613040447235,
                "width": 1037.9817295074463,
                "height": 926.8028748035431,
                "center_x": 984.9660444259644,
                "center_y": 553.459866642952
            },
            "visible_vertices": 8,
            "total_vertices": 8
        }
    ],
    "metadata": {
        "total_objects": 1,
        "render_settings": {
            "resolution_percentage": 50,
            "file_format": "PNG"
        }
    }
}