{
    "frame": "698",
    "image_filename": "render_698.png",
    "image_resolution": {
        "width": 1920,
        "height": 1080
    },
    "camera_parameters": {
        "intrinsic_matrix": [
            [
                2666.666666666667,
                0,
                960.0
            ],
            [
                0,
                2250.0,
                540.0
            ],
            [
                0,
                0,
                1
            ]
        ],
        "extrinsic_matrix": [
            [
                -0.6065311431884766,
                -0.7950598001480103,
                7.450580596923828e-09,
                -0.05191832780838013
            ],
            [
                0.1354023963212967,
                -0.10329504311084747,
                0.9853914976119995,
                -1.0475730895996094
            ],
            [
                -0.7834451794624329,
                0.5976705551147461,
                0.17030468583106995,
                -11.829039573669434
            ],
            [
                -0.0,
                0.0,
                -0.0,
                1.0
            ]
        ],
        "camera_location": [
            -9.157049179077148,
            6.92038106918335,
            3.0468101501464844
        ],
        "camera_rotation_euler": [
            1.1093189716339111,
            0.0,
            0.8149281740188599
        ],
        "camera_rotation_quaternion": [
            0.33929285407066345,
            0.2856830954551697,
            -0.5772632360458374,
            -0.6855893135070801
        ],
        "focal_length": 50.0,
        "sensor_width": 36.0,
        "sensor_height": 24.0
    },
    "objects": [
        {
            "object_name": "Cube",
            "bbox_2d": {
                "x_min": 481.9415473937988,
                "y_min": 90.00068664550781,
                "x_max": 1427.5275421142578,
                "y_max": 1079.3811530875973,
                "width": 945.585994720459,
                "height": 989.3804664420895,
                "center_x": 954.7345447540283,
                "center_y": 584.6909198665526
            },
            "visible_vertices": 8,
            "total_vertices": 8
        }
    ],
    "metadata": {
        "total_objects": 1,
        "render_settings": {
            "resolution_percentage": 50,
            "file_format": "PNG"
        }
    }
}