{
    "frame": "399",
    "image_filename": "render_399.png",
    "image_resolution": {
        "width": 1920,
        "height": 1080
    },
    "camera_parameters": {
        "intrinsic_matrix": [
            [
                2666.666666666667,
                0,
                960.0
            ],
            [
                0,
                2250.0,
                540.0
            ],
            [
                0,
                0,
                1
            ]
        ],
        "extrinsic_matrix": [
            [
                0.9914947748184204,
                0.13014616072177887,
                7.450580596923828e-09,
                0.12931007146835327
            ],
            [
                -0.00965762697160244,
                0.07357479631900787,
                0.9972429275512695,
                -1.0868027210235596
            ],
            [
                0.12978734076023102,
                -0.9887611865997314,
                0.07420593500137329,
                -11.540765762329102
            ],
            [
                -0.0,
                0.0,
                -0.0,
                1.0
            ]
        ],
        "camera_location": [
            1.359139084815979,
            -11.347929000854492,
            1.9401994943618774
        ],
        "camera_rotation_euler": [
            1.1093189716339111,
            0.0,
            0.8149281740188599
        ],
        "camera_rotation_quaternion": [
            0.7313131093978882,
            0.6789171695709229,
            0.04436790943145752,
            0.047792043536901474
        ],
        "focal_length": 50.0,
        "sensor_width": 36.0,
        "sensor_height": 24.0
    },
    "objects": [
        {
            "object_name": "Cube",
            "bbox_2d": {
                "x_min": 549.8817443847656,
                "y_min": 72.4013614654541,
                "x_max": 1409.0305709838867,
                "y_max": 931.2785536050797,
                "width": 859.1488265991211,
                "height": 858.8771921396255,
                "center_x": 979.4561576843262,
                "center_y": 501.8399575352669
            },
            "visible_vertices": 8,
            "total_vertices": 8
        }
    ],
    "metadata": {
        "total_objects": 1,
        "render_settings": {
            "resolution_percentage": 50,
            "file_format": "PNG"
        }
    }
}