{
    "frame": "263",
    "image_filename": "render_263.png",
    "image_resolution": {
        "width": 1920,
        "height": 1080
    },
    "camera_parameters": {
        "intrinsic_matrix": [
            [
                2666.666666666667,
                0,
                960.0
            ],
            [
                0,
                2250.0,
                540.0
            ],
            [
                0,
                0,
                1
            ]
        ],
        "extrinsic_matrix": [
            [
                0.42783334851264954,
                0.9038576483726501,
                1.4901161193847656e-08,
                0.023586906492710114
            ],
            [
                -0.06327711045742035,
                0.029951659962534904,
                0.9975464940071106,
                -1.0927352905273438
            ],
            [
                0.901639997959137,
                -0.42678362131118774,
                0.0700078159570694,
                -11.453046798706055
            ],
            [
                -0.0,
                0.0,
                -0.0,
                1.0
            ]
        ],
        "camera_location": [
            10.247288703918457,
            -4.876562595367432,
            1.8918570280075073
        ],
        "camera_rotation_euler": [
            1.1093189716339111,
            0.0,
            0.8149281740188599
        ],
        "camera_rotation_quaternion": [
            0.6180195808410645,
            0.5761670470237732,
            0.36472952365875244,
            0.39122334122657776
        ],
        "focal_length": 50.0,
        "sensor_width": 36.0,
        "sensor_height": 24.0
    },
    "objects": [
        {
            "object_name": "Cube",
            "bbox_2d": {
                "x_min": 494.07365798950195,
                "y_min": 57.66315937042236,
                "x_max": 1421.1663436889648,
                "y_max": 910.2910190820694,
                "width": 927.0926856994629,
                "height": 852.627859711647,
                "center_x": 957.6200008392334,
                "center_y": 483.9770892262459
            },
            "visible_vertices": 8,
            "total_vertices": 8
        }
    ],
    "metadata": {
        "total_objects": 1,
        "render_settings": {
            "resolution_percentage": 50,
            "file_format": "PNG"
        }
    }
}