{
    "frame": "531",
    "image_filename": "render_531.png",
    "image_resolution": {
        "width": 1920,
        "height": 1080
    },
    "camera_parameters": {
        "intrinsic_matrix": [
            [
                2666.666666666667,
                0,
                960.0
            ],
            [
                0,
                2250.0,
                540.0
            ],
            [
                0,
                0,
                1
            ]
        ],
        "extrinsic_matrix": [
            [
                0.5971096158027649,
                0.8021595478057861,
                9.313224635931761e-10,
                0.05037281662225723
            ],
            [
                0.02551676705479622,
                -0.018994087353348732,
                0.9994938373565674,
                -1.080966830253601
            ],
            [
                0.8017536401748657,
                -0.5968074798583984,
                -0.03181006386876106,
                -11.349568367004395
            ],
            [
                -0.0,
                0.0,
                -0.0,
                1.0
            ]
        ],
        "camera_location": [
            9.097063064575195,
            -6.834446430206299,
            0.7193891406059265
        ],
        "camera_rotation_euler": [
            1.1093189716339111,
            0.0,
            0.8149281740188599
        ],
        "camera_rotation_quaternion": [
            0.6217526793479919,
            0.6418554782867432,
            0.32237645983695984,
            0.31227967143058777
        ],
        "focal_length": 50.0,
        "sensor_width": 36.0,
        "sensor_height": 24.0
    },
    "objects": [
        {
            "object_name": "Cube",
            "bbox_2d": {
                "x_min": 488.5740852355957,
                "y_min": 28.670454025268555,
                "x_max": 1419.971923828125,
                "y_max": 945.7352524995804,
                "width": 931.3978385925293,
                "height": 917.0647984743118,
                "center_x": 954.2730045318604,
                "center_y": 487.20285326242447
            },
            "visible_vertices": 8,
            "total_vertices": 8
        }
    ],
    "metadata": {
        "total_objects": 1,
        "render_settings": {
            "resolution_percentage": 50,
            "file_format": "PNG"
        }
    }
}