{
    "frame": "940",
    "image_filename": "render_940.png",
    "image_resolution": {
        "width": 1920,
        "height": 1080
    },
    "camera_parameters": {
        "intrinsic_matrix": [
            [
                2666.666666666667,
                0,
                960.0
            ],
            [
                0,
                2250.0,
                540.0
            ],
            [
                0,
                0,
                1
            ]
        ],
        "extrinsic_matrix": [
            [
                -0.9367458820343018,
                0.35001030564308167,
                1.1175871783564162e-08,
                -0.14014269411563873
            ],
            [
                0.05298420041799545,
                0.14180360734462738,
                0.9884757995605469,
                -1.0713952779769897
            ],
            [
                0.34597671031951904,
                0.9259506464004517,
                -0.15137897431850433,
                -11.339332580566406
            ],
            [
                -0.0,
                -0.0,
                -0.0,
                1.0
            ]
        ],
        "camera_location": [
            3.8486335277557373,
            10.700640678405762,
            -0.6574879884719849
        ],
        "camera_rotation_euler": [
            1.1093189716339111,
            0.0,
            0.8149281740188599
        ],
        "camera_rotation_quaternion": [
            0.11584341526031494,
            0.1349346935749054,
            0.7466472387313843,
            0.641007661819458
        ],
        "focal_length": 50.0,
        "sensor_width": 36.0,
        "sensor_height": 24.0
    },
    "objects": [
        {
            "object_name": "Cube",
            "bbox_2d": {
                "x_min": 468.187952041626,
                "y_min": 117.92846918106079,
                "x_max": 1489.4837951660156,
                "y_max": 989.6296030282974,
                "width": 1021.2958431243896,
                "height": 871.7011338472366,
                "center_x": 978.8358736038208,
                "center_y": 553.7790361046791
            },
            "visible_vertices": 8,
            "total_vertices": 8
        }
    ],
    "metadata": {
        "total_objects": 1,
        "render_settings": {
            "resolution_percentage": 50,
            "file_format": "PNG"
        }
    }
}