{
    "frame": "291",
    "image_filename": "render_291.png",
    "image_resolution": {
        "width": 1920,
        "height": 1080
    },
    "camera_parameters": {
        "intrinsic_matrix": [
            [
                2666.666666666667,
                0,
                960.0
            ],
            [
                0,
                2250.0,
                540.0
            ],
            [
                0,
                0,
                1
            ]
        ],
        "extrinsic_matrix": [
            [
                -0.9999722838401794,
                -0.00743069825693965,
                -7.147900049631062e-08,
                -0.13512107729911804
            ],
            [
                0.0011090253246948123,
                -0.14925448596477509,
                0.9887981414794922,
                -1.0677095651626587
            ],
            [
                -0.007347471546381712,
                0.9887708425521851,
                0.14925867319107056,
                -11.715962409973145
            ],
            [
                0.0,
                0.0,
                -0.0,
                1.0
            ]
        ],
        "camera_location": [
            -0.22001595795154572,
            11.42403793334961,
            2.804457664489746
        ],
        "camera_rotation_euler": [
            1.1093189716339111,
            0.0,
            0.8149281740188599
        ],
        "camera_rotation_quaternion": [
            0.0028163911774754524,
            0.002423211233690381,
            -0.6521999835968018,
            -0.7580378651618958
        ],
        "focal_length": 50.0,
        "sensor_width": 36.0,
        "sensor_height": 24.0
    },
    "objects": [
        {
            "object_name": "Cube",
            "bbox_2d": {
                "x_min": 573.6769866943359,
                "y_min": 94.22658205032349,
                "x_max": 1450.6851196289062,
                "y_max": 1022.1683885157108,
                "width": 877.0081329345703,
                "height": 927.9418064653873,
                "center_x": 1012.1810531616211,
                "center_y": 558.1974852830172
            },
            "visible_vertices": 8,
            "total_vertices": 8
        }
    ],
    "metadata": {
        "total_objects": 1,
        "render_settings": {
            "resolution_percentage": 50,
            "file_format": "PNG"
        }
    }
}