{
    "frame": "957",
    "image_filename": "render_957.png",
    "image_resolution": {
        "width": 1920,
        "height": 1080
    },
    "camera_parameters": {
        "intrinsic_matrix": [
            [
                2666.666666666667,
                0,
                960.0
            ],
            [
                0,
                2250.0,
                540.0
            ],
            [
                0,
                0,
                1
            ]
        ],
        "extrinsic_matrix": [
            [
                -0.3870590925216675,
                -0.9220547676086426,
                -1.6018744020129816e-07,
                -0.017373699694871902
            ],
            [
                -0.12262724339962006,
                0.051476236432790756,
                0.9911168813705444,
                -1.0946104526519775
            ],
            [
                -0.9138640761375427,
                0.383620947599411,
                -0.13299328088760376,
                -11.509275436401367
            ],
            [
                -0.0,
                0.0,
                -0.0,
                1.0
            ]
        ],
        "camera_location": [
            -10.658869743347168,
            4.455525875091553,
            -0.44577091932296753
        ],
        "camera_rotation_euler": [
            1.1093189716339111,
            0.0,
            0.8149281740188599
        ],
        "camera_rotation_quaternion": [
            0.36449408531188965,
            0.4166707396507263,
            -0.6268031597137451,
            -0.5483132600784302
        ],
        "focal_length": 50.0,
        "sensor_width": 36.0,
        "sensor_height": 24.0
    },
    "objects": [
        {
            "object_name": "Cube",
            "bbox_2d": {
                "x_min": 499.7732162475586,
                "y_min": 190.64358472824097,
                "x_max": 1429.0388488769531,
                "y_max": 1000.8878400921822,
                "width": 929.2656326293945,
                "height": 810.2442553639412,
                "center_x": 964.4060325622559,
                "center_y": 595.7657124102116
            },
            "visible_vertices": 8,
            "total_vertices": 8
        }
    ],
    "metadata": {
        "total_objects": 1,
        "render_settings": {
            "resolution_percentage": 50,
            "file_format": "PNG"
        }
    }
}