{
    "frame": "265",
    "image_filename": "render_265.png",
    "image_resolution": {
        "width": 1920,
        "height": 1080
    },
    "camera_parameters": {
        "intrinsic_matrix": [
            [
                2666.666666666667,
                0,
                960.0
            ],
            [
                0,
                2250.0,
                540.0
            ],
            [
                0,
                0,
                1
            ]
        ],
        "extrinsic_matrix": [
            [
                0.4185338318347931,
                -0.9082012176513672,
                2.421438694000244e-08,
                0.09118412435054779
            ],
            [
                0.047071672976017,
                0.02169247716665268,
                0.9986560344696045,
                -1.0786856412887573
            ],
            [
                -0.9069806337356567,
                -0.41797125339508057,
                0.05182960256934166,
                -11.678546905517578
            ],
            [
                -0.0,
                0.0,
                -0.0,
                1.0
            ]
        ],
        "camera_location": [
            -10.579602241516113,
            -4.775084018707275,
            1.6825299263000488
        ],
        "camera_rotation_euler": [
            1.1093189716339111,
            0.0,
            0.8149281740188599
        ],
        "camera_rotation_quaternion": [
            0.6107487082481384,
            0.5798732042312622,
            -0.3712576925754547,
            -0.3910253643989563
        ],
        "focal_length": 50.0,
        "sensor_width": 36.0,
        "sensor_height": 24.0
    },
    "objects": [
        {
            "object_name": "Cube",
            "bbox_2d": {
                "x_min": 458.51938247680664,
                "y_min": 113.57331275939941,
                "x_max": 1366.4109420776367,
                "y_max": 1018.6709059774876,
                "width": 907.8915596008301,
                "height": 905.0975932180882,
                "center_x": 912.4651622772217,
                "center_y": 566.1221093684435
            },
            "visible_vertices": 8,
            "total_vertices": 8
        }
    ],
    "metadata": {
        "total_objects": 1,
        "render_settings": {
            "resolution_percentage": 50,
            "file_format": "PNG"
        }
    }
}