{
    "frame": "224",
    "image_filename": "render_224.png",
    "image_resolution": {
        "width": 1920,
        "height": 1080
    },
    "camera_parameters": {
        "intrinsic_matrix": [
            [
                2666.666666666667,
                0,
                960.0
            ],
            [
                0,
                2250.0,
                540.0
            ],
            [
                0,
                0,
                1
            ]
        ],
        "extrinsic_matrix": [
            [
                -0.39525511860847473,
                0.9185711741447449,
                1.9371502446574596e-07,
                -0.088424451649189
            ],
            [
                -0.3153676390647888,
                -0.1357007473707199,
                0.9392168521881104,
                -1.0572495460510254
            ],
            [
                0.8627376556396484,
                0.3712303638458252,
                0.3433242440223694,
                -11.785375595092773
            ],
            [
                -0.0,
                0.0,
                -0.0,
                1.0
            ]
        ],
        "camera_location": [
            9.799317359924316,
            4.312843322753906,
            5.039191246032715
        ],
        "camera_rotation_euler": [
            1.1093189716339111,
            0.0,
            0.8149281740188599
        ],
        "camera_rotation_quaternion": [
            0.4506574273109436,
            0.31508785486221313,
            0.47859957814216614,
            0.6845217943191528
        ],
        "focal_length": 50.0,
        "sensor_width": 36.0,
        "sensor_height": 24.0
    },
    "objects": [
        {
            "object_name": "Cube",
            "bbox_2d": {
                "x_min": 479.92547035217285,
                "y_min": 138.72552394866943,
                "x_max": 1369.3560791015625,
                "y_max": 1029.9522610008717,
                "width": 889.4306087493896,
                "height": 891.2267370522022,
                "center_x": 924.6407747268677,
                "center_y": 584.3388924747705
            },
            "visible_vertices": 8,
            "total_vertices": 8
        }
    ],
    "metadata": {
        "total_objects": 1,
        "render_settings": {
            "resolution_percentage": 50,
            "file_format": "PNG"
        }
    }
}