{
    "frame": "181",
    "image_filename": "render_181.png",
    "image_resolution": {
        "width": 1920,
        "height": 1080
    },
    "camera_parameters": {
        "intrinsic_matrix": [
            [
                2666.666666666667,
                0,
                960.0
            ],
            [
                0,
                2250.0,
                540.0
            ],
            [
                0,
                0,
                1
            ]
        ],
        "extrinsic_matrix": [
            [
                -0.9208145141601562,
                -0.3900008499622345,
                1.564621925354004e-07,
                -0.10986457020044327
            ],
            [
                0.04137658700346947,
                -0.09769211709499359,
                0.9943561553955078,
                -1.0702518224716187
            ],
            [
                -0.3877997398376465,
                0.9156176447868347,
                0.10609322786331177,
                -11.717833518981934
            ],
            [
                -0.0,
                0.0,
                -0.0,
                1.0
            ]
        ],
        "camera_location": [
            -4.601054668426514,
            10.581652641296387,
            2.30739426612854
        ],
        "camera_rotation_euler": [
            1.1093189716339111,
            0.0,
            0.8149281740188599
        ],
        "camera_rotation_quaternion": [
            0.14797517657279968,
            0.13302668929100037,
            -0.6551772952079773,
            -0.728800356388092
        ],
        "focal_length": 50.0,
        "sensor_width": 36.0,
        "sensor_height": 24.0
    },
    "objects": [
        {
            "object_name": "Cube",
            "bbox_2d": {
                "x_min": 516.0921478271484,
                "y_min": 107.0182728767395,
                "x_max": 1364.585952758789,
                "y_max": 1049.0384539961815,
                "width": 848.4938049316406,
                "height": 942.020181119442,
                "center_x": 940.3390502929688,
                "center_y": 578.0283634364605
            },
            "visible_vertices": 8,
            "total_vertices": 8
        }
    ],
    "metadata": {
        "total_objects": 1,
        "render_settings": {
            "resolution_percentage": 50,
            "file_format": "PNG"
        }
    }
}