{
    "frame": "410",
    "image_filename": "render_410.png",
    "image_resolution": {
        "width": 1920,
        "height": 1080
    },
    "camera_parameters": {
        "intrinsic_matrix": [
            [
                2666.666666666667,
                0,
                960.0
            ],
            [
                0,
                2250.0,
                540.0
            ],
            [
                0,
                0,
                1
            ]
        ],
        "extrinsic_matrix": [
            [
                0.8336042165756226,
                0.5523620843887329,
                2.607702676016288e-08,
                0.0918867439031601
            ],
            [
                0.06518514454364777,
                -0.09837495535612106,
                0.9930120706558228,
                -1.0655417442321777
            ],
            [
                0.5485023260116577,
                -0.8277791142463684,
                -0.11801157146692276,
                -11.281495094299316
            ],
            [
                -0.0,
                0.0,
                -0.0,
                1.0
            ]
        ],
        "camera_location": [
            6.180787086486816,
            -9.494165420532227,
            -0.2732512950897217
        ],
        "camera_rotation_euler": [
            1.1093189716339111,
            0.0,
            0.8149281740188599
        ],
        "camera_rotation_quaternion": [
            0.6358494162559509,
            0.7158894538879395,
            0.21565735340118408,
            0.191545769572258
        ],
        "focal_length": 50.0,
        "sensor_width": 36.0,
        "sensor_height": 24.0
    },
    "objects": [
        {
            "object_name": "Cube",
            "bbox_2d": {
                "x_min": 508.22994232177734,
                "y_min": 19.3599271774292,
                "x_max": 1398.4549713134766,
                "y_max": 974.9873569607735,
                "width": 890.2250289916992,
                "height": 955.6274297833443,
                "center_x": 953.342456817627,
                "center_y": 497.17364206910133
            },
            "visible_vertices": 8,
            "total_vertices": 8
        }
    ],
    "metadata": {
        "total_objects": 1,
        "render_settings": {
            "resolution_percentage": 50,
            "file_format": "PNG"
        }
    }
}