{
    "frame": "330",
    "image_filename": "render_330.png",
    "image_resolution": {
        "width": 1920,
        "height": 1080
    },
    "camera_parameters": {
        "intrinsic_matrix": [
            [
                2666.666666666667,
                0,
                960.0
            ],
            [
                0,
                2250.0,
                540.0
            ],
            [
                0,
                0,
                1
            ]
        ],
        "extrinsic_matrix": [
            [
                0.982330858707428,
                -0.18715256452560425,
                3.3527616238870905e-08,
                0.14012648165225983
            ],
            [
                0.04486564174294472,
                0.23549197614192963,
                0.9708402156829834,
                -1.0569058656692505
            ],
            [
                -0.18169520795345306,
                -0.9536862969398499,
                0.23972776532173157,
                -11.763980865478516
            ],
            [
                -0.0,
                0.0,
                -0.0,
                1.0
            ]
        ],
        "camera_location": [
            -2.2276909351348877,
            -10.944028854370117,
            3.8462393283843994
        ],
        "camera_rotation_euler": [
            1.1093189716339111,
            0.0,
            0.8149281740188599
        ],
        "camera_rotation_quaternion": [
            0.7838287949562073,
            0.6138222813606262,
            -0.0579511895775795,
            -0.07400155067443848
        ],
        "focal_length": 50.0,
        "sensor_width": 36.0,
        "sensor_height": 24.0
    },
    "objects": [
        {
            "object_name": "Cube",
            "bbox_2d": {
                "x_min": 506.0730171203613,
                "y_min": 102.39159107208252,
                "x_max": 1473.4562301635742,
                "y_max": 994.2458805441856,
                "width": 967.3832130432129,
                "height": 891.8542894721031,
                "center_x": 989.7646236419678,
                "center_y": 548.3187358081341
            },
            "visible_vertices": 8,
            "total_vertices": 8
        }
    ],
    "metadata": {
        "total_objects": 1,
        "render_settings": {
            "resolution_percentage": 50,
            "file_format": "PNG"
        }
    }
}