{
    "frame": "924",
    "image_filename": "render_924.png",
    "image_resolution": {
        "width": 1920,
        "height": 1080
    },
    "camera_parameters": {
        "intrinsic_matrix": [
            [
                2666.666666666667,
                0,
                960.0
            ],
            [
                0,
                2250.0,
                540.0
            ],
            [
                0,
                0,
                1
            ]
        ],
        "extrinsic_matrix": [
            [
                -0.5488743185997009,
                -0.8359049558639526,
                -8.568167686462402e-08,
                -0.04255716875195503
            ],
            [
                -0.057041995227336884,
                0.0374549999833107,
                0.997668981552124,
                -1.0923099517822266
            ],
            [
                -0.8339563608169556,
                0.5475949048995972,
                -0.0682397335767746,
                -11.574991226196289
            ],
            [
                -0.0,
                0.0,
                -0.0,
                1.0
            ]
        ],
        "camera_location": [
            -9.738702774047852,
            6.343743801116943,
            0.29988893866539
        ],
        "camera_rotation_euler": [
            1.1093189716339111,
            0.0,
            0.8149281740188599
        ],
        "camera_rotation_quaternion": [
            0.32416853308677673,
            0.34709885716438293,
            -0.643150269985199,
            -0.6006620526313782
        ],
        "focal_length": 50.0,
        "sensor_width": 36.0,
        "sensor_height": 24.0
    },
    "objects": [
        {
            "object_name": "Cube",
            "bbox_2d": {
                "x_min": 491.96800231933594,
                "y_min": 169.44432735443115,
                "x_max": 1413.5014343261719,
                "y_max": 1023.1616520881653,
                "width": 921.5334320068359,
                "height": 853.7173247337341,
                "center_x": 952.7347183227539,
                "center_y": 596.3029897212982
            },
            "visible_vertices": 8,
            "total_vertices": 8
        }
    ],
    "metadata": {
        "total_objects": 1,
        "render_settings": {
            "resolution_percentage": 50,
            "file_format": "PNG"
        }
    }
}