{
    "frame": "954",
    "image_filename": "render_954.png",
    "image_resolution": {
        "width": 1920,
        "height": 1080
    },
    "camera_parameters": {
        "intrinsic_matrix": [
            [
                2666.666666666667,
                0,
                960.0
            ],
            [
                0,
                2250.0,
                540.0
            ],
            [
                0,
                0,
                1
            ]
        ],
        "extrinsic_matrix": [
            [
                0.9755911827087402,
                0.21959476172924042,
                7.450578820566989e-09,
                0.12375793606042862
            ],
            [
                -0.06780514866113663,
                0.3012373149394989,
                0.9511353373527527,
                -1.0532703399658203
            ],
            [
                0.20886437594890594,
                -0.9279192090034485,
                0.30877411365509033,
                -11.78703784942627
            ],
            [
                -0.0,
                0.0,
                -0.0,
                1.0
            ]
        ],
        "camera_location": [
            2.269737720489502,
            -10.64731216430664,
            4.6413350105285645
        ],
        "camera_rotation_euler": [
            1.1093189716339111,
            0.0,
            0.8149281740188599
        ],
        "camera_rotation_quaternion": [
            0.8039906024932861,
            0.584290087223053,
            0.06494615972042084,
            0.08936671167612076
        ],
        "focal_length": 50.0,
        "sensor_width": 36.0,
        "sensor_height": 24.0
    },
    "objects": [
        {
            "object_name": "Cube",
            "bbox_2d": {
                "x_min": 519.5343017578125,
                "y_min": 135.7203984260559,
                "x_max": 1367.500991821289,
                "y_max": 980.25944262743,
                "width": 847.9666900634766,
                "height": 844.539044201374,
                "center_x": 943.5176467895508,
                "center_y": 557.9899205267429
            },
            "visible_vertices": 8,
            "total_vertices": 8
        }
    ],
    "metadata": {
        "total_objects": 1,
        "render_settings": {
            "resolution_percentage": 50,
            "file_format": "PNG"
        }
    }
}