{
    "frame": "687",
    "image_filename": "render_687.png",
    "image_resolution": {
        "width": 1920,
        "height": 1080
    },
    "camera_parameters": {
        "intrinsic_matrix": [
            [
                2666.666666666667,
                0,
                960.0
            ],
            [
                0,
                2250.0,
                540.0
            ],
            [
                0,
                0,
                1
            ]
        ],
        "extrinsic_matrix": [
            [
                0.8548969030380249,
                0.5187978744506836,
                1.4156097449813387e-07,
                0.09604586660861969
            ],
            [
                -0.0734185054898262,
                0.12098194658756256,
                0.9899357557296753,
                -1.0893056392669678
            ],
            [
                0.5135766863822937,
                -0.8462929725646973,
                0.14151649177074432,
                -11.56728744506836
            ],
            [
                -0.0,
                0.0,
                -0.0,
                1.0
            ]
        ],
        "camera_location": [
            5.7786054611206055,
            -9.707359313964844,
            2.7153050899505615
        ],
        "camera_rotation_euler": [
            1.1093189716339111,
            0.0,
            0.8149281740188599
        ],
        "camera_rotation_quaternion": [
            0.727563738822937,
            0.6309513449668884,
            0.17647136747837067,
            0.20349302887916565
        ],
        "focal_length": 50.0,
        "sensor_width": 36.0,
        "sensor_height": 24.0
    },
    "objects": [
        {
            "object_name": "Cube",
            "bbox_2d": {
                "x_min": 494.40673828125,
                "y_min": 83.19620132446289,
                "x_max": 1379.9652099609375,
                "y_max": 898.7833124399185,
                "width": 885.5584716796875,
                "height": 815.5871111154556,
                "center_x": 937.1859741210938,
                "center_y": 490.9897568821907
            },
            "visible_vertices": 8,
            "total_vertices": 8
        }
    ],
    "metadata": {
        "total_objects": 1,
        "render_settings": {
            "resolution_percentage": 50,
            "file_format": "PNG"
        }
    }
}