{
    "frame": "290",
    "image_filename": "render_290.png",
    "image_resolution": {
        "width": 1920,
        "height": 1080
    },
    "camera_parameters": {
        "intrinsic_matrix": [
            [
                2666.666666666667,
                0,
                960.0
            ],
            [
                0,
                2250.0,
                540.0
            ],
            [
                0,
                0,
                1
            ]
        ],
        "extrinsic_matrix": [
            [
                -0.599266529083252,
                0.8005496263504028,
                3.725291186640334e-09,
                -0.11156581342220306
            ],
            [
                0.03582661598920822,
                0.02681864984333515,
                0.9989982843399048,
                -1.0807737112045288
            ],
            [
                0.79974764585495,
                0.5986661314964294,
                -0.044752560555934906,
                -11.381217002868652
            ],
            [
                -0.0,
                -0.0,
                -0.0,
                1.0
            ]
        ],
        "camera_location": [
            9.07396125793457,
            6.931846618652344,
            0.5703529715538025
        ],
        "camera_rotation_euler": [
            1.1093189716339111,
            0.0,
            0.8149281740188599
        ],
        "camera_rotation_quaternion": [
            0.3093540072441101,
            0.32352253794670105,
            0.6463044285774231,
            0.6179998517036438
        ],
        "focal_length": 50.0,
        "sensor_width": 36.0,
        "sensor_height": 24.0
    },
    "objects": [
        {
            "object_name": "Cube",
            "bbox_2d": {
                "x_min": 428.6180591583252,
                "y_min": 75.8932113647461,
                "x_max": 1424.7418212890625,
                "y_max": 971.559349000454,
                "width": 996.1237621307373,
                "height": 895.6661376357079,
                "center_x": 926.6799402236938,
                "center_y": 523.7262801826
            },
            "visible_vertices": 8,
            "total_vertices": 8
        }
    ],
    "metadata": {
        "total_objects": 1,
        "render_settings": {
            "resolution_percentage": 50,
            "file_format": "PNG"
        }
    }
}