{
    "frame": "893",
    "image_filename": "render_893.png",
    "image_resolution": {
        "width": 1920,
        "height": 1080
    },
    "camera_parameters": {
        "intrinsic_matrix": [
            [
                2666.666666666667,
                0,
                960.0
            ],
            [
                0,
                2250.0,
                540.0
            ],
            [
                0,
                0,
                1
            ]
        ],
        "extrinsic_matrix": [
            [
                0.5781591534614563,
                -0.8159240484237671,
                1.266598843585598e-07,
                0.10929129272699356
            ],
            [
                0.21085678040981293,
                0.14941202104091644,
                0.9660307765007019,
                -1.0259393453598022
            ],
            [
                -0.7882077097892761,
                -0.5585195422172546,
                0.25842705368995667,
                -11.881423950195312
            ],
            [
                -0.0,
                0.0,
                -0.0,
                1.0
            ]
        ],
        "camera_location": [
            -9.211892127990723,
            -6.393546104431152,
            4.061570167541504
        ],
        "camera_rotation_euler": [
            1.1093189716339111,
            0.0,
            0.8149281740188599
        ],
        "camera_rotation_quaternion": [
            0.7046272158622742,
            0.5409066677093506,
            -0.2796541750431061,
            -0.3642992675304413
        ],
        "focal_length": 50.0,
        "sensor_width": 36.0,
        "sensor_height": 24.0
    },
    "objects": [
        {
            "object_name": "Cube",
            "bbox_2d": {
                "x_min": 424.9615287780762,
                "y_min": 81.4065670967102,
                "x_max": 1413.973503112793,
                "y_max": 1000.679601430893,
                "width": 989.0119743347168,
                "height": 919.2730343341827,
                "center_x": 919.4675159454346,
                "center_y": 541.0430842638016
            },
            "visible_vertices": 8,
            "total_vertices": 8
        }
    ],
    "metadata": {
        "total_objects": 1,
        "render_settings": {
            "resolution_percentage": 50,
            "file_format": "PNG"
        }
    }
}