{
    "frame": "691",
    "image_filename": "render_691.png",
    "image_resolution": {
        "width": 1920,
        "height": 1080
    },
    "camera_parameters": {
        "intrinsic_matrix": [
            [
                2666.666666666667,
                0,
                960.0
            ],
            [
                0,
                2250.0,
                540.0
            ],
            [
                0,
                0,
                1
            ]
        ],
        "extrinsic_matrix": [
            [
                0.3294064998626709,
                0.944188117980957,
                1.3411042232291948e-07,
                0.008727076463401318
            ],
            [
                -0.12333284318447113,
                0.04302806779742241,
                0.9914320707321167,
                -1.0947282314300537
            ],
            [
                0.9360984563827515,
                -0.3265841007232666,
                0.1306232064962387,
                -11.517997741699219
            ],
            [
                -0.0,
                0.0,
                -0.0,
                1.0
            ]
        ],
        "camera_location": [
            10.644089698791504,
            -3.7227323055267334,
            2.5898659229278564
        ],
        "camera_rotation_euler": [
            1.1093189716339111,
            0.0,
            0.8149281740188599
        ],
        "camera_rotation_quaternion": [
            0.6129963397979736,
            0.5375303030014038,
            0.38177165389060974,
            0.43537014722824097
        ],
        "focal_length": 50.0,
        "sensor_width": 36.0,
        "sensor_height": 24.0
    },
    "objects": [
        {
            "object_name": "Cube",
            "bbox_2d": {
                "x_min": 504.5357894897461,
                "y_min": 78.4440565109253,
                "x_max": 1433.9558029174805,
                "y_max": 896.0925847291946,
                "width": 929.4200134277344,
                "height": 817.6485282182693,
                "center_x": 969.2457962036133,
                "center_y": 487.26832062005997
            },
            "visible_vertices": 8,
            "total_vertices": 8
        }
    ],
    "metadata": {
        "total_objects": 1,
        "render_settings": {
            "resolution_percentage": 50,
            "file_format": "PNG"
        }
    }
}