{
    "frame": "205",
    "image_filename": "render_205.png",
    "image_resolution": {
        "width": 1920,
        "height": 1080
    },
    "camera_parameters": {
        "intrinsic_matrix": [
            [
                2666.666666666667,
                0,
                960.0
            ],
            [
                0,
                2250.0,
                540.0
            ],
            [
                0,
                0,
                1
            ]
        ],
        "extrinsic_matrix": [
            [
                0.9811398386955261,
                -0.19329874217510223,
                -3.352759847530251e-08,
                0.14019843935966492
            ],
            [
                -0.017123721539974213,
                -0.08691603690385818,
                0.9960681796073914,
                -1.0804442167282104
            ],
            [
                -0.1925387680530548,
                -0.9772822856903076,
                -0.08858678489923477,
                -11.408099174499512
            ],
            [
                -0.0,
                0.0,
                -0.0,
                1.0
            ]
        ],
        "camera_location": [
            -2.352557897567749,
            -11.215747833251953,
            0.06558915972709656
        ],
        "camera_rotation_euler": [
            1.1093189716339111,
            0.0,
            0.8149281740188599
        ],
        "camera_rotation_quaternion": [
            0.6718700528144836,
            0.7342755794525146,
            -0.07164286822080612,
            -0.06555399298667908
        ],
        "focal_length": 50.0,
        "sensor_width": 36.0,
        "sensor_height": 24.0
    },
    "objects": [
        {
            "object_name": "Cube",
            "bbox_2d": {
                "x_min": 513.3035659790039,
                "y_min": 76.13634824752808,
                "x_max": 1486.0826110839844,
                "y_max": 978.5558027029037,
                "width": 972.7790451049805,
                "height": 902.4194544553757,
                "center_x": 999.6930885314941,
                "center_y": 527.3460754752159
            },
            "visible_vertices": 8,
            "total_vertices": 8
        }
    ],
    "metadata": {
        "total_objects": 1,
        "render_settings": {
            "resolution_percentage": 50,
            "file_format": "PNG"
        }
    }
}