{
    "frame": "999",
    "image_filename": "render_999.png",
    "image_resolution": {
        "width": 1920,
        "height": 1080
    },
    "camera_parameters": {
        "intrinsic_matrix": [
            [
                2666.666666666667,
                0,
                960.0
            ],
            [
                0,
                2250.0,
                540.0
            ],
            [
                0,
                0,
                1
            ]
        ],
        "extrinsic_matrix": [
            [
                0.9340223670005798,
                0.3572145402431488,
                0.0,
                0.11289964616298676
            ],
            [
                -0.09723398834466934,
                0.254241406917572,
                0.9622405767440796,
                -1.067525029182434
            ],
            [
                0.34372633695602417,
                -0.8987542390823364,
                0.2722005546092987,
                -11.730177879333496
            ],
            [
                -0.0,
                0.0,
                -0.0,
                1.0
            ]
        ],
        "camera_location": [
            3.8227200508117676,
            -10.311466217041016,
            4.2201762199401855
        ],
        "camera_rotation_euler": [
            1.1093189716339111,
            0.0,
            0.8149281740188599
        ],
        "camera_rotation_quaternion": [
            0.7842933535575867,
            0.5932074785232544,
            0.1095656082034111,
            0.1448592245578766
        ],
        "focal_length": 50.0,
        "sensor_width": 36.0,
        "sensor_height": 24.0
    },
    "objects": [
        {
            "object_name": "Cube",
            "bbox_2d": {
                "x_min": 499.31848526000977,
                "y_min": 127.29512929916382,
                "x_max": 1341.7402267456055,
                "y_max": 951.3487485051155,
                "width": 842.4217414855957,
                "height": 824.0536192059517,
                "center_x": 920.5293560028076,
                "center_y": 539.3219389021397
            },
            "visible_vertices": 8,
            "total_vertices": 8
        }
    ],
    "metadata": {
        "total_objects": 1,
        "render_settings": {
            "resolution_percentage": 50,
            "file_format": "PNG"
        }
    }
}