{
    "frame": "870",
    "image_filename": "render_870.png",
    "image_resolution": {
        "width": 1920,
        "height": 1080
    },
    "camera_parameters": {
        "intrinsic_matrix": [
            [
                2666.666666666667,
                0,
                960.0
            ],
            [
                0,
                2250.0,
                540.0
            ],
            [
                0,
                0,
                1
            ]
        ],
        "extrinsic_matrix": [
            [
                -0.661541223526001,
                0.7499088048934937,
                3.725290298461914e-08,
                -0.11807417869567871
            ],
            [
                -0.11901605129241943,
                -0.10499152541160583,
                0.9873256683349609,
                -1.0840599536895752
            ],
            [
                0.7404041886329651,
                0.653156578540802,
                0.1587073802947998,
                -11.61221694946289
            ],
            [
                -0.0,
                0.0,
                -0.0,
                1.0
            ]
        ],
        "camera_location": [
            8.390603065490723,
            7.559323310852051,
            2.9132649898529053
        ],
        "camera_rotation_euler": [
            1.1093189716339111,
            0.0,
            0.8149281740188599
        ],
        "camera_rotation_quaternion": [
            0.3131192624568939,
            0.26680654287338257,
            0.5911518931388855,
            0.6937651038169861
        ],
        "focal_length": 50.0,
        "sensor_width": 36.0,
        "sensor_height": 24.0
    },
    "objects": [
        {
            "object_name": "Cube",
            "bbox_2d": {
                "x_min": 431.2228202819824,
                "y_min": 90.60830354690552,
                "x_max": 1448.7868881225586,
                "y_max": 983.0125558376312,
                "width": 1017.5640678405762,
                "height": 892.4042522907257,
                "center_x": 940.0048542022705,
                "center_y": 536.8104296922684
            },
            "visible_vertices": 8,
            "total_vertices": 8
        }
    ],
    "metadata": {
        "total_objects": 1,
        "render_settings": {
            "resolution_percentage": 50,
            "file_format": "PNG"
        }
    }
}