{
    "frame": "383",
    "image_filename": "render_383.png",
    "image_resolution": {
        "width": 1920,
        "height": 1080
    },
    "camera_parameters": {
        "intrinsic_matrix": [
            [
                2666.666666666667,
                0,
                960.0
            ],
            [
                0,
                2250.0,
                540.0
            ],
            [
                0,
                0,
                1
            ]
        ],
        "extrinsic_matrix": [
            [
                -0.528465747833252,
                0.8489547371864319,
                -7.450581485102248e-09,
                -0.10381711274385452
            ],
            [
                -0.12594735622406006,
                -0.07840097695589066,
                0.9889339804649353,
                -1.0877538919448853
            ],
            [
                0.8395601511001587,
                0.5226176977157593,
                0.14835576713085175,
                -11.582592010498047
            ],
            [
                -0.0,
                0.0,
                -0.0,
                1.0
            ]
        ],
        "camera_location": [
            9.532418251037598,
            6.056122303009033,
            2.7940616607666016
        ],
        "camera_rotation_euler": [
            1.1093189716339111,
            0.0,
            0.8149281740188599
        ],
        "camera_rotation_quaternion": [
            0.36792972683906555,
            0.31685149669647217,
            0.5704622864723206,
            0.6624240279197693
        ],
        "focal_length": 50.0,
        "sensor_width": 36.0,
        "sensor_height": 24.0
    },
    "objects": [
        {
            "object_name": "Cube",
            "bbox_2d": {
                "x_min": 444.3609809875488,
                "y_min": 88.62246036529541,
                "x_max": 1407.7583312988281,
                "y_max": 975.690406858921,
                "width": 963.3973503112793,
                "height": 887.0679464936256,
                "center_x": 926.0596561431885,
                "center_y": 532.1564336121082
            },
            "visible_vertices": 8,
            "total_vertices": 8
        }
    ],
    "metadata": {
        "total_objects": 1,
        "render_settings": {
            "resolution_percentage": 50,
            "file_format": "PNG"
        }
    }
}