{
    "frame": "22",
    "image_filename": "render_022.png",
    "image_resolution": {
        "width": 1920,
        "height": 1080
    },
    "camera_parameters": {
        "intrinsic_matrix": [
            [
                2666.666666666667,
                0,
                960.0
            ],
            [
                0,
                2250.0,
                540.0
            ],
            [
                0,
                0,
                1
            ]
        ],
        "extrinsic_matrix": [
            [
                -0.6223546862602234,
                -0.7827354669570923,
                -2.980232594040899e-08,
                -0.05452784523367882
            ],
            [
                0.12319542467594147,
                -0.09795301407575607,
                0.9875364303588867,
                -1.051758050918579
            ],
            [
                -0.7729797959327698,
                0.6145977973937988,
                0.15739084780216217,
                -12.313678741455078
            ],
            [
                0.0,
                0.0,
                -0.0,
                1.0
            ]
        ],
        "camera_location": [
            -9.422586441040039,
            7.422255516052246,
            2.976710319519043
        ],
        "camera_rotation_euler": [
            1.1093189716339111,
            0.0,
            0.8149281740188599
        ],
        "camera_rotation_quaternion": [
            0.3305613696575165,
            0.28204941749572754,
            -0.5845961570739746,
            -0.6851456761360168
        ],
        "focal_length": 50.0,
        "sensor_width": 36.0,
        "sensor_height": 24.0
    },
    "objects": [
        {
            "object_name": "Cube",
            "bbox_2d": {
                "x_min": 504.9842834472656,
                "y_min": 110.94232320785522,
                "x_max": 1406.433334350586,
                "y_max": 1052.5273668766022,
                "width": 901.4490509033203,
                "height": 941.585043668747,
                "center_x": 955.7088088989258,
                "center_y": 581.7348450422287
            },
            "visible_vertices": 8,
            "total_vertices": 8
        }
    ],
    "metadata": {
        "total_objects": 1,
        "render_settings": {
            "resolution_percentage": 50,
            "file_format": "PNG"
        }
    }
}