{
    "frame": "963",
    "image_filename": "render_963.png",
    "image_resolution": {
        "width": 1920,
        "height": 1080
    },
    "camera_parameters": {
        "intrinsic_matrix": [
            [
                2666.666666666667,
                0,
                960.0
            ],
            [
                0,
                2250.0,
                540.0
            ],
            [
                0,
                0,
                1
            ]
        ],
        "extrinsic_matrix": [
            [
                -0.19036240875720978,
                -0.9817137122154236,
                -2.905725295931916e-07,
                0.01152538601309061
            ],
            [
                0.16320911049842834,
                -0.031647779047489166,
                0.9860836267471313,
                -1.0472835302352905
            ],
            [
                -0.9680519700050354,
                0.1877133846282959,
                0.1662493646144867,
                -11.83405590057373
            ],
            [
                0.0,
                0.0,
                -0.0,
                1.0
            ]
        ],
        "camera_location": [
            -11.282862663269043,
            2.1995797157287598,
            3.0001118183135986
        ],
        "camera_rotation_euler": [
            1.1093189716339111,
            0.0,
            0.8149281740188599
        ],
        "camera_rotation_quaternion": [
            0.48585987091064453,
            0.4108029007911682,
            -0.4981127977371216,
            -0.5891221761703491
        ],
        "focal_length": 50.0,
        "sensor_width": 36.0,
        "sensor_height": 24.0
    },
    "objects": [
        {
            "object_name": "Cube",
            "bbox_2d": {
                "x_min": 508.0513572692871,
                "y_min": 91.23059749603271,
                "x_max": 1423.1818771362305,
                "y_max": 1070.7954774051905,
                "width": 915.1305198669434,
                "height": 979.5648799091578,
                "center_x": 965.6166172027588,
                "center_y": 581.0130374506116
            },
            "visible_vertices": 8,
            "total_vertices": 8
        }
    ],
    "metadata": {
        "total_objects": 1,
        "render_settings": {
            "resolution_percentage": 50,
            "file_format": "PNG"
        }
    }
}