{
    "frame": "119",
    "image_filename": "render_119.png",
    "image_resolution": {
        "width": 1920,
        "height": 1080
    },
    "camera_parameters": {
        "intrinsic_matrix": [
            [
                2666.666666666667,
                0,
                960.0
            ],
            [
                0,
                2250.0,
                540.0
            ],
            [
                0,
                0,
                1
            ]
        ],
        "extrinsic_matrix": [
            [
                -0.8694018125534058,
                -0.4941057860851288,
                1.4901162614933128e-07,
                -0.09894774109125137
            ],
            [
                0.16046899557113647,
                -0.2823522984981537,
                0.9457943439483643,
                -0.9943855404853821
            ],
            [
                -0.467322438955307,
                0.8222754001617432,
                0.32476624846458435,
                -11.962468147277832
            ],
            [
                -0.0,
                0.0,
                -0.0,
                1.0
            ]
        ],
        "camera_location": [
            -5.516786098480225,
            9.506783485412598,
            4.825489521026611
        ],
        "camera_rotation_euler": [
            1.1093189716339111,
            0.0,
            0.8149281740188599
        ],
        "camera_rotation_quaternion": [
            0.2079736441373825,
            0.148479163646698,
            -0.5617569088935852,
            -0.7868481874465942
        ],
        "focal_length": 50.0,
        "sensor_width": 36.0,
        "sensor_height": 24.0
    },
    "objects": [
        {
            "object_name": "Cube",
            "bbox_2d": {
                "x_min": 521.1419677734375,
                "y_min": 52.22582817077637,
                "x_max": 1398.5721588134766,
                "y_max": 1075.5045536532998,
                "width": 877.4301910400391,
                "height": 1023.2787254825234,
                "center_x": 959.857063293457,
                "center_y": 563.8651909120381
            },
            "visible_vertices": 8,
            "total_vertices": 8
        }
    ],
    "metadata": {
        "total_objects": 1,
        "render_settings": {
            "resolution_percentage": 50,
            "file_format": "PNG"
        }
    }
}