{
    "frame": "624",
    "image_filename": "render_624.png",
    "image_resolution": {
        "width": 1920,
        "height": 1080
    },
    "camera_parameters": {
        "intrinsic_matrix": [
            [
                2666.666666666667,
                0,
                960.0
            ],
            [
                0,
                2250.0,
                540.0
            ],
            [
                0,
                0,
                1
            ]
        ],
        "extrinsic_matrix": [
            [
                -0.9232873916625977,
                -0.3841099143028259,
                -2.2351741790771484e-08,
                -0.11042536050081253
            ],
            [
                0.11049369722604752,
                -0.2655944228172302,
                0.9577321410179138,
                -1.0147473812103271
            ],
            [
                -0.3678743839263916,
                0.884261965751648,
                0.28766173124313354,
                -11.91107177734375
            ],
            [
                0.0,
                0.0,
                -0.0,
                1.0
            ]
        ],
        "camera_location": [
            -4.371609210968018,
            10.2205810546875,
            4.398215293884277
        ],
        "camera_rotation_euler": [
            1.1093189716339111,
            0.0,
            0.8149281740188599
        ],
        "camera_rotation_quaternion": [
            0.15714634954929352,
            0.11688172072172165,
            -0.5852416753768921,
            -0.7868518829345703
        ],
        "focal_length": 50.0,
        "sensor_width": 36.0,
        "sensor_height": 24.0
    },
    "objects": [
        {
            "object_name": "Cube",
            "bbox_2d": {
                "x_min": 527.2547149658203,
                "y_min": 62.93466567993164,
                "x_max": 1372.3892211914062,
                "y_max": 1063.6600695177913,
                "width": 845.1345062255859,
                "height": 1000.7254038378596,
                "center_x": 949.8219680786133,
                "center_y": 563.2973675988615
            },
            "visible_vertices": 8,
            "total_vertices": 8
        }
    ],
    "metadata": {
        "total_objects": 1,
        "render_settings": {
            "resolution_percentage": 50,
            "file_format": "PNG"
        }
    }
}