{
    "frame": "223",
    "image_filename": "render_223.png",
    "image_resolution": {
        "width": 1920,
        "height": 1080
    },
    "camera_parameters": {
        "intrinsic_matrix": [
            [
                2666.666666666667,
                0,
                960.0
            ],
            [
                0,
                2250.0,
                540.0
            ],
            [
                0,
                0,
                1
            ]
        ],
        "extrinsic_matrix": [
            [
                0.8542888760566711,
                0.5197984576225281,
                -1.862644971595273e-08,
                0.09592504799365997
            ],
            [
                0.018926143646240234,
                -0.031105054542422295,
                0.9993368983268738,
                -1.0812290906906128
            ],
            [
                0.519453763961792,
                -0.8537223935127258,
                -0.03641047701239586,
                -11.37303638458252
            ],
            [
                -0.0,
                0.0,
                -0.0,
                1.0
            ]
        ],
        "camera_location": [
            5.846282958984375,
            -9.7929105758667,
            0.6664143800735474
        ],
        "camera_rotation_euler": [
            1.1093189716339111,
            0.0,
            0.8149281740188599
        ],
        "camera_rotation_quaternion": [
            0.6683512330055237,
            0.6931458115577698,
            0.1943042129278183,
            0.18735371530056
        ],
        "focal_length": 50.0,
        "sensor_width": 36.0,
        "sensor_height": 24.0
    },
    "objects": [
        {
            "object_name": "Cube",
            "bbox_2d": {
                "x_min": 504.1456604003906,
                "y_min": 36.025328636169434,
                "x_max": 1388.4250259399414,
                "y_max": 950.8062690496445,
                "width": 884.2793655395508,
                "height": 914.780940413475,
                "center_x": 946.285343170166,
                "center_y": 493.41579884290695
            },
            "visible_vertices": 8,
            "total_vertices": 8
        }
    ],
    "metadata": {
        "total_objects": 1,
        "render_settings": {
            "resolution_percentage": 50,
            "file_format": "PNG"
        }
    }
}