{
    "frame": "556",
    "image_filename": "render_556.png",
    "image_resolution": {
        "width": 1920,
        "height": 1080
    },
    "camera_parameters": {
        "intrinsic_matrix": [
            [
                2666.666666666667,
                0,
                960.0
            ],
            [
                0,
                2250.0,
                540.0
            ],
            [
                0,
                0,
                1
            ]
        ],
        "extrinsic_matrix": [
            [
                0.5467024445533752,
                0.8373269438743591,
                -7.450577932388569e-09,
                0.042211681604385376
            ],
            [
                0.10146255791187286,
                -0.0662461519241333,
                0.9926311373710632,
                -1.061439037322998
            ],
            [
                0.831156849861145,
                -0.5426738262176514,
                -0.12117420136928558,
                -11.25062084197998
            ],
            [
                -0.0,
                0.0,
                -0.0,
                1.0
            ]
        ],
        "camera_location": [
            9.435650825500488,
            -6.211081027984619,
            -0.30966830253601074
        ],
        "camera_rotation_euler": [
            1.1093189716339111,
            0.0,
            0.8149281740188599
        ],
        "camera_rotation_quaternion": [
            0.5829413533210754,
            0.6584305167198181,
            0.3564497232437134,
            0.31558260321617126
        ],
        "focal_length": 50.0,
        "sensor_width": 36.0,
        "sensor_height": 24.0
    },
    "objects": [
        {
            "object_name": "Cube",
            "bbox_2d": {
                "x_min": 481.89605712890625,
                "y_min": 8.68494987487793,
                "x_max": 1423.8515853881836,
                "y_max": 974.8263841867447,
                "width": 941.9555282592773,
                "height": 966.1414343118668,
                "center_x": 952.8738212585449,
                "center_y": 491.7556670308113
            },
            "visible_vertices": 8,
            "total_vertices": 8
        }
    ],
    "metadata": {
        "total_objects": 1,
        "render_settings": {
            "resolution_percentage": 50,
            "file_format": "PNG"
        }
    }
}