{
    "frame": "617",
    "image_filename": "render_617.png",
    "image_resolution": {
        "width": 1920,
        "height": 1080
    },
    "camera_parameters": {
        "intrinsic_matrix": [
            [
                2666.666666666667,
                0,
                960.0
            ],
            [
                0,
                2250.0,
                540.0
            ],
            [
                0,
                0,
                1
            ]
        ],
        "extrinsic_matrix": [
            [
                0.9978613257408142,
                0.0653669461607933,
                8.381902283360887e-09,
                0.132633775472641
            ],
            [
                -0.005869422107934952,
                0.08959979563951492,
                0.9959604740142822,
                -1.0855103731155396
            ],
            [
                0.06510290503501892,
                -0.9938304424285889,
                0.08979183435440063,
                -11.566251754760742
            ],
            [
                -0.0,
                0.0,
                -0.0,
                1.0
            ]
        ],
        "camera_location": [
            0.6142751574516296,
            -11.406302452087402,
            2.119680643081665
        ],
        "camera_rotation_euler": [
            1.1093189716339111,
            0.0,
            0.8149281740188599
        ],
        "camera_rotation_quaternion": [
            0.7377759218215942,
            0.6742532253265381,
            0.02206052653491497,
            0.02413889393210411
        ],
        "focal_length": 50.0,
        "sensor_width": 36.0,
        "sensor_height": 24.0
    },
    "objects": [
        {
            "object_name": "Cube",
            "bbox_2d": {
                "x_min": 565.4536628723145,
                "y_min": 76.78123712539673,
                "x_max": 1428.156852722168,
                "y_max": 930.5368316173553,
                "width": 862.7031898498535,
                "height": 853.7555944919586,
                "center_x": 996.8052577972412,
                "center_y": 503.65903437137604
            },
            "visible_vertices": 8,
            "total_vertices": 8
        }
    ],
    "metadata": {
        "total_objects": 1,
        "render_settings": {
            "resolution_percentage": 50,
            "file_format": "PNG"
        }
    }
}