{
    "frame": "328",
    "image_filename": "render_328.png",
    "image_resolution": {
        "width": 1920,
        "height": 1080
    },
    "camera_parameters": {
        "intrinsic_matrix": [
            [
                2666.666666666667,
                0,
                960.0
            ],
            [
                0,
                2250.0,
                540.0
            ],
            [
                0,
                0,
                1
            ]
        ],
        "extrinsic_matrix": [
            [
                0.578532874584198,
                0.8156591057777405,
                -1.1920928955078125e-07,
                0.047343138605356216
            ],
            [
                0.1277100145816803,
                -0.09058237075805664,
                0.9876664280891418,
                -1.0515668392181396
            ],
            [
                0.8055990934371948,
                -0.5713974237442017,
                -0.15657272934913635,
                -11.214559555053711
            ],
            [
                -0.0,
                0.0,
                -0.0,
                1.0
            ]
        ],
        "camera_location": [
            9.141345024108887,
            -6.541840076446533,
            -0.7172967195510864
        ],
        "camera_rotation_euler": [
            1.1093189716339111,
            0.0,
            0.8149281740188599
        ],
        "camera_rotation_quaternion": [
            0.5769267082214355,
            0.6755900979042053,
            0.3490907847881317,
            0.29810938239097595
        ],
        "focal_length": 50.0,
        "sensor_width": 36.0,
        "sensor_height": 24.0
    },
    "objects": [
        {
            "object_name": "Cube",
            "bbox_2d": {
                "x_min": 481.0705375671387,
                "y_min": 2.512350082397461,
                "x_max": 1426.6284942626953,
                "y_max": 985.8297201991081,
                "width": 945.5579566955566,
                "height": 983.3173701167107,
                "center_x": 953.849515914917,
                "center_y": 494.1710351407528
            },
            "visible_vertices": 8,
            "total_vertices": 8
        }
    ],
    "metadata": {
        "total_objects": 1,
        "render_settings": {
            "resolution_percentage": 50,
            "file_format": "PNG"
        }
    }
}