{
    "frame": "826",
    "image_filename": "render_826.png",
    "image_resolution": {
        "width": 1920,
        "height": 1080
    },
    "camera_parameters": {
        "intrinsic_matrix": [
            [
                2666.666666666667,
                0,
                960.0
            ],
            [
                0,
                2250.0,
                540.0
            ],
            [
                0,
                0,
                1
            ]
        ],
        "extrinsic_matrix": [
            [
                0.44560644030570984,
                -0.8952288627624512,
                5.21540464148984e-08,
                0.09435573220252991
            ],
            [
                -0.05685671046376228,
                -0.028300659731030464,
                0.9979810118675232,
                -1.0901259183883667
            ],
            [
                -0.893421471118927,
                -0.4447067379951477,
                -0.06351067125797272,
                -11.550467491149902
            ],
            [
                -0.0,
                0.0,
                -0.0,
                1.0
            ]
        ],
        "camera_location": [
            -10.423465728759766,
            -5.0829548835754395,
            0.3543464243412018
        ],
        "camera_rotation_euler": [
            1.1093189716339111,
            0.0,
            0.8149281740188599
        ],
        "camera_rotation_quaternion": [
            0.5817635655403137,
            0.6199632883071899,
            -0.38392823934555054,
            -0.36027196049690247
        ],
        "focal_length": 50.0,
        "sensor_width": 36.0,
        "sensor_height": 24.0
    },
    "objects": [
        {
            "object_name": "Cube",
            "bbox_2d": {
                "x_min": 456.3453483581543,
                "y_min": 138.76022100448608,
                "x_max": 1378.1147003173828,
                "y_max": 1005.1432505249977,
                "width": 921.7693519592285,
                "height": 866.3830295205116,
                "center_x": 917.2300243377686,
                "center_y": 571.9517357647419
            },
            "visible_vertices": 8,
            "total_vertices": 8
        }
    ],
    "metadata": {
        "total_objects": 1,
        "render_settings": {
            "resolution_percentage": 50,
            "file_format": "PNG"
        }
    }
}