{
    "frame": "886",
    "image_filename": "render_886.png",
    "image_resolution": {
        "width": 1920,
        "height": 1080
    },
    "camera_parameters": {
        "intrinsic_matrix": [
            [
                2666.666666666667,
                0,
                960.0
            ],
            [
                0,
                2250.0,
                540.0
            ],
            [
                0,
                0,
                1
            ]
        ],
        "extrinsic_matrix": [
            [
                -0.9419925212860107,
                -0.3356339633464813,
                9.313226634333205e-09,
                -0.11479901522397995
            ],
            [
                0.013608184643089771,
                -0.038192812353372574,
                0.9991777539253235,
                -1.0815060138702393
            ],
            [
                -0.33535799384117126,
                0.9412178993225098,
                0.04054468125104904,
                -11.640541076660156
            ],
            [
                -0.0,
                0.0,
                -0.0,
                1.0
            ]
        ],
        "camera_location": [
            -3.9971702098846436,
            10.876448631286621,
            1.5525790452957153
        ],
        "camera_rotation_euler": [
            1.1093189716339111,
            0.0,
            0.8149281740188599
        ],
        "camera_rotation_quaternion": [
            0.1228407621383667,
            0.1179572120308876,
            -0.6825054883956909,
            -0.7107619047164917
        ],
        "focal_length": 50.0,
        "sensor_width": 36.0,
        "sensor_height": 24.0
    },
    "objects": [
        {
            "object_name": "Cube",
            "bbox_2d": {
                "x_min": 518.5795783996582,
                "y_min": 124.20644760131836,
                "x_max": 1348.7974548339844,
                "y_max": 1035.9043107926846,
                "width": 830.2178764343262,
                "height": 911.6978631913662,
                "center_x": 933.6885166168213,
                "center_y": 580.0553791970015
            },
            "visible_vertices": 8,
            "total_vertices": 8
        }
    ],
    "metadata": {
        "total_objects": 1,
        "render_settings": {
            "resolution_percentage": 50,
            "file_format": "PNG"
        }
    }
}