{
    "frame": "692",
    "image_filename": "render_692.png",
    "image_resolution": {
        "width": 1920,
        "height": 1080
    },
    "camera_parameters": {
        "intrinsic_matrix": [
            [
                2666.666666666667,
                0,
                960.0
            ],
            [
                0,
                2250.0,
                540.0
            ],
            [
                0,
                0,
                1
            ]
        ],
        "extrinsic_matrix": [
            [
                -0.04612956568598747,
                0.9989355206489563,
                -6.379559636116028e-08,
                -0.04420599341392517
            ],
            [
                -0.15907925367355347,
                -0.007345998659729958,
                0.9872385263442993,
                -1.0931000709533691
            ],
            [
                0.9861875772476196,
                0.045540906488895416,
                0.15924879908561707,
                -11.556435585021973
            ],
            [
                -0.0,
                -0.0,
                -0.0,
                1.0
            ]
        ],
        "camera_location": [
            11.2208833694458,
            0.5624192953109741,
            2.9194986820220947
        ],
        "camera_rotation_euler": [
            1.1093189716339111,
            0.0,
            0.8149281740188599
        ],
        "camera_rotation_quaternion": [
            0.5257787704467773,
            0.44776323437690735,
            0.468917578458786,
            0.5506188273429871
        ],
        "focal_length": 50.0,
        "sensor_width": 36.0,
        "sensor_height": 24.0
    },
    "objects": [
        {
            "object_name": "Cube",
            "bbox_2d": {
                "x_min": 568.5787010192871,
                "y_min": 89.2564058303833,
                "x_max": 1425.684928894043,
                "y_max": 943.7229841947556,
                "width": 857.1062278747559,
                "height": 854.4665783643723,
                "center_x": 997.131814956665,
                "center_y": 516.4896950125694
            },
            "visible_vertices": 8,
            "total_vertices": 8
        }
    ],
    "metadata": {
        "total_objects": 1,
        "render_settings": {
            "resolution_percentage": 50,
            "file_format": "PNG"
        }
    }
}