{
    "frame": "594",
    "image_filename": "render_594.png",
    "image_resolution": {
        "width": 1920,
        "height": 1080
    },
    "camera_parameters": {
        "intrinsic_matrix": [
            [
                2666.666666666667,
                0,
                960.0
            ],
            [
                0,
                2250.0,
                540.0
            ],
            [
                0,
                0,
                1
            ]
        ],
        "extrinsic_matrix": [
            [
                0.24449771642684937,
                0.9696497917175293,
                -2.607702676016288e-08,
                -0.003738024737685919
            ],
            [
                -0.2018643617630005,
                0.05090028792619705,
                0.9780898094177246,
                -1.0911738872528076
            ],
            [
                0.9484046101570129,
                -0.23914068937301636,
                0.20818281173706055,
                -11.603859901428223
            ],
            [
                -0.0,
                0.0,
                -0.0,
                1.0
            ]
        ],
        "camera_location": [
            10.785801887512207,
            -2.7157907485961914,
            3.482990264892578
        ],
        "camera_rotation_euler": [
            1.1093189716339111,
            0.0,
            0.8149281740188599
        ],
        "camera_rotation_quaternion": [
            0.6131029725074768,
            0.496340274810791,
            0.3867233395576477,
            0.4776988625526428
        ],
        "focal_length": 50.0,
        "sensor_width": 36.0,
        "sensor_height": 24.0
    },
    "objects": [
        {
            "object_name": "Cube",
            "bbox_2d": {
                "x_min": 517.8090476989746,
                "y_min": 107.50982522964478,
                "x_max": 1442.2162628173828,
                "y_max": 917.6730108261108,
                "width": 924.4072151184082,
                "height": 810.1631855964661,
                "center_x": 980.0126552581787,
                "center_y": 512.5914180278778
            },
            "visible_vertices": 8,
            "total_vertices": 8
        }
    ],
    "metadata": {
        "total_objects": 1,
        "render_settings": {
            "resolution_percentage": 50,
            "file_format": "PNG"
        }
    }
}