{
    "frame": "316",
    "image_filename": "render_316.png",
    "image_resolution": {
        "width": 1920,
        "height": 1080
    },
    "camera_parameters": {
        "intrinsic_matrix": [
            [
                2666.666666666667,
                0,
                960.0
            ],
            [
                0,
                2250.0,
                540.0
            ],
            [
                0,
                0,
                1
            ]
        ],
        "extrinsic_matrix": [
            [
                -0.5951000452041626,
                -0.8036513924598694,
                -1.3411039390121005e-07,
                -0.05004371330142021
            ],
            [
                0.09651512652635574,
                -0.07146903872489929,
                0.9927622079849243,
                -1.0620522499084473
            ],
            [
                -0.7978348135948181,
                0.5907930135726929,
                0.12009598314762115,
                -11.776213645935059
            ],
            [
                0.0,
                0.0,
                -0.0,
                1.0
            ]
        ],
        "camera_location": [
            -9.322752952575684,
            6.841183662414551,
            2.468639373779297
        ],
        "camera_rotation_euler": [
            1.1093189716339111,
            0.0,
            0.8149281740188599
        ],
        "camera_rotation_quaternion": [
            0.3367219567298889,
            0.298443078994751,
            -0.5923544764518738,
            -0.6683310270309448
        ],
        "focal_length": 50.0,
        "sensor_width": 36.0,
        "sensor_height": 24.0
    },
    "objects": [
        {
            "object_name": "Cube",
            "bbox_2d": {
                "x_min": 483.81277084350586,
                "y_min": 105.47821283340454,
                "x_max": 1424.7953796386719,
                "y_max": 1070.7704101502895,
                "width": 940.982608795166,
                "height": 965.292197316885,
                "center_x": 954.3040752410889,
                "center_y": 588.124311491847
            },
            "visible_vertices": 8,
            "total_vertices": 8
        }
    ],
    "metadata": {
        "total_objects": 1,
        "render_settings": {
            "resolution_percentage": 50,
            "file_format": "PNG"
        }
    }
}