{
    "frame": "27",
    "image_filename": "render_027.png",
    "image_resolution": {
        "width": 1920,
        "height": 1080
    },
    "camera_parameters": {
        "intrinsic_matrix": [
            [
                2666.666666666667,
                0,
                960.0
            ],
            [
                0,
                2250.0,
                540.0
            ],
            [
                0,
                0,
                1
            ]
        ],
        "extrinsic_matrix": [
            [
                -0.9941026568412781,
                0.10844188928604126,
                -3.492458944265309e-08,
                -0.13872966170310974
            ],
            [
                0.005863090977072716,
                0.05374818295240402,
                0.9985372424125671,
                -1.08535635471344
            ],
            [
                0.10828327387571335,
                0.9926486611366272,
                -0.054066937416791916,
                -11.979132652282715
            ],
            [
                -0.0,
                0.0,
                0.0,
                1.0
            ]
        ],
        "camera_location": [
            1.165592074394226,
            11.964452743530273,
            0.4360927641391754
        ],
        "camera_rotation_euler": [
            1.1093189716339111,
            0.0,
            0.8149281740188599
        ],
        "camera_rotation_quaternion": [
            0.03734424710273743,
            0.039420969784259796,
            0.7248996496200562,
            0.6867109537124634
        ],
        "focal_length": 50.0,
        "sensor_width": 36.0,
        "sensor_height": 24.0
    },
    "objects": [
        {
            "object_name": "Cube",
            "bbox_2d": {
                "x_min": 550.2767372131348,
                "y_min": 146.91415786743164,
                "x_max": 1445.833625793457,
                "y_max": 982.1953162550926,
                "width": 895.5568885803223,
                "height": 835.281158387661,
                "center_x": 998.0551815032959,
                "center_y": 564.5547370612621
            },
            "visible_vertices": 8,
            "total_vertices": 8
        }
    ],
    "metadata": {
        "total_objects": 1,
        "render_settings": {
            "resolution_percentage": 50,
            "file_format": "PNG"
        }
    }
}