{
    "frame": "656",
    "image_filename": "render_656.png",
    "image_resolution": {
        "width": 1920,
        "height": 1080
    },
    "camera_parameters": {
        "intrinsic_matrix": [
            [
                2666.666666666667,
                0,
                960.0
            ],
            [
                0,
                2250.0,
                540.0
            ],
            [
                0,
                0,
                1
            ]
        ],
        "extrinsic_matrix": [
            [
                -0.516502320766449,
                0.8562856316566467,
                -8.195635814445268e-08,
                -0.1024763435125351
            ],
            [
                -0.19467498362064362,
                -0.11742569506168365,
                0.9738134145736694,
                -1.0791616439819336
            ],
            [
                0.8338626027107239,
                0.5029770731925964,
                0.2273482233285904,
                -11.668377876281738
            ],
            [
                -0.0,
                -0.0,
                -0.0,
                1.0
            ]
        ],
        "camera_location": [
            9.466809272766113,
            5.829953670501709,
            3.703685760498047
        ],
        "camera_rotation_euler": [
            1.1093189716339111,
            0.0,
            0.8149281740188599
        ],
        "camera_rotation_quaternion": [
            0.3851688504219055,
            0.3056040108203888,
            0.5412320494651794,
            0.6821430325508118
        ],
        "focal_length": 50.0,
        "sensor_width": 36.0,
        "sensor_height": 24.0
    },
    "objects": [
        {
            "object_name": "Cube",
            "bbox_2d": {
                "x_min": 449.49514389038086,
                "y_min": 102.50623941421509,
                "x_max": 1406.330337524414,
                "y_max": 1004.236114025116,
                "width": 956.8351936340332,
                "height": 901.7298746109009,
                "center_x": 927.9127407073975,
                "center_y": 553.3711767196655
            },
            "visible_vertices": 8,
            "total_vertices": 8
        }
    ],
    "metadata": {
        "total_objects": 1,
        "render_settings": {
            "resolution_percentage": 50,
            "file_format": "PNG"
        }
    }
}