{
    "frame": "824",
    "image_filename": "render_824.png",
    "image_resolution": {
        "width": 1920,
        "height": 1080
    },
    "camera_parameters": {
        "intrinsic_matrix": [
            [
                2666.666666666667,
                0,
                960.0
            ],
            [
                0,
                2250.0,
                540.0
            ],
            [
                0,
                0,
                1
            ]
        ],
        "extrinsic_matrix": [
            [
                -0.9555701613426208,
                0.2947637736797333,
                5.2154071283894154e-08,
                -0.1405910700559616
            ],
            [
                -0.08824007958173752,
                -0.2860583961009979,
                0.9541406631469727,
                -1.0369811058044434
            ],
            [
                0.281246155500412,
                0.9117483496665955,
                0.2993587851524353,
                -11.836920738220215
            ],
            [
                -0.0,
                0.0,
                -0.0,
                1.0
            ]
        ],
        "camera_location": [
            3.1032400131225586,
            10.53709602355957,
            4.532912731170654
        ],
        "camera_rotation_euler": [
            1.1093189716339111,
            0.0,
            0.8149281740188599
        ],
        "camera_rotation_quaternion": [
            0.12013565003871918,
            0.08821763098239899,
            0.5852676630020142,
            0.7970237135887146
        ],
        "focal_length": 50.0,
        "sensor_width": 36.0,
        "sensor_height": 24.0
    },
    "objects": [
        {
            "object_name": "Cube",
            "bbox_2d": {
                "x_min": 491.945743560791,
                "y_min": 83.9720892906189,
                "x_max": 1500.9830474853516,
                "y_max": 1001.7713356018066,
                "width": 1009.0373039245605,
                "height": 917.7992463111877,
                "center_x": 996.4643955230713,
                "center_y": 542.8717124462128
            },
            "visible_vertices": 8,
            "total_vertices": 8
        }
    ],
    "metadata": {
        "total_objects": 1,
        "render_settings": {
            "resolution_percentage": 50,
            "file_format": "PNG"
        }
    }
}