{
    "frame": "32",
    "image_filename": "render_032.png",
    "image_resolution": {
        "width": 1920,
        "height": 1080
    },
    "camera_parameters": {
        "intrinsic_matrix": [
            [
                2666.666666666667,
                0,
                960.0
            ],
            [
                0,
                2250.0,
                540.0
            ],
            [
                0,
                0,
                1
            ]
        ],
        "extrinsic_matrix": [
            [
                0.9911018013954163,
                0.13310617208480835,
                2.048909131247001e-08,
                0.12914477288722992
            ],
            [
                -0.010982896201312542,
                0.08177805691957474,
                0.9965899586677551,
                -1.0865890979766846
            ],
            [
                0.13265229761600494,
                -0.9877220988273621,
                0.0825122743844986,
                -12.04886531829834
            ],
            [
                -0.0,
                0.0,
                -0.0,
                1.0
            ]
        ],
        "camera_location": [
            1.4583802223205566,
            -11.829263687133789,
            2.07706356048584
        ],
        "camera_rotation_euler": [
            1.1093189716339111,
            0.0,
            0.8149281740188599
        ],
        "camera_rotation_quaternion": [
            0.7340627908706665,
            0.6757979393005371,
            0.045177433639764786,
            0.049072470515966415
        ],
        "focal_length": 50.0,
        "sensor_width": 36.0,
        "sensor_height": 24.0
    },
    "objects": [
        {
            "object_name": "Cube",
            "bbox_2d": {
                "x_min": 567.8410720825195,
                "y_min": 95.04862546920776,
                "x_max": 1386.6075897216797,
                "y_max": 913.9499169588089,
                "width": 818.7665176391602,
                "height": 818.9012914896011,
                "center_x": 977.2243309020996,
                "center_y": 504.49927121400833
            },
            "visible_vertices": 8,
            "total_vertices": 8
        }
    ],
    "metadata": {
        "total_objects": 1,
        "render_settings": {
            "resolution_percentage": 50,
            "file_format": "PNG"
        }
    }
}