{
    "frame": "255",
    "image_filename": "render_255.png",
    "image_resolution": {
        "width": 1920,
        "height": 1080
    },
    "camera_parameters": {
        "intrinsic_matrix": [
            [
                2666.666666666667,
                0,
                960.0
            ],
            [
                0,
                2250.0,
                540.0
            ],
            [
                0,
                0,
                1
            ]
        ],
        "extrinsic_matrix": [
            [
                -0.9986879229545593,
                0.051206622272729874,
                -1.1036168245937006e-07,
                -0.1371752917766571
            ],
            [
                0.004565796349197626,
                0.08904942125082016,
                0.9960166215896606,
                -1.0841331481933594
            ],
            [
                0.05100266635417938,
                0.9947099089622498,
                -0.08916623145341873,
                -11.44942855834961
            ],
            [
                -0.0,
                0.0,
                0.0,
                1.0
            ]
        ],
        "camera_location": [
            0.45190614461898804,
            11.49242877960205,
            0.05891037732362747
        ],
        "camera_rotation_euler": [
            1.1093189716339111,
            0.0,
            0.8149281740188599
        ],
        "camera_rotation_quaternion": [
            0.017284004017710686,
            0.018900355324149132,
            0.7377167344093323,
            0.6746244430541992
        ],
        "focal_length": 50.0,
        "sensor_width": 36.0,
        "sensor_height": 24.0
    },
    "objects": [
        {
            "object_name": "Cube",
            "bbox_2d": {
                "x_min": 550.4100036621094,
                "y_min": 142.3407769203186,
                "x_max": 1456.7596435546875,
                "y_max": 1000.4505783319473,
                "width": 906.3496398925781,
                "height": 858.1098014116287,
                "center_x": 1003.5848236083984,
                "center_y": 571.395677626133
            },
            "visible_vertices": 8,
            "total_vertices": 8
        }
    ],
    "metadata": {
        "total_objects": 1,
        "render_settings": {
            "resolution_percentage": 50,
            "file_format": "PNG"
        }
    }
}