{
    "frame": "41",
    "image_filename": "render_041.png",
    "image_resolution": {
        "width": 1920,
        "height": 1080
    },
    "camera_parameters": {
        "intrinsic_matrix": [
            [
                2666.666666666667,
                0,
                960.0
            ],
            [
                0,
                2250.0,
                540.0
            ],
            [
                0,
                0,
                1
            ]
        ],
        "extrinsic_matrix": [
            [
                -0.2926764488220215,
                -0.9562115669250488,
                7.63684582238966e-08,
                -0.0032953056506812572
            ],
            [
                -0.054121870547533035,
                0.01656562089920044,
                0.9983969330787659,
                -1.0919108390808105
            ],
            [
                -0.9546787142753601,
                0.2922072112560272,
                -0.05660036578774452,
                -12.09370231628418
            ],
            [
                0.0,
                0.0,
                -0.0,
                1.0
            ]
        ],
        "camera_location": [
            -11.605658531188965,
            3.54880428314209,
            0.4056531488895416
        ],
        "camera_rotation_euler": [
            1.1093189716339111,
            0.0,
            0.8149281740188599
        ],
        "camera_rotation_quaternion": [
            0.4084387421607971,
            0.43224942684173584,
            -0.5843462944030762,
            -0.5521572232246399
        ],
        "focal_length": 50.0,
        "sensor_width": 36.0,
        "sensor_height": 24.0
    },
    "objects": [
        {
            "object_name": "Cube",
            "bbox_2d": {
                "x_min": 523.4773635864258,
                "y_min": 177.32004404067993,
                "x_max": 1412.388038635254,
                "y_max": 1002.3278966546059,
                "width": 888.9106750488281,
                "height": 825.0078526139259,
                "center_x": 967.9327011108398,
                "center_y": 589.8239703476429
            },
            "visible_vertices": 8,
            "total_vertices": 8
        }
    ],
    "metadata": {
        "total_objects": 1,
        "render_settings": {
            "resolution_percentage": 50,
            "file_format": "PNG"
        }
    }
}