{
    "frame": "806",
    "image_filename": "render_806.png",
    "image_resolution": {
        "width": 1920,
        "height": 1080
    },
    "camera_parameters": {
        "intrinsic_matrix": [
            [
                2666.666666666667,
                0,
                960.0
            ],
            [
                0,
                2250.0,
                540.0
            ],
            [
                0,
                0,
                1
            ]
        ],
        "extrinsic_matrix": [
            [
                -0.7886791825294495,
                -0.6148048043251038,
                1.0803339023368608e-07,
                -0.0834287628531456
            ],
            [
                -0.0671137124300003,
                0.08609452843666077,
                0.994023859500885,
                -1.0915658473968506
            ],
            [
                -0.6111306548118591,
                0.7839659452438354,
                -0.10916270315647125,
                -11.509367942810059
            ],
            [
                0.0,
                0.0,
                -0.0,
                1.0
            ]
        ],
        "camera_location": [
            -7.172787189483643,
            9.065640449523926,
            -0.17135268449783325
        ],
        "camera_rotation_euler": [
            1.1093189716339111,
            0.0,
            0.8149281740188599
        ],
        "camera_rotation_quaternion": [
            0.21694037318229675,
            0.24206870794296265,
            -0.7042614221572876,
            -0.6311541199684143
        ],
        "focal_length": 50.0,
        "sensor_width": 36.0,
        "sensor_height": 24.0
    },
    "objects": [
        {
            "object_name": "Cube",
            "bbox_2d": {
                "x_min": 497.19554901123047,
                "y_min": 180.32871007919312,
                "x_max": 1397.1478271484375,
                "y_max": 1008.0603942275047,
                "width": 899.952278137207,
                "height": 827.7316841483116,
                "center_x": 947.171688079834,
                "center_y": 594.1945521533489
            },
            "visible_vertices": 8,
            "total_vertices": 8
        }
    ],
    "metadata": {
        "total_objects": 1,
        "render_settings": {
            "resolution_percentage": 50,
            "file_format": "PNG"
        }
    }
}