{
    "frame": "834",
    "image_filename": "render_834.png",
    "image_resolution": {
        "width": 1920,
        "height": 1080
    },
    "camera_parameters": {
        "intrinsic_matrix": [
            [
                2666.666666666667,
                0,
                960.0
            ],
            [
                0,
                2250.0,
                540.0
            ],
            [
                0,
                0,
                1
            ]
        ],
        "extrinsic_matrix": [
            [
                0.6143606305122375,
                0.7890253663063049,
                1.1175870895385742e-08,
                0.053206101059913635
            ],
            [
                -0.0232143085449934,
                0.01807541586458683,
                0.9995670914649963,
                -1.089052438735962
            ],
            [
                0.7886837720870972,
                -0.6140946745872498,
                0.029421508312225342,
                -11.417160034179688
            ],
            [
                -0.0,
                0.0,
                -0.0,
                1.0
            ]
        ],
        "camera_location": [
            8.94655990600586,
            -7.033513069152832,
            1.4244909286499023
        ],
        "camera_rotation_euler": [
            1.1093189716339111,
            0.0,
            0.8149281740188599
        ],
        "camera_rotation_quaternion": [
            0.6445652842521667,
            0.6258721351623535,
            0.3058975636959076,
            0.3150339126586914
        ],
        "focal_length": 50.0,
        "sensor_width": 36.0,
        "sensor_height": 24.0
    },
    "objects": [
        {
            "object_name": "Cube",
            "bbox_2d": {
                "x_min": 493.0049514770508,
                "y_min": 45.29633045196533,
                "x_max": 1416.5579223632812,
                "y_max": 924.7159177064896,
                "width": 923.5529708862305,
                "height": 879.4195872545242,
                "center_x": 954.781436920166,
                "center_y": 485.00612407922745
            },
            "visible_vertices": 8,
            "total_vertices": 8
        }
    ],
    "metadata": {
        "total_objects": 1,
        "render_settings": {
            "resolution_percentage": 50,
            "file_format": "PNG"
        }
    }
}