{
    "frame": "448",
    "image_filename": "render_448.png",
    "image_resolution": {
        "width": 1920,
        "height": 1080
    },
    "camera_parameters": {
        "intrinsic_matrix": [
            [
                2666.666666666667,
                0,
                960.0
            ],
            [
                0,
                2250.0,
                540.0
            ],
            [
                0,
                0,
                1
            ]
        ],
        "extrinsic_matrix": [
            [
                -0.9990649223327637,
                -0.04323825240135193,
                -6.239863381551913e-08,
                -0.1336374133825302
            ],
            [
                0.011252231895923615,
                -0.2599959671497345,
                0.9655442237854004,
                -1.036881685256958
            ],
            [
                -0.04174846410751343,
                0.964641273021698,
                0.26023921370506287,
                -11.840194702148438
            ],
            [
                0.0,
                0.0,
                -0.0,
                1.0
            ]
        ],
        "camera_location": [
            -0.6161549687385559,
            11.146175384521484,
            4.082438945770264
        ],
        "camera_rotation_euler": [
            1.1093189716339111,
            0.0,
            0.8149281740188599
        ],
        "camera_rotation_quaternion": [
            0.017165271565318108,
            0.013151375576853752,
            -0.6080357432365417,
            -0.7936152219772339
        ],
        "focal_length": 50.0,
        "sensor_width": 36.0,
        "sensor_height": 24.0
    },
    "objects": [
        {
            "object_name": "Cube",
            "bbox_2d": {
                "x_min": 586.593189239502,
                "y_min": 75.94876527786255,
                "x_max": 1443.4672164916992,
                "y_max": 1025.6995622813702,
                "width": 856.8740272521973,
                "height": 949.7507970035076,
                "center_x": 1015.0302028656006,
                "center_y": 550.8241637796164
            },
            "visible_vertices": 8,
            "total_vertices": 8
        }
    ],
    "metadata": {
        "total_objects": 1,
        "render_settings": {
            "resolution_percentage": 50,
            "file_format": "PNG"
        }
    }
}