{
    "frame": "518",
    "image_filename": "render_518.png",
    "image_resolution": {
        "width": 1920,
        "height": 1080
    },
    "camera_parameters": {
        "intrinsic_matrix": [
            [
                2666.666666666667,
                0,
                960.0
            ],
            [
                0,
                2250.0,
                540.0
            ],
            [
                0,
                0,
                1
            ]
        ],
        "extrinsic_matrix": [
            [
                -0.5553377866744995,
                0.8316249847412109,
                -2.756715389296005e-07,
                -0.10679459571838379
            ],
            [
                -0.20091113448143005,
                -0.1341630220413208,
                0.9703788757324219,
                -1.0756388902664185
            ],
            [
                0.8069912791252136,
                0.5388879776000977,
                0.24158838391304016,
                -11.688841819763184
            ],
            [
                -0.0,
                -0.0,
                -0.0,
                1.0
            ]
        ],
        "camera_location": [
            9.157376289367676,
            6.243478775024414,
            3.867666482925415
        ],
        "camera_rotation_euler": [
            1.1093189716339111,
            0.0,
            0.8149281740188599
        ],
        "camera_rotation_quaternion": [
            0.3715130090713501,
            0.2903604805469513,
            0.5430437922477722,
            0.6948181390762329
        ],
        "focal_length": 50.0,
        "sensor_width": 36.0,
        "sensor_height": 24.0
    },
    "objects": [
        {
            "object_name": "Cube",
            "bbox_2d": {
                "x_min": 444.2549514770508,
                "y_min": 104.20459270477295,
                "x_max": 1419.2950057983398,
                "y_max": 1010.9413602948189,
                "width": 975.0400543212891,
                "height": 906.7367675900459,
                "center_x": 931.7749786376953,
                "center_y": 557.5729764997959
            },
            "visible_vertices": 8,
            "total_vertices": 8
        }
    ],
    "metadata": {
        "total_objects": 1,
        "render_settings": {
            "resolution_percentage": 50,
            "file_format": "PNG"
        }
    }
}