{
    "frame": "595",
    "image_filename": "render_595.png",
    "image_resolution": {
        "width": 1920,
        "height": 1080
    },
    "camera_parameters": {
        "intrinsic_matrix": [
            [
                2666.666666666667,
                0,
                960.0
            ],
            [
                0,
                2250.0,
                540.0
            ],
            [
                0,
                0,
                1
            ]
        ],
        "extrinsic_matrix": [
            [
                0.12094039469957352,
                -0.9926596283912659,
                -1.8812707480719837e-07,
                0.05409688875079155
            ],
            [
                -0.12477046251296997,
                -0.015201386064291,
                0.9920690059661865,
                -1.0934014320373535
            ],
            [
                -0.9847870469093323,
                -0.11998105049133301,
                -0.1256929486989975,
                -11.507668495178223
            ],
            [
                -0.0,
                0.0,
                -0.0,
                1.0
            ]
        ],
        "camera_location": [
            -11.47557258605957,
            -1.3436260223388672,
            -0.36170488595962524
        ],
        "camera_rotation_euler": [
            1.1093189716339111,
            0.0,
            0.8149281740188599
        ],
        "camera_rotation_quaternion": [
            0.4949864149093628,
            0.5616571307182312,
            -0.49738097190856934,
            -0.43834009766578674
        ],
        "focal_length": 50.0,
        "sensor_width": 36.0,
        "sensor_height": 24.0
    },
    "objects": [
        {
            "object_name": "Cube",
            "bbox_2d": {
                "x_min": 559.4765853881836,
                "y_min": 138.94368410110474,
                "x_max": 1413.1368255615234,
                "y_max": 999.9373081326485,
                "width": 853.6602401733398,
                "height": 860.9936240315437,
                "center_x": 986.3067054748535,
                "center_y": 569.4404961168766
            },
            "visible_vertices": 8,
            "total_vertices": 8
        }
    ],
    "metadata": {
        "total_objects": 1,
        "render_settings": {
            "resolution_percentage": 50,
            "file_format": "PNG"
        }
    }
}