{
    "frame": "222",
    "image_filename": "render_222.png",
    "image_resolution": {
        "width": 1920,
        "height": 1080
    },
    "camera_parameters": {
        "intrinsic_matrix": [
            [
                2666.666666666667,
                0,
                960.0
            ],
            [
                0,
                2250.0,
                540.0
            ],
            [
                0,
                0,
                1
            ]
        ],
        "extrinsic_matrix": [
            [
                0.9113343358039856,
                0.411667138338089,
                7.450580596923828e-09,
                0.10775879770517349
            ],
            [
                -0.110951729118824,
                0.24562105536460876,
                0.9629953503608704,
                -1.0698760747909546
            ],
            [
                0.3964335322380066,
                -0.8776106834411621,
                0.26951807737350464,
                -11.720931053161621
            ],
            [
                -0.0,
                0.0,
                -0.0,
                1.0
            ]
        ],
        "camera_location": [
            4.429661273956299,
            -10.067991256713867,
            4.18928861618042
        ],
        "camera_rotation_euler": [
            1.1093189716339111,
            0.0,
            0.8149281740188599
        ],
        "camera_rotation_quaternion": [
            0.7788571119308472,
            0.5908035039901733,
            0.12724848091602325,
            0.16775184869766235
        ],
        "focal_length": 50.0,
        "sensor_width": 36.0,
        "sensor_height": 24.0
    },
    "objects": [
        {
            "object_name": "Cube",
            "bbox_2d": {
                "x_min": 493.6842727661133,
                "y_min": 127.83013343811035,
                "x_max": 1353.69140625,
                "y_max": 942.0522147417068,
                "width": 860.0071334838867,
                "height": 814.2220813035965,
                "center_x": 923.6878395080566,
                "center_y": 534.9411740899086
            },
            "visible_vertices": 8,
            "total_vertices": 8
        }
    ],
    "metadata": {
        "total_objects": 1,
        "render_settings": {
            "resolution_percentage": 50,
            "file_format": "PNG"
        }
    }
}