{
    "frame": "82",
    "image_filename": "render_082.png",
    "image_resolution": {
        "width": 1920,
        "height": 1080
    },
    "camera_parameters": {
        "intrinsic_matrix": [
            [
                2666.666666666667,
                0,
                960.0
            ],
            [
                0,
                2250.0,
                540.0
            ],
            [
                0,
                0,
                1
            ]
        ],
        "extrinsic_matrix": [
            [
                -0.40594837069511414,
                -0.9138959050178528,
                1.955777229056821e-08,
                -0.020243939012289047
            ],
            [
                -0.02913205511868,
                0.012940370477735996,
                0.9994917511940002,
                -1.0895781517028809
            ],
            [
                -0.9134314656257629,
                0.4057421088218689,
                -0.031876761466264725,
                -12.119271278381348
            ],
            [
                0.0,
                0.0,
                -0.0,
                1.0
            ]
        ],
        "camera_location": [
            -11.110085487365723,
            4.91289758682251,
            0.7027009129524231
        ],
        "camera_rotation_euler": [
            1.1093189716339111,
            0.0,
            0.8149281740188599
        ],
        "camera_rotation_quaternion": [
            0.37918174266815186,
            0.39146775007247925,
            -0.602238655090332,
            -0.583337664604187
        ],
        "focal_length": 50.0,
        "sensor_width": 36.0,
        "sensor_height": 24.0
    },
    "objects": [
        {
            "object_name": "Cube",
            "bbox_2d": {
                "x_min": 512.8878021240234,
                "y_min": 170.19118309020996,
                "x_max": 1402.7536010742188,
                "y_max": 1010.4323387145996,
                "width": 889.8657989501953,
                "height": 840.2411556243896,
                "center_x": 957.8207015991211,
                "center_y": 590.3117609024048
            },
            "visible_vertices": 8,
            "total_vertices": 8
        }
    ],
    "metadata": {
        "total_objects": 1,
        "render_settings": {
            "resolution_percentage": 50,
            "file_format": "PNG"
        }
    }
}