{
    "frame": "10",
    "image_filename": "render_010.png",
    "image_resolution": {
        "width": 1920,
        "height": 1080
    },
    "camera_parameters": {
        "intrinsic_matrix": [
            [
                2666.666666666667,
                0,
                960.0
            ],
            [
                0,
                2250.0,
                540.0
            ],
            [
                0,
                0,
                1
            ]
        ],
        "extrinsic_matrix": [
            [
                0.7754831314086914,
                0.6313682794570923,
                0.0,
                0.08101550489664078
            ],
            [
                -0.1532924324274063,
                0.18828262388706207,
                0.9700778722763062,
                -1.0811179876327515
            ],
            [
                0.6124764084815979,
                -0.7522790431976318,
                0.2427939772605896,
                -12.166858673095703
            ],
            [
                -0.0,
                0.0,
                -0.0,
                1.0
            ]
        ],
        "camera_location": [
            7.223360061645508,
            -9.000467300415039,
            4.002808570861816
        ],
        "camera_rotation_euler": [
            1.1093189716339111,
            0.0,
            0.8149281740188599
        ],
        "camera_rotation_quaternion": [
            0.7427246570587158,
            0.5797427296638489,
            0.2061586230993271,
            0.2641156017780304
        ],
        "focal_length": 50.0,
        "sensor_width": 36.0,
        "sensor_height": 24.0
    },
    "objects": [
        {
            "object_name": "Cube",
            "bbox_2d": {
                "x_min": 511.028995513916,
                "y_min": 141.88984394073486,
                "x_max": 1375.6842041015625,
                "y_max": 881.3703954219818,
                "width": 864.6552085876465,
                "height": 739.480551481247,
                "center_x": 943.3565998077393,
                "center_y": 511.63011968135834
            },
            "visible_vertices": 8,
            "total_vertices": 8
        }
    ],
    "metadata": {
        "total_objects": 1,
        "render_settings": {
            "resolution_percentage": 50,
            "file_format": "PNG"
        }
    }
}