{
    "frame": "228",
    "image_filename": "render_228.png",
    "image_resolution": {
        "width": 1920,
        "height": 1080
    },
    "camera_parameters": {
        "intrinsic_matrix": [
            [
                2666.666666666667,
                0,
                960.0
            ],
            [
                0,
                2250.0,
                540.0
            ],
            [
                0,
                0,
                1
            ]
        ],
        "extrinsic_matrix": [
            [
                -0.9159912467002869,
                0.4011979103088379,
                -5.21540464148984e-08,
                -0.1392778605222702
            ],
            [
                -0.10565810650587082,
                -0.24123211205005646,
                0.9646984934806824,
                -1.0525091886520386
            ],
            [
                0.3870350420475006,
                0.8836555480957031,
                0.2633565366268158,
                -11.782440185546875
            ],
            [
                -0.0,
                -0.0,
                -0.0,
                1.0
            ]
        ],
        "camera_location": [
            4.32143497467041,
            10.213598251342773,
            4.118334770202637
        ],
        "camera_rotation_euler": [
            1.1093189716339111,
            0.0,
            0.8149281740188599
        ],
        "camera_rotation_quaternion": [
            0.16289022564888,
            0.1243828684091568,
            0.5940123796463013,
            0.7779107093811035
        ],
        "focal_length": 50.0,
        "sensor_width": 36.0,
        "sensor_height": 24.0
    },
    "objects": [
        {
            "object_name": "Cube",
            "bbox_2d": {
                "x_min": 468.50074768066406,
                "y_min": 88.79613876342773,
                "x_max": 1503.0511093139648,
                "y_max": 1003.5138487815857,
                "width": 1034.5503616333008,
                "height": 914.717710018158,
                "center_x": 985.7759284973145,
                "center_y": 546.1549937725067
            },
            "visible_vertices": 8,
            "total_vertices": 8
        }
    ],
    "metadata": {
        "total_objects": 1,
        "render_settings": {
            "resolution_percentage": 50,
            "file_format": "PNG"
        }
    }
}