{
    "frame": "790",
    "image_filename": "render_790.png",
    "image_resolution": {
        "width": 1920,
        "height": 1080
    },
    "camera_parameters": {
        "intrinsic_matrix": [
            [
                2666.666666666667,
                0,
                960.0
            ],
            [
                0,
                2250.0,
                540.0
            ],
            [
                0,
                0,
                1
            ]
        ],
        "extrinsic_matrix": [
            [
                -0.9882701635360718,
                -0.15271542966365814,
                9.685753354915505e-08,
                -0.12801595032215118
            ],
            [
                -0.010069232434034348,
                0.06516186147928238,
                0.9978238344192505,
                -1.0871697664260864
            ],
            [
                -0.15238311886787415,
                0.9861195683479309,
                -0.06593520939350128,
                -11.501864433288574
            ],
            [
                0.0,
                0.0,
                -0.0,
                1.0
            ]
        ],
        "camera_location": [
            -1.8901515007019043,
            11.39350700378418,
            0.32642558217048645
        ],
        "camera_rotation_euler": [
            1.1093189716339111,
            0.0,
            0.8149281740188599
        ],
        "camera_rotation_quaternion": [
            0.052336424589157104,
            0.05590882897377014,
            -0.727902352809906,
            -0.6813907027244568
        ],
        "focal_length": 50.0,
        "sensor_width": 36.0,
        "sensor_height": 24.0
    },
    "objects": [
        {
            "object_name": "Cube",
            "bbox_2d": {
                "x_min": 545.1130485534668,
                "y_min": 147.5508713722229,
                "x_max": 1401.7926406860352,
                "y_max": 1009.7321856021881,
                "width": 856.6795921325684,
                "height": 862.1813142299652,
                "center_x": 973.452844619751,
                "center_y": 578.6415284872055
            },
            "visible_vertices": 8,
            "total_vertices": 8
        }
    ],
    "metadata": {
        "total_objects": 1,
        "render_settings": {
            "resolution_percentage": 50,
            "file_format": "PNG"
        }
    }
}