{
    "frame": "8",
    "image_filename": "render_008.png",
    "image_resolution": {
        "width": 1920,
        "height": 1080
    },
    "camera_parameters": {
        "intrinsic_matrix": [
            [
                2666.666666666667,
                0,
                960.0
            ],
            [
                0,
                2250.0,
                540.0
            ],
            [
                0,
                0,
                1
            ]
        ],
        "extrinsic_matrix": [
            [
                -0.16104160249233246,
                -0.986947774887085,
                2.207235354489967e-07,
                0.015697356313467026
            ],
            [
                0.0685429573059082,
                -0.01118411310017109,
                0.997585654258728,
                -1.0733643770217896
            ],
            [
                -0.9845647811889648,
                0.16065269708633423,
                0.0694492980837822,
                -12.229601860046387
            ],
            [
                -0.0,
                0.0,
                -0.0,
                1.0
            ]
        ],
        "camera_location": [
            -11.96473217010498,
            1.9682068824768066,
            1.920111060142517
        ],
        "camera_rotation_euler": [
            1.1093189716339111,
            0.0,
            0.8149281740188599
        ],
        "camera_rotation_quaternion": [
            0.47360947728157043,
            0.4417842626571655,
            -0.5197134613990784,
            -0.5571523904800415
        ],
        "focal_length": 50.0,
        "sensor_width": 36.0,
        "sensor_height": 24.0
    },
    "objects": [
        {
            "object_name": "Cube",
            "bbox_2d": {
                "x_min": 535.5333137512207,
                "y_min": 135.8049201965332,
                "x_max": 1408.0610275268555,
                "y_max": 1029.6600356698036,
                "width": 872.5277137756348,
                "height": 893.8551154732704,
                "center_x": 971.7971706390381,
                "center_y": 582.7324779331684
            },
            "visible_vertices": 8,
            "total_vertices": 8
        }
    ],
    "metadata": {
        "total_objects": 1,
        "render_settings": {
            "resolution_percentage": 50,
            "file_format": "PNG"
        }
    }
}