{
    "frame": "579",
    "image_filename": "render_579.png",
    "image_resolution": {
        "width": 1920,
        "height": 1080
    },
    "camera_parameters": {
        "intrinsic_matrix": [
            [
                2666.666666666667,
                0,
                960.0
            ],
            [
                0,
                2250.0,
                540.0
            ],
            [
                0,
                0,
                1
            ]
        ],
        "extrinsic_matrix": [
            [
                -0.1504139006137848,
                0.9886229634284973,
                2.0675351208865322e-07,
                -0.05793437361717224
            ],
            [
                -0.03637063875794411,
                -0.005533675663173199,
                0.9993228912353516,
                -1.0896738767623901
            ],
            [
                0.9879536628723145,
                0.15031221508979797,
                0.036789365112781525,
                -11.427221298217773
            ],
            [
                -0.0,
                0.0,
                -0.0,
                1.0
            ]
        ],
        "camera_location": [
            11.241223335266113,
            1.768895149230957,
            1.509334921836853
        ],
        "camera_rotation_euler": [
            1.1093189716339111,
            0.0,
            0.8149281740188599
        ],
        "camera_rotation_quaternion": [
            0.469265878200531,
            0.45230811834335327,
            0.526329517364502,
            0.5460625290870667
        ],
        "focal_length": 50.0,
        "sensor_width": 36.0,
        "sensor_height": 24.0
    },
    "objects": [
        {
            "object_name": "Cube",
            "bbox_2d": {
                "x_min": 544.8198509216309,
                "y_min": 59.868900775909424,
                "x_max": 1403.5334014892578,
                "y_max": 934.5446795225143,
                "width": 858.713550567627,
                "height": 874.6757787466049,
                "center_x": 974.1766262054443,
                "center_y": 497.2067901492119
            },
            "visible_vertices": 8,
            "total_vertices": 8
        }
    ],
    "metadata": {
        "total_objects": 1,
        "render_settings": {
            "resolution_percentage": 50,
            "file_format": "PNG"
        }
    }
}