{
    "frame": "44",
    "image_filename": "render_044.png",
    "image_resolution": {
        "width": 1920,
        "height": 1080
    },
    "camera_parameters": {
        "intrinsic_matrix": [
            [
                2666.666666666667,
                0,
                960.0
            ],
            [
                0,
                2250.0,
                540.0
            ],
            [
                0,
                0,
                1
            ]
        ],
        "extrinsic_matrix": [
            [
                0.5368887782096863,
                -0.8436530232429504,
                -7.450578820566989e-09,
                0.10475608706474304
            ],
            [
                0.11127854138612747,
                0.07081617414951324,
                0.9912627935409546,
                -1.0638313293457031
            ],
            [
                -0.836281955242157,
                -0.532197892665863,
                0.13190095126628876,
                -12.250996589660645
            ],
            [
                -0.0,
                0.0,
                -0.0,
                1.0
            ]
        ],
        "camera_location": [
            -10.183148384094238,
            -6.356241703033447,
            2.670454502105713
        ],
        "camera_rotation_euler": [
            1.1093189716339111,
            0.0,
            0.8149281740188599
        ],
        "camera_rotation_quaternion": [
            0.6594706773757935,
            0.5775317549705505,
            -0.3170277774333954,
            -0.36200690269470215
        ],
        "focal_length": 50.0,
        "sensor_width": 36.0,
        "sensor_height": 24.0
    },
    "objects": [
        {
            "object_name": "Cube",
            "bbox_2d": {
                "x_min": 457.5297260284424,
                "y_min": 114.22895193099976,
                "x_max": 1386.5304565429688,
                "y_max": 990.8752208948135,
                "width": 929.0007305145264,
                "height": 876.6462689638138,
                "center_x": 922.0300912857056,
                "center_y": 552.5520864129066
            },
            "visible_vertices": 8,
            "total_vertices": 8
        }
    ],
    "metadata": {
        "total_objects": 1,
        "render_settings": {
            "resolution_percentage": 50,
            "file_format": "PNG"
        }
    }
}