{
    "frame": "436",
    "image_filename": "render_436.png",
    "image_resolution": {
        "width": 1920,
        "height": 1080
    },
    "camera_parameters": {
        "intrinsic_matrix": [
            [
                2666.666666666667,
                0,
                960.0
            ],
            [
                0,
                2250.0,
                540.0
            ],
            [
                0,
                0,
                1
            ]
        ],
        "extrinsic_matrix": [
            [
                0.8771495819091797,
                -0.4802171289920807,
                0.0,
                0.13702084124088287
            ],
            [
                0.0757920891046524,
                0.13843950629234314,
                0.9874664545059204,
                -1.067084789276123
            ],
            [
                -0.4741983413696289,
                -0.8661558032035828,
                0.15782885253429413,
                -11.943788528442383
            ],
            [
                -0.0,
                0.0,
                -0.0,
                1.0
            ]
        ],
        "camera_location": [
            -5.703035831451416,
            -10.1316556930542,
            2.938784599304199
        ],
        "camera_rotation_euler": [
            1.1093189716339111,
            0.0,
            0.8149281740188599
        ],
        "camera_rotation_quaternion": [
            0.7371258735656738,
            0.6286655068397522,
            -0.16082680225372314,
            -0.18857339024543762
        ],
        "focal_length": 50.0,
        "sensor_width": 36.0,
        "sensor_height": 24.0
    },
    "objects": [
        {
            "object_name": "Cube",
            "bbox_2d": {
                "x_min": 452.18353271484375,
                "y_min": 100.1024866104126,
                "x_max": 1476.8835067749023,
                "y_max": 953.7561786174774,
                "width": 1024.6999740600586,
                "height": 853.6536920070648,
                "center_x": 964.533519744873,
                "center_y": 526.929332613945
            },
            "visible_vertices": 8,
            "total_vertices": 8
        }
    ],
    "metadata": {
        "total_objects": 1,
        "render_settings": {
            "resolution_percentage": 50,
            "file_format": "PNG"
        }
    }
}