{
    "frame": "198",
    "image_filename": "render_198.png",
    "image_resolution": {
        "width": 1920,
        "height": 1080
    },
    "camera_parameters": {
        "intrinsic_matrix": [
            [
                2666.666666666667,
                0,
                960.0
            ],
            [
                0,
                2250.0,
                540.0
            ],
            [
                0,
                0,
                1
            ]
        ],
        "extrinsic_matrix": [
            [
                -0.21196264028549194,
                -0.9772776961326599,
                4.470347292340193e-08,
                0.008435914292931557
            ],
            [
                0.12160797417163849,
                -0.026375548914074898,
                0.9922276735305786,
                -1.059787631034851
            ],
            [
                -0.9696820378303528,
                0.2103152871131897,
                0.12443549931049347,
                -11.789738655090332
            ],
            [
                -0.0,
                0.0,
                -0.0,
                1.0
            ]
        ],
        "camera_location": [
            -11.301630973815918,
            2.459852933883667,
            2.518611431121826
        ],
        "camera_rotation_euler": [
            1.1093189716339111,
            0.0,
            0.8149281740188599
        ],
        "camera_rotation_quaternion": [
            0.47066372632980347,
            0.4153244197368622,
            -0.51506108045578,
            -0.5836895108222961
        ],
        "focal_length": 50.0,
        "sensor_width": 36.0,
        "sensor_height": 24.0
    },
    "objects": [
        {
            "object_name": "Cube",
            "bbox_2d": {
                "x_min": 506.80824279785156,
                "y_min": 103.49784135818481,
                "x_max": 1425.3541946411133,
                "y_max": 1065.261210501194,
                "width": 918.5459518432617,
                "height": 961.7633691430092,
                "center_x": 966.0812187194824,
                "center_y": 584.3795259296894
            },
            "visible_vertices": 8,
            "total_vertices": 8
        }
    ],
    "metadata": {
        "total_objects": 1,
        "render_settings": {
            "resolution_percentage": 50,
            "file_format": "PNG"
        }
    }
}