{
    "frame": "350",
    "image_filename": "render_350.png",
    "image_resolution": {
        "width": 1920,
        "height": 1080
    },
    "camera_parameters": {
        "intrinsic_matrix": [
            [
                2666.666666666667,
                0,
                960.0
            ],
            [
                0,
                2250.0,
                540.0
            ],
            [
                0,
                0,
                1
            ]
        ],
        "extrinsic_matrix": [
            [
                0.6041222810745239,
                0.7968915104866028,
                1.513398615315964e-07,
                0.051523301750421524
            ],
            [
                -0.0073227607645094395,
                0.005551313050091267,
                0.9999576210975647,
                -1.0868521928787231
            ],
            [
                0.7968578338623047,
                -0.6040965914726257,
                0.009189169853925705,
                -11.394464492797852
            ],
            [
                -0.0,
                0.0,
                -0.0,
                1.0
            ]
        ],
        "camera_location": [
            9.04068660736084,
            -6.918385982513428,
            1.191511631011963
        ],
        "camera_rotation_euler": [
            1.1093189716339111,
            0.0,
            0.8149281740188599
        ],
        "camera_rotation_quaternion": [
            0.6361727714538574,
            0.6303534507751465,
            0.3131452798843384,
            0.3160362243652344
        ],
        "focal_length": 50.0,
        "sensor_width": 36.0,
        "sensor_height": 24.0
    },
    "objects": [
        {
            "object_name": "Cube",
            "bbox_2d": {
                "x_min": 491.19958877563477,
                "y_min": 39.49587106704712,
                "x_max": 1417.72705078125,
                "y_max": 931.732479929924,
                "width": 926.5274620056152,
                "height": 892.2366088628769,
                "center_x": 954.4633197784424,
                "center_y": 485.61417549848557
            },
            "visible_vertices": 8,
            "total_vertices": 8
        }
    ],
    "metadata": {
        "total_objects": 1,
        "render_settings": {
            "resolution_percentage": 50,
            "file_format": "PNG"
        }
    }
}