{
    "frame": "588",
    "image_filename": "render_588.png",
    "image_resolution": {
        "width": 1920,
        "height": 1080
    },
    "camera_parameters": {
        "intrinsic_matrix": [
            [
                2666.666666666667,
                0,
                960.0
            ],
            [
                0,
                2250.0,
                540.0
            ],
            [
                0,
                0,
                1
            ]
        ],
        "extrinsic_matrix": [
            [
                -0.9857074022293091,
                0.1684672087430954,
                -1.5646223516796454e-07,
                -0.1398736834526062
            ],
            [
                -0.02917659841477871,
                -0.1707123965024948,
                0.9848889112472534,
                -1.066753625869751
            ],
            [
                0.1659214347600937,
                0.970812201499939,
                0.17318767309188843,
                -11.717798233032227
            ],
            [
                -0.0,
                -0.0,
                -0.0,
                1.0
            ]
        ],
        "camera_location": [
            1.7752348184585571,
            11.217235565185547,
            3.080012559890747
        ],
        "camera_rotation_euler": [
            1.1093189716339111,
            0.0,
            0.8149281740188599
        ],
        "camera_rotation_quaternion": [
            0.06474582850933075,
            0.054353903979063034,
            0.6406651735305786,
            0.7631526589393616
        ],
        "focal_length": 50.0,
        "sensor_width": 36.0,
        "sensor_height": 24.0
    },
    "objects": [
        {
            "object_name": "Cube",
            "bbox_2d": {
                "x_min": 521.6980361938477,
                "y_min": 90.43906688690186,
                "x_max": 1485.197639465332,
                "y_max": 1004.4849157333374,
                "width": 963.4996032714844,
                "height": 914.0458488464355,
                "center_x": 1003.4478378295898,
                "center_y": 547.4619913101196
            },
            "visible_vertices": 8,
            "total_vertices": 8
        }
    ],
    "metadata": {
        "total_objects": 1,
        "render_settings": {
            "resolution_percentage": 50,
            "file_format": "PNG"
        }
    }
}