{
    "frame": "522",
    "image_filename": "render_522.png",
    "image_resolution": {
        "width": 1920,
        "height": 1080
    },
    "camera_parameters": {
        "intrinsic_matrix": [
            [
                2666.666666666667,
                0,
                960.0
            ],
            [
                0,
                2250.0,
                540.0
            ],
            [
                0,
                0,
                1
            ]
        ],
        "extrinsic_matrix": [
            [
                0.7914644479751587,
                0.6112151741981506,
                -1.4901159417490817e-08,
                0.08394452184438705
            ],
            [
                -0.10992289334535599,
                0.14233960211277008,
                0.9836952090263367,
                -1.0882856845855713
            ],
            [
                0.6012495160102844,
                -0.7785597443580627,
                0.17984329164028168,
                -11.599602699279785
            ],
            [
                -0.0,
                0.0,
                -0.0,
                1.0
            ]
        ],
        "camera_location": [
            6.788188457489014,
            -8.927387237548828,
            3.1566522121429443
        ],
        "camera_rotation_euler": [
            1.1093189716339111,
            0.0,
            0.8149281740188599
        ],
        "camera_rotation_quaternion": [
            0.7269194722175598,
            0.6060696244239807,
            0.20677998661994934,
            0.24801170825958252
        ],
        "focal_length": 50.0,
        "sensor_width": 36.0,
        "sensor_height": 24.0
    },
    "objects": [
        {
            "object_name": "Cube",
            "bbox_2d": {
                "x_min": 493.1747245788574,
                "y_min": 96.42073631286621,
                "x_max": 1393.2521438598633,
                "y_max": 892.249048948288,
                "width": 900.0774192810059,
                "height": 795.8283126354218,
                "center_x": 943.2134342193604,
                "center_y": 494.3348926305771
            },
            "visible_vertices": 8,
            "total_vertices": 8
        }
    ],
    "metadata": {
        "total_objects": 1,
        "render_settings": {
            "resolution_percentage": 50,
            "file_format": "PNG"
        }
    }
}