{
    "frame": "582",
    "image_filename": "render_582.png",
    "image_resolution": {
        "width": 1920,
        "height": 1080
    },
    "camera_parameters": {
        "intrinsic_matrix": [
            [
                2666.666666666667,
                0,
                960.0
            ],
            [
                0,
                2250.0,
                540.0
            ],
            [
                0,
                0,
                1
            ]
        ],
        "extrinsic_matrix": [
            [
                0.6403365135192871,
                -0.7680943608283997,
                -4.0978189730367376e-08,
                0.1158934235572815
            ],
            [
                -0.05434247851371765,
                -0.045303668826818466,
                0.9974939823150635,
                -1.0886104106903076
            ],
            [
                -0.7661696076393127,
                -0.6387318968772888,
                -0.07074973732233047,
                -11.518006324768066
            ],
            [
                -0.0,
                0.0,
                -0.0,
                1.0
            ]
        ],
        "camera_location": [
            -8.95811653137207,
            -7.317220211029053,
            0.27098625898361206
        ],
        "camera_rotation_euler": [
            1.1093189716339111,
            0.0,
            0.8149281740188599
        ],
        "camera_rotation_quaternion": [
            0.6173093318939209,
            0.6626443266868591,
            -0.3102859556674957,
            -0.2890576720237732
        ],
        "focal_length": 50.0,
        "sensor_width": 36.0,
        "sensor_height": 24.0
    },
    "objects": [
        {
            "object_name": "Cube",
            "bbox_2d": {
                "x_min": 429.1999053955078,
                "y_min": 126.27140522003174,
                "x_max": 1440.014991760254,
                "y_max": 996.817638874054,
                "width": 1010.8150863647461,
                "height": 870.5462336540222,
                "center_x": 934.6074485778809,
                "center_y": 561.5445220470428
            },
            "visible_vertices": 8,
            "total_vertices": 8
        }
    ],
    "metadata": {
        "total_objects": 1,
        "render_settings": {
            "resolution_percentage": 50,
            "file_format": "PNG"
        }
    }
}