{
    "frame": "699",
    "image_filename": "render_699.png",
    "image_resolution": {
        "width": 1920,
        "height": 1080
    },
    "camera_parameters": {
        "intrinsic_matrix": [
            [
                2666.666666666667,
                0,
                960.0
            ],
            [
                0,
                2250.0,
                540.0
            ],
            [
                0,
                0,
                1
            ]
        ],
        "extrinsic_matrix": [
            [
                0.2608626186847687,
                0.9653759598731995,
                -3.725290298461914e-08,
                -0.0013586664572358131
            ],
            [
                -0.2515021860599518,
                0.06796062737703323,
                0.9654678106307983,
                -1.0848393440246582
            ],
            [
                0.9320394396781921,
                -0.25185441970825195,
                0.2605225145816803,
                -11.662419319152832
            ],
            [
                -0.0,
                0.0,
                -0.0,
                1.0
            ]
        ],
        "camera_location": [
            10.5973482131958,
            -2.8621935844421387,
            4.085700035095215
        ],
        "camera_rotation_euler": [
            1.1093189716339111,
            0.0,
            0.8149281740188599
        ],
        "camera_rotation_quaternion": [
            0.6303462982177734,
            0.4827989935874939,
            0.36965373158454895,
            0.4826228618621826
        ],
        "focal_length": 50.0,
        "sensor_width": 36.0,
        "sensor_height": 24.0
    },
    "objects": [
        {
            "object_name": "Cube",
            "bbox_2d": {
                "x_min": 518.0509185791016,
                "y_min": 129.63032484054565,
                "x_max": 1444.4536972045898,
                "y_max": 921.3756018877029,
                "width": 926.4027786254883,
                "height": 791.7452770471573,
                "center_x": 981.2523078918457,
                "center_y": 525.5029633641243
            },
            "visible_vertices": 8,
            "total_vertices": 8
        }
    ],
    "metadata": {
        "total_objects": 1,
        "render_settings": {
            "resolution_percentage": 50,
            "file_format": "PNG"
        }
    }
}