{
    "frame": "690",
    "image_filename": "render_690.png",
    "image_resolution": {
        "width": 1920,
        "height": 1080
    },
    "camera_parameters": {
        "intrinsic_matrix": [
            [
                2666.666666666667,
                0,
                960.0
            ],
            [
                0,
                2250.0,
                540.0
            ],
            [
                0,
                0,
                1
            ]
        ],
        "extrinsic_matrix": [
            [
                0.7269115447998047,
                0.6867311000823975,
                8.684583008289337e-08,
                0.07233307510614395
            ],
            [
                0.0032064206898212433,
                -0.003394150407984853,
                0.9999891519546509,
                -1.085118055343628
            ],
            [
                0.6867235898971558,
                -0.7269036173820496,
                -0.004669195041060448,
                -11.389667510986328
            ],
            [
                -0.0,
                0.0,
                -0.0,
                1.0
            ]
        ],
        "camera_location": [
            7.772453308105469,
            -8.332547187805176,
            1.0319256782531738
        ],
        "camera_rotation_euler": [
            1.1093189716339111,
            0.0,
            0.8149281740188599
        ],
        "camera_rotation_quaternion": [
            0.6555242538452148,
            0.6585922241210938,
            0.26189860701560974,
            0.26067864894866943
        ],
        "focal_length": 50.0,
        "sensor_width": 36.0,
        "sensor_height": 24.0
    },
    "objects": [
        {
            "object_name": "Cube",
            "bbox_2d": {
                "x_min": 506.2070846557617,
                "y_min": 37.747371196746826,
                "x_max": 1411.904525756836,
                "y_max": 937.7081948518753,
                "width": 905.6974411010742,
                "height": 899.9608236551285,
                "center_x": 959.0558052062988,
                "center_y": 487.72778302431107
            },
            "visible_vertices": 8,
            "total_vertices": 8
        }
    ],
    "metadata": {
        "total_objects": 1,
        "render_settings": {
            "resolution_percentage": 50,
            "file_format": "PNG"
        }
    }
}