{
    "frame": "54",
    "image_filename": "render_054.png",
    "image_resolution": {
        "width": 1920,
        "height": 1080
    },
    "camera_parameters": {
        "intrinsic_matrix": [
            [
                2666.666666666667,
                0,
                960.0
            ],
            [
                0,
                2250.0,
                540.0
            ],
            [
                0,
                0,
                1
            ]
        ],
        "extrinsic_matrix": [
            [
                -0.7954503297805786,
                0.6060188412666321,
                -7.450580596923828e-09,
                -0.13073807954788208
            ],
            [
                -0.05031517148017883,
                -0.06604284048080444,
                0.9965474009513855,
                -1.0862492322921753
            ],
            [
                0.6039264798164368,
                0.7927039861679077,
                0.08302575349807739,
                -12.053264617919922
            ],
            [
                -0.0,
                -0.0,
                -0.0,
                1.0
            ]
        ],
        "camera_location": [
            7.12063455581665,
            9.56216049194336,
            2.0832300186157227
        ],
        "camera_rotation_euler": [
            1.1093189716339111,
            0.0,
            0.8149281740188599
        ],
        "camera_rotation_quaternion": [
            0.23533624410629272,
            0.21654491126537323,
            0.6415570378303528,
            0.6972300410270691
        ],
        "focal_length": 50.0,
        "sensor_width": 36.0,
        "sensor_height": 24.0
    },
    "objects": [
        {
            "object_name": "Cube",
            "bbox_2d": {
                "x_min": 454.96241569519043,
                "y_min": 109.46547746658325,
                "x_max": 1459.1613006591797,
                "y_max": 950.3535255789757,
                "width": 1004.1988849639893,
                "height": 840.8880481123924,
                "center_x": 957.0618581771851,
                "center_y": 529.9095015227795
            },
            "visible_vertices": 8,
            "total_vertices": 8
        }
    ],
    "metadata": {
        "total_objects": 1,
        "render_settings": {
            "resolution_percentage": 50,
            "file_format": "PNG"
        }
    }
}