{
    "frame": "855",
    "image_filename": "render_855.png",
    "image_resolution": {
        "width": 1920,
        "height": 1080
    },
    "camera_parameters": {
        "intrinsic_matrix": [
            [
                2666.666666666667,
                0,
                960.0
            ],
            [
                0,
                2250.0,
                540.0
            ],
            [
                0,
                0,
                1
            ]
        ],
        "extrinsic_matrix": [
            [
                0.9283082485198975,
                0.37181150913238525,
                1.4901162970204496e-08,
                0.11157164722681046
            ],
            [
                -0.12168045341968536,
                0.30380162596702576,
                0.9449330568313599,
                -1.0539270639419556
            ],
            [
                0.3513369560241699,
                -0.8771892189979553,
                0.327263742685318,
                -11.789748191833496
            ],
            [
                -0.0,
                0.0,
                -0.0,
                1.0
            ]
        ],
        "camera_location": [
            3.9103593826293945,
            -10.063138008117676,
            4.854247570037842
        ],
        "camera_rotation_euler": [
            1.1093189716339111,
            0.0,
            0.8149281740188599
        ],
        "camera_rotation_quaternion": [
            0.7999022006988525,
            0.5694829225540161,
            0.10980623960494995,
            0.1542351096868515
        ],
        "focal_length": 50.0,
        "sensor_width": 36.0,
        "sensor_height": 24.0
    },
    "objects": [
        {
            "object_name": "Cube",
            "bbox_2d": {
                "x_min": 494.8860740661621,
                "y_min": 149.87608909606934,
                "x_max": 1343.1289672851562,
                "y_max": 960.4058226943016,
                "width": 848.2428932189941,
                "height": 810.5297335982323,
                "center_x": 919.0075206756592,
                "center_y": 555.1409558951855
            },
            "visible_vertices": 8,
            "total_vertices": 8
        }
    ],
    "metadata": {
        "total_objects": 1,
        "render_settings": {
            "resolution_percentage": 50,
            "file_format": "PNG"
        }
    }
}