{
    "frame": "827",
    "image_filename": "render_827.png",
    "image_resolution": {
        "width": 1920,
        "height": 1080
    },
    "camera_parameters": {
        "intrinsic_matrix": [
            [
                2666.666666666667,
                0,
                960.0
            ],
            [
                0,
                2250.0,
                540.0
            ],
            [
                0,
                0,
                1
            ]
        ],
        "extrinsic_matrix": [
            [
                0.20902052521705627,
                0.9779111742973328,
                1.862644793959589e-08,
                -0.008856512606143951
            ],
            [
                -0.18445992469787598,
                0.03942686691880226,
                0.9820488095283508,
                -1.092682123184204
            ],
            [
                0.960356593132019,
                -0.2052682787179947,
                0.18862655758857727,
                -11.582296371459961
            ],
            [
                -0.0,
                0.0,
                -0.0,
                1.0
            ]
        ],
        "camera_location": [
            10.923431396484375,
            -2.325737476348877,
            3.2577948570251465
        ],
        "camera_rotation_euler": [
            1.1093189716339111,
            0.0,
            0.8149281740188599
        ],
        "camera_rotation_quaternion": [
            0.5993901491165161,
            0.4952189326286316,
            0.400555819272995,
            0.48481419682502747
        ],
        "focal_length": 50.0,
        "sensor_width": 36.0,
        "sensor_height": 24.0
    },
    "objects": [
        {
            "object_name": "Cube",
            "bbox_2d": {
                "x_min": 521.8110466003418,
                "y_min": 99.73955154418945,
                "x_max": 1441.8294525146484,
                "y_max": 919.7915267944336,
                "width": 920.0184059143066,
                "height": 820.0519752502441,
                "center_x": 981.8202495574951,
                "center_y": 509.7655391693115
            },
            "visible_vertices": 8,
            "total_vertices": 8
        }
    ],
    "metadata": {
        "total_objects": 1,
        "render_settings": {
            "resolution_percentage": 50,
            "file_format": "PNG"
        }
    }
}