{
    "frame": "287",
    "image_filename": "render_287.png",
    "image_resolution": {
        "width": 1920,
        "height": 1080
    },
    "camera_parameters": {
        "intrinsic_matrix": [
            [
                2666.666666666667,
                0,
                960.0
            ],
            [
                0,
                2250.0,
                540.0
            ],
            [
                0,
                0,
                1
            ]
        ],
        "extrinsic_matrix": [
            [
                0.5352782607078552,
                0.8446757197380066,
                3.7252889661942845e-09,
                0.0403851680457592
            ],
            [
                0.1104261577129364,
                -0.06997785717248917,
                0.9914175868034363,
                -1.0587650537490845
            ],
            [
                0.837426483631134,
                -0.530684232711792,
                -0.13073186576366425,
                -11.239850044250488
            ],
            [
                -0.0,
                0.0,
                -0.0,
                1.0
            ]
        ],
        "camera_location": [
            9.507848739624023,
            -6.07301664352417,
            -0.41972899436950684
        ],
        "camera_rotation_euler": [
            1.1093189716339111,
            0.0,
            0.8149281740188599
        ],
        "camera_rotation_quaternion": [
            0.5776177048683167,
            0.6587845087051392,
            0.3624485433101654,
            0.31779229640960693
        ],
        "focal_length": 50.0,
        "sensor_width": 36.0,
        "sensor_height": 24.0
    },
    "objects": [
        {
            "object_name": "Cube",
            "bbox_2d": {
                "x_min": 481.2162780761719,
                "y_min": 6.862421035766602,
                "x_max": 1423.8982772827148,
                "y_max": 977.8267300128937,
                "width": 942.681999206543,
                "height": 970.9643089771271,
                "center_x": 952.5572776794434,
                "center_y": 492.34457552433014
            },
            "visible_vertices": 8,
            "total_vertices": 8
        }
    ],
    "metadata": {
        "total_objects": 1,
        "render_settings": {
            "resolution_percentage": 50,
            "file_format": "PNG"
        }
    }
}