{
    "frame": "296",
    "image_filename": "render_296.png",
    "image_resolution": {
        "width": 1920,
        "height": 1080
    },
    "camera_parameters": {
        "intrinsic_matrix": [
            [
                2666.666666666667,
                0,
                960.0
            ],
            [
                0,
                2250.0,
                540.0
            ],
            [
                0,
                0,
                1
            ]
        ],
        "extrinsic_matrix": [
            [
                0.24339260160923004,
                0.9699279069900513,
                -1.2293459406009788e-07,
                -0.003898384515196085
            ],
            [
                -0.19288022816181183,
                0.04840122163295746,
                0.9800278544425964,
                -1.0919655561447144
            ],
            [
                0.9505563378334045,
                -0.23853157460689545,
                0.19886036217212677,
                -11.593470573425293
            ],
            [
                -0.0,
                0.0,
                -0.0,
                1.0
            ]
        ],
        "camera_location": [
            10.810577392578125,
            -2.7087745666503906,
            3.3756392002105713
        ],
        "camera_rotation_euler": [
            1.1093189716339111,
            0.0,
            0.8149281740188599
        ],
        "camera_rotation_quaternion": [
            0.6104617714881897,
            0.4990318715572357,
            0.3892776668071747,
            0.47620025277137756
        ],
        "focal_length": 50.0,
        "sensor_width": 36.0,
        "sensor_height": 24.0
    },
    "objects": [
        {
            "object_name": "Cube",
            "bbox_2d": {
                "x_min": 517.5414848327637,
                "y_min": 103.82054328918457,
                "x_max": 1441.7573547363281,
                "y_max": 916.5574586391449,
                "width": 924.2158699035645,
                "height": 812.7369153499603,
                "center_x": 979.6494197845459,
                "center_y": 510.18900096416473
            },
            "visible_vertices": 8,
            "total_vertices": 8
        }
    ],
    "metadata": {
        "total_objects": 1,
        "render_settings": {
            "resolution_percentage": 50,
            "file_format": "PNG"
        }
    }
}