{
    "frame": "528",
    "image_filename": "render_528.png",
    "image_resolution": {
        "width": 1920,
        "height": 1080
    },
    "camera_parameters": {
        "intrinsic_matrix": [
            [
                2666.666666666667,
                0,
                960.0
            ],
            [
                0,
                2250.0,
                540.0
            ],
            [
                0,
                0,
                1
            ]
        ],
        "extrinsic_matrix": [
            [
                -0.10354625433683395,
                -0.9946244359016418,
                -1.5087418603343394e-07,
                0.02377333678305149
            ],
            [
                0.1718694120645523,
                -0.01789264939725399,
                0.9849570393562317,
                -1.0454106330871582
            ],
            [
                -0.9796625375747681,
                0.10198875516653061,
                0.17279842495918274,
                -11.8394775390625
            ],
            [
                0.0,
                0.0,
                -0.0,
                1.0
            ]
        ],
        "camera_location": [
            -11.4165620803833,
            1.2124327421188354,
            3.0755269527435303
        ],
        "camera_rotation_euler": [
            1.1093189716339111,
            0.0,
            0.8149281740188599
        ],
        "camera_rotation_quaternion": [
            0.5126791596412659,
            0.4305659234523773,
            -0.4777173101902008,
            -0.5688228011131287
        ],
        "focal_length": 50.0,
        "sensor_width": 36.0,
        "sensor_height": 24.0
    },
    "objects": [
        {
            "object_name": "Cube",
            "bbox_2d": {
                "x_min": 522.9187202453613,
                "y_min": 89.43304538726807,
                "x_max": 1420.6297302246094,
                "y_max": 1067.1832378953695,
                "width": 897.711009979248,
                "height": 977.7501925081015,
                "center_x": 971.7742252349854,
                "center_y": 578.3081416413188
            },
            "visible_vertices": 8,
            "total_vertices": 8
        }
    ],
    "metadata": {
        "total_objects": 1,
        "render_settings": {
            "resolution_percentage": 50,
            "file_format": "PNG"
        }
    }
}