{
    "frame": "77",
    "image_filename": "render_077.png",
    "image_resolution": {
        "width": 1920,
        "height": 1080
    },
    "camera_parameters": {
        "intrinsic_matrix": [
            [
                2666.666666666667,
                0,
                960.0
            ],
            [
                0,
                2250.0,
                540.0
            ],
            [
                0,
                0,
                1
            ]
        ],
        "extrinsic_matrix": [
            [
                -0.6736387610435486,
                0.7390606999397278,
                1.4156101713069802e-07,
                -0.1192992627620697
            ],
            [
                -0.1088305190205574,
                -0.09919697791337967,
                0.9890984296798706,
                -1.0848249197006226
            ],
            [
                0.7310038208961487,
                0.666295051574707,
                0.1472553163766861,
                -12.100985527038574
            ],
            [
                -0.0,
                0.0,
                -0.0,
                1.0
            ]
        ],
        "camera_location": [
            8.647441864013672,
            8.043386459350586,
            2.854933500289917
        ],
        "camera_rotation_euler": [
            1.1093189716339111,
            0.0,
            0.8149281740188599
        ],
        "camera_rotation_quaternion": [
            0.3059491515159607,
            0.2637721002101898,
            0.597324550151825,
            0.6928367614746094
        ],
        "focal_length": 50.0,
        "sensor_width": 36.0,
        "sensor_height": 24.0
    },
    "objects": [
        {
            "object_name": "Cube",
            "bbox_2d": {
                "x_min": 453.1721305847168,
                "y_min": 109.43393468856812,
                "x_max": 1432.1220016479492,
                "y_max": 957.1945184469223,
                "width": 978.9498710632324,
                "height": 847.7605837583542,
                "center_x": 942.647066116333,
                "center_y": 533.3142265677452
            },
            "visible_vertices": 8,
            "total_vertices": 8
        }
    ],
    "metadata": {
        "total_objects": 1,
        "render_settings": {
            "resolution_percentage": 50,
            "file_format": "PNG"
        }
    }
}