{
    "frame": "341",
    "image_filename": "render_341.png",
    "image_resolution": {
        "width": 1920,
        "height": 1080
    },
    "camera_parameters": {
        "intrinsic_matrix": [
            [
                2666.666666666667,
                0,
                960.0
            ],
            [
                0,
                2250.0,
                540.0
            ],
            [
                0,
                0,
                1
            ]
        ],
        "extrinsic_matrix": [
            [
                -0.2732403874397278,
                0.9619457125663757,
                3.073364140959711e-08,
                -0.07355167716741562
            ],
            [
                0.05469067394733429,
                0.015534881502389908,
                0.9983824491500854,
                -1.0771229267120361
            ],
            [
                0.9603897929191589,
                0.27279844880104065,
                -0.05685416981577873,
                -11.559733390808105
            ],
            [
                -0.0,
                0.0,
                -0.0,
                1.0
            ]
        ],
        "camera_location": [
            11.140661239624023,
            3.2409627437591553,
            0.4181610643863678
        ],
        "camera_rotation_euler": [
            1.1093189716339111,
            0.0,
            0.8149281740188599
        ],
        "camera_rotation_quaternion": [
            0.4139566123485565,
            0.43820056319236755,
            0.5800063610076904,
            0.547916829586029
        ],
        "focal_length": 50.0,
        "sensor_width": 36.0,
        "sensor_height": 24.0
    },
    "objects": [
        {
            "object_name": "Cube",
            "bbox_2d": {
                "x_min": 508.6530303955078,
                "y_min": 61.01783037185669,
                "x_max": 1363.0542755126953,
                "y_max": 956.0832551121712,
                "width": 854.4012451171875,
                "height": 895.0654247403145,
                "center_x": 935.8536529541016,
                "center_y": 508.55054274201393
            },
            "visible_vertices": 8,
            "total_vertices": 8
        }
    ],
    "metadata": {
        "total_objects": 1,
        "render_settings": {
            "resolution_percentage": 50,
            "file_format": "PNG"
        }
    }
}