{
    "frame": "18",
    "image_filename": "render_018.png",
    "image_resolution": {
        "width": 1920,
        "height": 1080
    },
    "camera_parameters": {
        "intrinsic_matrix": [
            [
                2666.666666666667,
                0,
                960.0
            ],
            [
                0,
                2250.0,
                540.0
            ],
            [
                0,
                0,
                1
            ]
        ],
        "extrinsic_matrix": [
            [
                -0.3729049861431122,
                0.9278695583343506,
                1.1175870895385742e-08,
                -0.08575266599655151
            ],
            [
                0.0889013409614563,
                0.035728875547647476,
                0.9953993558883667,
                -1.0700175762176514
            ],
            [
                0.9236007332801819,
                0.3711894452571869,
                -0.09581232070922852,
                -11.799796104431152
            ],
            [
                -0.0,
                -0.0,
                -0.0,
                1.0
            ]
        ],
        "camera_location": [
            10.961450576782227,
            4.497757434844971,
            -0.0654710978269577
        ],
        "camera_rotation_euler": [
            1.1093189716339111,
            0.0,
            0.8149281740188599
        ],
        "camera_rotation_quaternion": [
            0.37650084495544434,
            0.41448113322257996,
            0.6132793426513672,
            0.5570825338363647
        ],
        "focal_length": 50.0,
        "sensor_width": 36.0,
        "sensor_height": 24.0
    },
    "objects": [
        {
            "object_name": "Cube",
            "bbox_2d": {
                "x_min": 491.4343070983887,
                "y_min": 75.89623689651489,
                "x_max": 1335.4129028320312,
                "y_max": 957.5271740555763,
                "width": 843.9785957336426,
                "height": 881.6309371590614,
                "center_x": 913.42360496521,
                "center_y": 516.7117054760456
            },
            "visible_vertices": 8,
            "total_vertices": 8
        }
    ],
    "metadata": {
        "total_objects": 1,
        "render_settings": {
            "resolution_percentage": 50,
            "file_format": "PNG"
        }
    }
}