{
    "frame": "884",
    "image_filename": "render_884.png",
    "image_resolution": {
        "width": 1920,
        "height": 1080
    },
    "camera_parameters": {
        "intrinsic_matrix": [
            [
                2666.666666666667,
                0,
                960.0
            ],
            [
                0,
                2250.0,
                540.0
            ],
            [
                0,
                0,
                1
            ]
        ],
        "extrinsic_matrix": [
            [
                0.39653724431991577,
                0.9180185794830322,
                -4.0978193283081055e-08,
                0.018810944631695747
            ],
            [
                -0.10427607595920563,
                0.04504198208451271,
                0.9935279488563538,
                -1.094497561454773
            ],
            [
                0.9120771288871765,
                -0.3939708471298218,
                0.11358820647001266,
                -11.50019645690918
            ],
            [
                -0.0,
                0.0,
                -0.0,
                1.0
            ]
        ],
        "camera_location": [
            10.367476463317871,
            -4.498712539672852,
            2.39370059967041
        ],
        "camera_rotation_euler": [
            1.1093189716339111,
            0.0,
            0.8149281740188599
        ],
        "camera_rotation_quaternion": [
            0.6235317587852478,
            0.5563063621520996,
            0.3656899333000183,
            0.40988075733184814
        ],
        "focal_length": 50.0,
        "sensor_width": 36.0,
        "sensor_height": 24.0
    },
    "objects": [
        {
            "object_name": "Cube",
            "bbox_2d": {
                "x_min": 498.149356842041,
                "y_min": 72.24609375,
                "x_max": 1427.0368194580078,
                "y_max": 894.586980342865,
                "width": 928.8874626159668,
                "height": 822.340886592865,
                "center_x": 962.5930881500244,
                "center_y": 483.4165370464325
            },
            "visible_vertices": 8,
            "total_vertices": 8
        }
    ],
    "metadata": {
        "total_objects": 1,
        "render_settings": {
            "resolution_percentage": 50,
            "file_format": "PNG"
        }
    }
}