{
    "frame": "994",
    "image_filename": "render_994.png",
    "image_resolution": {
        "width": 1920,
        "height": 1080
    },
    "camera_parameters": {
        "intrinsic_matrix": [
            [
                2666.666666666667,
                0,
                960.0
            ],
            [
                0,
                2250.0,
                540.0
            ],
            [
                0,
                0,
                1
            ]
        ],
        "extrinsic_matrix": [
            [
                0.5295078158378601,
                0.8483051061630249,
                7.264316082000732e-08,
                0.039464935660362244
            ],
            [
                0.04863535985350609,
                -0.030358003452420235,
                0.9983551502227783,
                -1.0761686563491821
            ],
            [
                0.846909761428833,
                -0.5286368131637573,
                -0.05733241140842438,
                -11.31833553314209
            ],
            [
                -0.0,
                0.0,
                -0.0,
                1.0
            ]
        ],
        "camera_location": [
            9.617051124572754,
            -6.049437046051025,
            0.42549094557762146
        ],
        "camera_rotation_euler": [
            1.1093189716339111,
            0.0,
            0.8149281740188599
        ],
        "camera_rotation_quaternion": [
            0.6003785133361816,
            0.6358455419540405,
            0.3526565730571747,
            0.33298566937446594
        ],
        "focal_length": 50.0,
        "sensor_width": 36.0,
        "sensor_height": 24.0
    },
    "objects": [
        {
            "object_name": "Cube",
            "bbox_2d": {
                "x_min": 485.01440048217773,
                "y_min": 22.220020294189453,
                "x_max": 1419.616928100586,
                "y_max": 954.1644725203514,
                "width": 934.6025276184082,
                "height": 931.944452226162,
                "center_x": 952.3156642913818,
                "center_y": 488.19224640727043
            },
            "visible_vertices": 8,
            "total_vertices": 8
        }
    ],
    "metadata": {
        "total_objects": 1,
        "render_settings": {
            "resolution_percentage": 50,
            "file_format": "PNG"
        }
    }
}