{
    "frame": "158",
    "image_filename": "render_158.png",
    "image_resolution": {
        "width": 1920,
        "height": 1080
    },
    "camera_parameters": {
        "intrinsic_matrix": [
            [
                2666.666666666667,
                0,
                960.0
            ],
            [
                0,
                2250.0,
                540.0
            ],
            [
                0,
                0,
                1
            ]
        ],
        "extrinsic_matrix": [
            [
                -0.9934417605400085,
                0.11433739215135574,
                7.823106784599076e-08,
                -0.13886433839797974
            ],
            [
                -0.019787991419434547,
                -0.17193226516246796,
                0.9849099516868591,
                -1.0654592514038086
            ],
            [
                0.1126120537519455,
                0.9784508347511292,
                0.17306743562221527,
                -11.725176811218262
            ],
            [
                -0.0,
                0.0,
                -0.0,
                1.0
            ]
        ],
        "camera_location": [
            1.1613593101501465,
            11.30519962310791,
            3.078625202178955
        ],
        "camera_rotation_euler": [
            1.1093189716339111,
            0.0,
            0.8149281740188599
        ],
        "camera_rotation_quaternion": [
            0.04385486990213394,
            0.03682069107890129,
            0.6419584155082703,
            0.7645982503890991
        ],
        "focal_length": 50.0,
        "sensor_width": 36.0,
        "sensor_height": 24.0
    },
    "objects": [
        {
            "object_name": "Cube",
            "bbox_2d": {
                "x_min": 536.9139862060547,
                "y_min": 90.3427004814148,
                "x_max": 1476.8011093139648,
                "y_max": 1010.1744040846825,
                "width": 939.8871231079102,
                "height": 919.8317036032677,
                "center_x": 1006.8575477600098,
                "center_y": 550.2585522830486
            },
            "visible_vertices": 8,
            "total_vertices": 8
        }
    ],
    "metadata": {
        "total_objects": 1,
        "render_settings": {
            "resolution_percentage": 50,
            "file_format": "PNG"
        }
    }
}