{
    "frame": "821",
    "image_filename": "render_821.png",
    "image_resolution": {
        "width": 1920,
        "height": 1080
    },
    "camera_parameters": {
        "intrinsic_matrix": [
            [
                2666.666666666667,
                0,
                960.0
            ],
            [
                0,
                2250.0,
                540.0
            ],
            [
                0,
                0,
                1
            ]
        ],
        "extrinsic_matrix": [
            [
                -0.6118725538253784,
                0.7909561395645142,
                -8.195635814445268e-08,
                -0.11290746927261353
            ],
            [
                0.1219303086400032,
                0.09432373940944672,
                0.988046407699585,
                -1.0597890615463257
            ],
            [
                0.7815014123916626,
                0.6045586466789246,
                -0.15415558218955994,
                -11.265129089355469
            ],
            [
                -0.0,
                0.0,
                0.0,
                1.0
            ]
        ],
        "camera_location": [
            8.86385440826416,
            6.999701499938965,
            -0.6894630193710327
        ],
        "camera_rotation_euler": [
            1.1093189716339111,
            0.0,
            0.8149281740188599
        ],
        "camera_rotation_quaternion": [
            0.28648534417152405,
            0.3346487879753113,
            0.6819736361503601,
            0.5838221907615662
        ],
        "focal_length": 50.0,
        "sensor_width": 36.0,
        "sensor_height": 24.0
    },
    "objects": [
        {
            "object_name": "Cube",
            "bbox_2d": {
                "x_min": 424.1717720031738,
                "y_min": 78.19905281066895,
                "x_max": 1426.0139465332031,
                "y_max": 987.3115468025208,
                "width": 1001.8421745300293,
                "height": 909.1124939918518,
                "center_x": 925.0928592681885,
                "center_y": 532.7552998065948
            },
            "visible_vertices": 8,
            "total_vertices": 8
        }
    ],
    "metadata": {
        "total_objects": 1,
        "render_settings": {
            "resolution_percentage": 50,
            "file_format": "PNG"
        }
    }
}