{
    "frame": "667",
    "image_filename": "render_667.png",
    "image_resolution": {
        "width": 1920,
        "height": 1080
    },
    "camera_parameters": {
        "intrinsic_matrix": [
            [
                2666.666666666667,
                0,
                960.0
            ],
            [
                0,
                2250.0,
                540.0
            ],
            [
                0,
                0,
                1
            ]
        ],
        "extrinsic_matrix": [
            [
                -0.7173280715942383,
                -0.6967353224754333,
                1.2665984172599565e-07,
                -0.07065526396036148
            ],
            [
                -0.07379958033561707,
                0.0759810283780098,
                0.9943743348121643,
                -1.0924663543701172
            ],
            [
                -0.6928157806396484,
                0.7132927179336548,
                -0.10592202842235565,
                -11.521261215209961
            ],
            [
                0.0,
                0.0,
                -0.0,
                1.0
            ]
        ],
        "camera_location": [
            -8.113421440124512,
            8.251812934875488,
            -0.13403603434562683
        ],
        "camera_rotation_euler": [
            1.1093189716339111,
            0.0,
            0.8149281740188599
        ],
        "camera_rotation_quaternion": [
            0.2513616681098938,
            0.2795589864253998,
            -0.6890630125999451,
            -0.6195613741874695
        ],
        "focal_length": 50.0,
        "sensor_width": 36.0,
        "sensor_height": 24.0
    },
    "objects": [
        {
            "object_name": "Cube",
            "bbox_2d": {
                "x_min": 503.93646240234375,
                "y_min": 181.33756399154663,
                "x_max": 1407.1599197387695,
                "y_max": 1009.9152946472168,
                "width": 903.2234573364258,
                "height": 828.5777306556702,
                "center_x": 955.5481910705566,
                "center_y": 595.6264293193817
            },
            "visible_vertices": 8,
            "total_vertices": 8
        }
    ],
    "metadata": {
        "total_objects": 1,
        "render_settings": {
            "resolution_percentage": 50,
            "file_format": "PNG"
        }
    }
}