{
    "frame": "574",
    "image_filename": "render_574.png",
    "image_resolution": {
        "width": 1920,
        "height": 1080
    },
    "camera_parameters": {
        "intrinsic_matrix": [
            [
                2666.666666666667,
                0,
                960.0
            ],
            [
                0,
                2250.0,
                540.0
            ],
            [
                0,
                0,
                1
            ]
        ],
        "extrinsic_matrix": [
            [
                0.972419023513794,
                0.23324069380760193,
                -1.1175870895385742e-08,
                0.12280937284231186
            ],
            [
                -0.05568188428878784,
                0.23214702308177948,
                0.9710856080055237,
                -1.070659875869751
            ],
            [
                0.22649669647216797,
                -0.9443021416664124,
                0.2387314885854721,
                -11.707982063293457
            ],
            [
                -0.0,
                0.0,
                -0.0,
                1.0
            ]
        ],
        "camera_location": [
            2.47278094291687,
            -10.835967063903809,
            3.834766387939453
        ],
        "camera_rotation_euler": [
            1.1093189716339111,
            0.0,
            0.8149281740188599
        ],
        "camera_rotation_quaternion": [
            0.7815525531768799,
            0.612686812877655,
            0.07245089113712311,
            0.09241943806409836
        ],
        "focal_length": 50.0,
        "sensor_width": 36.0,
        "sensor_height": 24.0
    },
    "objects": [
        {
            "object_name": "Cube",
            "bbox_2d": {
                "x_min": 520.1071357727051,
                "y_min": 112.47176170349121,
                "x_max": 1365.424575805664,
                "y_max": 959.8208248615265,
                "width": 845.317440032959,
                "height": 847.3490631580353,
                "center_x": 942.7658557891846,
                "center_y": 536.1462932825089
            },
            "visible_vertices": 8,
            "total_vertices": 8
        }
    ],
    "metadata": {
        "total_objects": 1,
        "render_settings": {
            "resolution_percentage": 50,
            "file_format": "PNG"
        }
    }
}