{
    "frame": "476",
    "image_filename": "render_476.png",
    "image_resolution": {
        "width": 1920,
        "height": 1080
    },
    "camera_parameters": {
        "intrinsic_matrix": [
            [
                2666.666666666667,
                0,
                960.0
            ],
            [
                0,
                2250.0,
                540.0
            ],
            [
                0,
                0,
                1
            ]
        ],
        "extrinsic_matrix": [
            [
                -0.037215959280729294,
                -0.9993071556091309,
                -1.499428918805279e-07,
                0.0329330749809742
            ],
            [
                0.14435523748397827,
                -0.005376134533435106,
                0.989511251449585,
                -1.0545547008514404
            ],
            [
                -0.9888257384300232,
                0.03682566061615944,
                0.14445538818836212,
                -11.807472229003906
            ],
            [
                0.0,
                0.0,
                -0.0,
                1.0
            ]
        ],
        "camera_location": [
            -11.522078514099121,
            0.46205800771713257,
            2.7491462230682373
        ],
        "camera_rotation_euler": [
            1.1093189716339111,
            0.0,
            0.8149281740188599
        ],
        "camera_rotation_quaternion": [
            0.5248484015464783,
            0.45379093289375305,
            -0.4710054397583008,
            -0.5447585582733154
        ],
        "focal_length": 50.0,
        "sensor_width": 36.0,
        "sensor_height": 24.0
    },
    "objects": [
        {
            "object_name": "Cube",
            "bbox_2d": {
                "x_min": 537.6331901550293,
                "y_min": 97.13006258010864,
                "x_max": 1418.0003356933594,
                "y_max": 1059.7178710252047,
                "width": 880.3671455383301,
                "height": 962.587808445096,
                "center_x": 977.8167629241943,
                "center_y": 578.4239668026567
            },
            "visible_vertices": 8,
            "total_vertices": 8
        }
    ],
    "metadata": {
        "total_objects": 1,
        "render_settings": {
            "resolution_percentage": 50,
            "file_format": "PNG"
        }
    }
}