{
    "frame": "674",
    "image_filename": "render_674.png",
    "image_resolution": {
        "width": 1920,
        "height": 1080
    },
    "camera_parameters": {
        "intrinsic_matrix": [
            [
                2666.666666666667,
                0,
                960.0
            ],
            [
                0,
                2250.0,
                540.0
            ],
            [
                0,
                0,
                1
            ]
        ],
        "extrinsic_matrix": [
            [
                0.47080177068710327,
                -0.8822389245033264,
                7.450579886381092e-08,
                0.09727399051189423
            ],
            [
                0.28236502408981323,
                0.15068256855010986,
                0.9473987817764282,
                -0.9960757493972778
            ],
            [
                -0.8358321785926819,
                -0.44603708386421204,
                0.3200550675392151,
                -12.184844970703125
            ],
            [
                -0.0,
                0.0,
                -0.0,
                1.0
            ]
        ],
        "camera_location": [
            -9.949028968811035,
            -5.198984146118164,
            4.843503952026367
        ],
        "camera_rotation_euler": [
            1.1093189716339111,
            0.0,
            0.8149281740188599
        ],
        "camera_rotation_quaternion": [
            0.6966956853866577,
            0.5000160336494446,
            -0.29992735385894775,
            -0.41790270805358887
        ],
        "focal_length": 50.0,
        "sensor_width": 36.0,
        "sensor_height": 24.0
    },
    "objects": [
        {
            "object_name": "Cube",
            "bbox_2d": {
                "x_min": 452.2203540802002,
                "y_min": 80.17478942871094,
                "x_max": 1372.353744506836,
                "y_max": 1003.5591271519661,
                "width": 920.1333904266357,
                "height": 923.3843377232552,
                "center_x": 912.2870492935181,
                "center_y": 541.8669582903385
            },
            "visible_vertices": 8,
            "total_vertices": 8
        }
    ],
    "metadata": {
        "total_objects": 1,
        "render_settings": {
            "resolution_percentage": 50,
            "file_format": "PNG"
        }
    }
}