{
    "frame": "2",
    "image_filename": "render_002.png",
    "image_resolution": {
        "width": 1920,
        "height": 1080
    },
    "camera_parameters": {
        "intrinsic_matrix": [
            [
                2666.666666666667,
                0,
                960.0
            ],
            [
                0,
                2250.0,
                540.0
            ],
            [
                0,
                0,
                1
            ]
        ],
        "extrinsic_matrix": [
            [
                -0.9962806105613708,
                -0.08616531640291214,
                7.636841559133245e-08,
                -0.1316293329000473
            ],
            [
                -0.010364648886024952,
                0.119841568171978,
                0.9927388429641724,
                -1.083768367767334
            ],
            [
                -0.08553967624902725,
                0.9890467524528503,
                -0.1202886700630188,
                -11.933345794677734
            ],
            [
                0.0,
                0.0,
                -0.0,
                1.0
            ]
        ],
        "camera_location": [
            -1.1631474494934082,
            11.921175956726074,
            -0.359550416469574
        ],
        "camera_rotation_euler": [
            1.1093189716339111,
            0.0,
            0.8149281740188599
        ],
        "camera_rotation_quaternion": [
            0.028599757701158524,
            0.0322742685675621,
            -0.7477318048477173,
            -0.6625992059707642
        ],
        "focal_length": 50.0,
        "sensor_width": 36.0,
        "sensor_height": 24.0
    },
    "objects": [
        {
            "object_name": "Cube",
            "bbox_2d": {
                "x_min": 577.3468208312988,
                "y_min": 165.54190635681152,
                "x_max": 1399.4390487670898,
                "y_max": 977.2268781065941,
                "width": 822.092227935791,
                "height": 811.6849717497826,
                "center_x": 988.3929347991943,
                "center_y": 571.3843922317028
            },
            "visible_vertices": 8,
            "total_vertices": 8
        }
    ],
    "metadata": {
        "total_objects": 1,
        "render_settings": {
            "resolution_percentage": 50,
            "file_format": "PNG"
        }
    }
}