{
    "frame": "110",
    "image_filename": "render_110.png",
    "image_resolution": {
        "width": 1920,
        "height": 1080
    },
    "camera_parameters": {
        "intrinsic_matrix": [
            [
                2666.666666666667,
                0,
                960.0
            ],
            [
                0,
                2250.0,
                540.0
            ],
            [
                0,
                0,
                1
            ]
        ],
        "extrinsic_matrix": [
            [
                -0.3224146366119385,
                0.946598470211029,
                1.7136333951839333e-07,
                -0.0796281024813652
            ],
            [
                -0.31238824129104614,
                -0.10640061646699905,
                0.9439769387245178,
                -1.063127040863037
            ],
            [
                0.8935672044754028,
                0.3043519854545593,
                0.33001139760017395,
                -11.764206886291504
            ],
            [
                -0.0,
                0.0,
                -0.0,
                1.0
            ]
        ],
        "camera_location": [
            10.154327392578125,
            3.542717456817627,
            4.885889053344727
        ],
        "camera_rotation_euler": [
            1.1093189716339111,
            0.0,
            0.8149281740188599
        ],
        "camera_rotation_quaternion": [
            0.47465676069259644,
            0.3368881940841675,
            0.47063857316970825,
            0.6631038188934326
        ],
        "focal_length": 50.0,
        "sensor_width": 36.0,
        "sensor_height": 24.0
    },
    "objects": [
        {
            "object_name": "Cube",
            "bbox_2d": {
                "x_min": 498.74799728393555,
                "y_min": 138.69855165481567,
                "x_max": 1375.0504302978516,
                "y_max": 1019.0002664923668,
                "width": 876.302433013916,
                "height": 880.3017148375511,
                "center_x": 936.8992137908936,
                "center_y": 578.8494090735912
            },
            "visible_vertices": 8,
            "total_vertices": 8
        }
    ],
    "metadata": {
        "total_objects": 1,
        "render_settings": {
            "resolution_percentage": 50,
            "file_format": "PNG"
        }
    }
}