{
    "frame": "979",
    "image_filename": "render_979.png",
    "image_resolution": {
        "width": 1920,
        "height": 1080
    },
    "camera_parameters": {
        "intrinsic_matrix": [
            [
                2666.666666666667,
                0,
                960.0
            ],
            [
                0,
                2250.0,
                540.0
            ],
            [
                0,
                0,
                1
            ]
        ],
        "extrinsic_matrix": [
            [
                0.6805975437164307,
                -0.7326575517654419,
                9.313226634333205e-09,
                0.11999833583831787
            ],
            [
                -0.027993500232696533,
                -0.026004401966929436,
                0.9992697834968567,
                -1.087702989578247
            ],
            [
                -0.732122540473938,
                -0.6801006197929382,
                -0.038208190351724625,
                -11.54715633392334
            ],
            [
                -0.0,
                0.0,
                -0.0,
                1.0
            ]
        ],
        "camera_location": [
            -8.566051483154297,
            -7.793593883514404,
            0.6457129716873169
        ],
        "camera_rotation_euler": [
            1.1093189716339111,
            0.0,
            0.8149281740188599
        ],
        "camera_rotation_quaternion": [
            0.6356856226921082,
            0.6604562997817993,
            -0.2879263162612915,
            -0.27712753415107727
        ],
        "focal_length": 50.0,
        "sensor_width": 36.0,
        "sensor_height": 24.0
    },
    "objects": [
        {
            "object_name": "Cube",
            "bbox_2d": {
                "x_min": 426.3648319244385,
                "y_min": 117.1410584449768,
                "x_max": 1450.5791473388672,
                "y_max": 996.2273946404457,
                "width": 1024.2143154144287,
                "height": 879.0863361954689,
                "center_x": 938.4719896316528,
                "center_y": 556.6842265427113
            },
            "visible_vertices": 8,
            "total_vertices": 8
        }
    ],
    "metadata": {
        "total_objects": 1,
        "render_settings": {
            "resolution_percentage": 50,
            "file_format": "PNG"
        }
    }
}