{
    "frame": "339",
    "image_filename": "render_339.png",
    "image_resolution": {
        "width": 1920,
        "height": 1080
    },
    "camera_parameters": {
        "intrinsic_matrix": [
            [
                2666.666666666667,
                0,
                960.0
            ],
            [
                0,
                2250.0,
                540.0
            ],
            [
                0,
                0,
                1
            ]
        ],
        "extrinsic_matrix": [
            [
                0.9692161679267883,
                -0.24621149897575378,
                -2.2351741790771484e-08,
                0.1405947208404541
            ],
            [
                0.07433310896158218,
                0.29261359572410583,
                0.9533372521400452,
                -1.036085844039917
            ],
            [
                -0.2347225844860077,
                -0.9239898324012756,
                0.301907479763031,
                -11.839797019958496
            ],
            [
                -0.0,
                0.0,
                -0.0,
                1.0
            ]
        ],
        "camera_location": [
            -2.8383188247680664,
            -10.602063179016113,
            4.562262535095215
        ],
        "camera_rotation_euler": [
            1.1093189716339111,
            0.0,
            0.8149281740188599
        ],
        "camera_rotation_quaternion": [
            0.8005837202072144,
            0.5862369537353516,
            -0.07329731434583664,
            -0.10009714961051941
        ],
        "focal_length": 50.0,
        "sensor_width": 36.0,
        "sensor_height": 24.0
    },
    "objects": [
        {
            "object_name": "Cube",
            "bbox_2d": {
                "x_min": 488.1620407104492,
                "y_min": 111.26830816268921,
                "x_max": 1477.317237854004,
                "y_max": 1018.3248165249825,
                "width": 989.1551971435547,
                "height": 907.0565083622932,
                "center_x": 982.7396392822266,
                "center_y": 564.7965623438358
            },
            "visible_vertices": 8,
            "total_vertices": 8
        }
    ],
    "metadata": {
        "total_objects": 1,
        "render_settings": {
            "resolution_percentage": 50,
            "file_format": "PNG"
        }
    }
}