{
    "frame": "723",
    "image_filename": "render_723.png",
    "image_resolution": {
        "width": 1920,
        "height": 1080
    },
    "camera_parameters": {
        "intrinsic_matrix": [
            [
                2666.666666666667,
                0,
                960.0
            ],
            [
                0,
                2250.0,
                540.0
            ],
            [
                0,
                0,
                1
            ]
        ],
        "extrinsic_matrix": [
            [
                0.9683783054351807,
                0.24948643147945404,
                -1.3969835288563104e-09,
                0.12164542078971863
            ],
            [
                -0.006983480881899595,
                0.027106422930955887,
                0.999608039855957,
                -1.0872455835342407
            ],
            [
                0.2493886649608612,
                -0.967998743057251,
                0.027991559356451035,
                -11.475184440612793
            ],
            [
                -0.0,
                0.0,
                -0.0,
                1.0
            ]
        ],
        "camera_location": [
            2.736389636993408,
            -11.108842849731445,
            1.40802800655365
        ],
        "camera_rotation_euler": [
            1.1093189716339111,
            0.0,
            0.8149281740188599
        ],
        "camera_rotation_quaternion": [
            0.7112448215484619,
            0.691606879234314,
            0.08765924721956253,
            0.09014827758073807
        ],
        "focal_length": 50.0,
        "sensor_width": 36.0,
        "sensor_height": 24.0
    },
    "objects": [
        {
            "object_name": "Cube",
            "bbox_2d": {
                "x_min": 527.8425407409668,
                "y_min": 60.028159618377686,
                "x_max": 1366.6465759277344,
                "y_max": 938.9899903535843,
                "width": 838.8040351867676,
                "height": 878.9618307352066,
                "center_x": 947.2445583343506,
                "center_y": 499.509074985981
            },
            "visible_vertices": 8,
            "total_vertices": 8
        }
    ],
    "metadata": {
        "total_objects": 1,
        "render_settings": {
            "resolution_percentage": 50,
            "file_format": "PNG"
        }
    }
}