{
    "frame": "277",
    "image_filename": "render_277.png",
    "image_resolution": {
        "width": 1920,
        "height": 1080
    },
    "camera_parameters": {
        "intrinsic_matrix": [
            [
                2666.666666666667,
                0,
                960.0
            ],
            [
                0,
                2250.0,
                540.0
            ],
            [
                0,
                0,
                1
            ]
        ],
        "extrinsic_matrix": [
            [
                -0.5791576504707336,
                -0.8152154684066772,
                -2.0861621408130304e-07,
                -0.047446124255657196
            ],
            [
                0.07806187868118286,
                -0.05545808747410774,
                0.9954047203063965,
                -1.068027138710022
            ],
            [
                -0.8114693760871887,
                0.5764963030815125,
                0.09575631469488144,
                -11.751091957092285
            ],
            [
                0.0,
                0.0,
                -0.0,
                1.0
            ]
        ],
        "camera_location": [
            -9.47976016998291,
            6.6765522956848145,
            2.1883597373962402
        ],
        "camera_rotation_euler": [
            1.1093189716339111,
            0.0,
            0.8149281740188599
        ],
        "camera_rotation_quaternion": [
            0.3395366370677948,
            0.30844131112098694,
            -0.5974829196929932,
            -0.6577180624008179
        ],
        "focal_length": 50.0,
        "sensor_width": 36.0,
        "sensor_height": 24.0
    },
    "objects": [
        {
            "object_name": "Cube",
            "bbox_2d": {
                "x_min": 484.26687240600586,
                "y_min": 113.24365854263306,
                "x_max": 1423.3181762695312,
                "y_max": 1066.0710753500462,
                "width": 939.0513038635254,
                "height": 952.8274168074131,
                "center_x": 953.7925243377686,
                "center_y": 589.6573669463396
            },
            "visible_vertices": 8,
            "total_vertices": 8
        }
    ],
    "metadata": {
        "total_objects": 1,
        "render_settings": {
            "resolution_percentage": 50,
            "file_format": "PNG"
        }
    }
}