{
    "frame": "221",
    "image_filename": "render_221.png",
    "image_resolution": {
        "width": 1920,
        "height": 1080
    },
    "camera_parameters": {
        "intrinsic_matrix": [
            [
                2666.666666666667,
                0,
                960.0
            ],
            [
                0,
                2250.0,
                540.0
            ],
            [
                0,
                0,
                1
            ]
        ],
        "extrinsic_matrix": [
            [
                0.71513432264328,
                -0.6989870667457581,
                -8.568165554834195e-08,
                0.12339450418949127
            ],
            [
                0.07010606676340103,
                0.07172554731369019,
                0.9949575662612915,
                -1.0734529495239258
            ],
            [
                -0.6954624056816101,
                -0.7115281820297241,
                0.10029666870832443,
                -11.69136905670166
            ],
            [
                -0.0,
                0.0,
                -0.0,
                1.0
            ]
        ],
        "camera_location": [
            -8.14389705657959,
            -8.155496597290039,
            2.240645408630371
        ],
        "camera_rotation_euler": [
            1.1093189716339111,
            0.0,
            0.8149281740188599
        ],
        "camera_rotation_quaternion": [
            0.6868691444396973,
            0.6211103200912476,
            -0.25312772393226624,
            -0.279927134513855
        ],
        "focal_length": 50.0,
        "sensor_width": 36.0,
        "sensor_height": 24.0
    },
    "objects": [
        {
            "object_name": "Cube",
            "bbox_2d": {
                "x_min": 421.7819595336914,
                "y_min": 96.90552949905396,
                "x_max": 1456.1066436767578,
                "y_max": 991.329517364502,
                "width": 1034.3246841430664,
                "height": 894.423987865448,
                "center_x": 938.9443016052246,
                "center_y": 544.117523431778
            },
            "visible_vertices": 8,
            "total_vertices": 8
        }
    ],
    "metadata": {
        "total_objects": 1,
        "render_settings": {
            "resolution_percentage": 50,
            "file_format": "PNG"
        }
    }
}