{
    "frame": "80",
    "image_filename": "render_080.png",
    "image_resolution": {
        "width": 1920,
        "height": 1080
    },
    "camera_parameters": {
        "intrinsic_matrix": [
            [
                2666.666666666667,
                0,
                960.0
            ],
            [
                0,
                2250.0,
                540.0
            ],
            [
                0,
                0,
                1
            ]
        ],
        "extrinsic_matrix": [
            [
                -0.6662877798080444,
                -0.7456945180892944,
                -4.656611807263289e-08,
                -0.061886485666036606
            ],
            [
                0.017440028488636017,
                -0.015582899563014507,
                0.9997263550758362,
                -1.0824432373046875
            ],
            [
                -0.745490550994873,
                0.6661055684089661,
                0.02338772639632225,
                -12.166424751281738
            ],
            [
                0.0,
                0.0,
                -0.0,
                1.0
            ]
        ],
        "camera_location": [
            -9.092312812805176,
            8.041109085083008,
            1.3666912317276
        ],
        "camera_rotation_euler": [
            1.1093189716339111,
            0.0,
            0.8149281740188599
        ],
        "camera_rotation_quaternion": [
            0.29219722747802734,
            0.28544148802757263,
            -0.6378317475318909,
            -0.6529277563095093
        ],
        "focal_length": 50.0,
        "sensor_width": 36.0,
        "sensor_height": 24.0
    },
    "objects": [
        {
            "object_name": "Cube",
            "bbox_2d": {
                "x_min": 515.9240341186523,
                "y_min": 151.793954372406,
                "x_max": 1398.4661865234375,
                "y_max": 1024.5713245868683,
                "width": 882.5421524047852,
                "height": 872.7773702144623,
                "center_x": 957.1951103210449,
                "center_y": 588.1826394796371
            },
            "visible_vertices": 8,
            "total_vertices": 8
        }
    ],
    "metadata": {
        "total_objects": 1,
        "render_settings": {
            "resolution_percentage": 50,
            "file_format": "PNG"
        }
    }
}