{
    "frame": "591",
    "image_filename": "render_591.png",
    "image_resolution": {
        "width": 1920,
        "height": 1080
    },
    "camera_parameters": {
        "intrinsic_matrix": [
            [
                2666.666666666667,
                0,
                960.0
            ],
            [
                0,
                2250.0,
                540.0
            ],
            [
                0,
                0,
                1
            ]
        ],
        "extrinsic_matrix": [
            [
                -0.02724902145564556,
                0.9996285438537598,
                1.955776696149769e-07,
                -0.041673820465803146
            ],
            [
                -0.1884772926568985,
                -0.005137810483574867,
                0.9820640087127686,
                -1.091548204421997
            ],
            [
                0.9816993474960327,
                0.02676038257777691,
                0.18854744732379913,
                -11.588136672973633
            ],
            [
                -0.0,
                0.0,
                -0.0,
                1.0
            ]
        ],
        "camera_location": [
            11.169200897216797,
            0.34615156054496765,
            3.256882905960083
        ],
        "camera_rotation_euler": [
            1.1093189716339111,
            0.0,
            0.8149281740188599
        ],
        "camera_rotation_quaternion": [
            0.5376245975494385,
            0.44422444701194763,
            0.4564985930919647,
            0.5524795055389404
        ],
        "focal_length": 50.0,
        "sensor_width": 36.0,
        "sensor_height": 24.0
    },
    "objects": [
        {
            "object_name": "Cube",
            "bbox_2d": {
                "x_min": 565.3341293334961,
                "y_min": 98.6666464805603,
                "x_max": 1429.3976211547852,
                "y_max": 949.1740107536316,
                "width": 864.0634918212891,
                "height": 850.5073642730713,
                "center_x": 997.3658752441406,
                "center_y": 523.920328617096
            },
            "visible_vertices": 8,
            "total_vertices": 8
        }
    ],
    "metadata": {
        "total_objects": 1,
        "render_settings": {
            "resolution_percentage": 50,
            "file_format": "PNG"
        }
    }
}