{
    "frame": "93",
    "image_filename": "render_093.png",
    "image_resolution": {
        "width": 1920,
        "height": 1080
    },
    "camera_parameters": {
        "intrinsic_matrix": [
            [
                2666.666666666667,
                0,
                960.0
            ],
            [
                0,
                2250.0,
                540.0
            ],
            [
                0,
                0,
                1
            ]
        ],
        "extrinsic_matrix": [
            [
                -0.9962230920791626,
                0.08682800829410553,
                -6.146726860833951e-08,
                -0.1381951868534088
            ],
            [
                -0.005135137587785721,
                -0.0589173249900341,
                0.9982495903968811,
                -1.0822503566741943
            ],
            [
                0.08667602390050888,
                0.9944794774055481,
                0.05914086475968361,
                -11.605606079101562
            ],
            [
                -0.0,
                -0.0,
                -0.0,
                1.0
            ]
        ],
        "camera_location": [
            0.8626973628997803,
            11.489774703979492,
            1.7667196989059448
        ],
        "camera_rotation_euler": [
            1.1093189716339111,
            0.0,
            0.8149281740188599
        ],
        "camera_rotation_quaternion": [
            0.03162296488881111,
            0.029804879799485207,
            0.6852308511734009,
            0.727028489112854
        ],
        "focal_length": 50.0,
        "sensor_width": 36.0,
        "sensor_height": 24.0
    },
    "objects": [
        {
            "object_name": "Cube",
            "bbox_2d": {
                "x_min": 542.9141807556152,
                "y_min": 109.02278423309326,
                "x_max": 1468.7715911865234,
                "y_max": 1011.4918220043182,
                "width": 925.8574104309082,
                "height": 902.469037771225,
                "center_x": 1005.8428859710693,
                "center_y": 560.2573031187057
            },
            "visible_vertices": 8,
            "total_vertices": 8
        }
    ],
    "metadata": {
        "total_objects": 1,
        "render_settings": {
            "resolution_percentage": 50,
            "file_format": "PNG"
        }
    }
}