{
    "frame": "345",
    "image_filename": "render_345.png",
    "image_resolution": {
        "width": 1920,
        "height": 1080
    },
    "camera_parameters": {
        "intrinsic_matrix": [
            [
                2666.666666666667,
                0,
                960.0
            ],
            [
                0,
                2250.0,
                540.0
            ],
            [
                0,
                0,
                1
            ]
        ],
        "extrinsic_matrix": [
            [
                0.5092222690582275,
                -0.8606351017951965,
                -9.685754776000977e-08,
                0.10165371745824814
            ],
            [
                0.2553583085536957,
                0.1510908454656601,
                0.9549679160118103,
                -1.0079665184020996
            ],
            [
                -0.8218788504600525,
                -0.48629096150398254,
                0.2967091202735901,
                -11.930291175842285
            ],
            [
                -0.0,
                0.0,
                -0.0,
                1.0
            ]
        ],
        "camera_location": [
            -9.599625587463379,
            -5.5618109703063965,
            4.502401828765869
        ],
        "camera_rotation_euler": [
            1.1093189716339111,
            0.0,
            0.8149281740188599
        ],
        "camera_rotation_quaternion": [
            0.6994680762290955,
            0.5151267647743225,
            -0.2937513589859009,
            -0.39887216687202454
        ],
        "focal_length": 50.0,
        "sensor_width": 36.0,
        "sensor_height": 24.0
    },
    "objects": [
        {
            "object_name": "Cube",
            "bbox_2d": {
                "x_min": 434.27504539489746,
                "y_min": 75.22714376449585,
                "x_max": 1392.1744537353516,
                "y_max": 1008.4977766871452,
                "width": 957.8994083404541,
                "height": 933.2706329226494,
                "center_x": 913.2247495651245,
                "center_y": 541.8624602258205
            },
            "visible_vertices": 8,
            "total_vertices": 8
        }
    ],
    "metadata": {
        "total_objects": 1,
        "render_settings": {
            "resolution_percentage": 50,
            "file_format": "PNG"
        }
    }
}