{
    "frame": "953",
    "image_filename": "render_953.png",
    "image_resolution": {
        "width": 1920,
        "height": 1080
    },
    "camera_parameters": {
        "intrinsic_matrix": [
            [
                2666.666666666667,
                0,
                960.0
            ],
            [
                0,
                2250.0,
                540.0
            ],
            [
                0,
                0,
                1
            ]
        ],
        "extrinsic_matrix": [
            [
                -0.1997012346982956,
                -0.9798568487167358,
                -1.532025493133915e-07,
                0.01019409578293562
            ],
            [
                0.03102656453847885,
                -0.006323533598333597,
                0.9994984865188599,
                -1.0807079076766968
            ],
            [
                -0.9793654084205627,
                0.19960114359855652,
                0.03166446089744568,
                -11.689921379089355
            ],
            [
                0.0,
                0.0,
                -0.0,
                1.0
            ]
        ],
        "camera_location": [
            -11.413139343261719,
            2.3364760875701904,
            1.4503206014633179
        ],
        "camera_rotation_euler": [
            1.1093189716339111,
            0.0,
            0.8149281740188599
        ],
        "camera_rotation_quaternion": [
            0.45432358980178833,
            0.4401584565639496,
            -0.5389140248298645,
            -0.556257426738739
        ],
        "focal_length": 50.0,
        "sensor_width": 36.0,
        "sensor_height": 24.0
    },
    "objects": [
        {
            "object_name": "Cube",
            "bbox_2d": {
                "x_min": 513.2062339782715,
                "y_min": 132.23241090774536,
                "x_max": 1430.3220748901367,
                "y_max": 1046.497719436884,
                "width": 917.1158409118652,
                "height": 914.2653085291386,
                "center_x": 971.7641544342041,
                "center_y": 589.3650651723146
            },
            "visible_vertices": 8,
            "total_vertices": 8
        }
    ],
    "metadata": {
        "total_objects": 1,
        "render_settings": {
            "resolution_percentage": 50,
            "file_format": "PNG"
        }
    }
}