{
    "frame": "982",
    "image_filename": "render_982.png",
    "image_resolution": {
        "width": 1920,
        "height": 1080
    },
    "camera_parameters": {
        "intrinsic_matrix": [
            [
                2666.666666666667,
                0,
                960.0
            ],
            [
                0,
                2250.0,
                540.0
            ],
            [
                0,
                0,
                1
            ]
        ],
        "extrinsic_matrix": [
            [
                -0.8869866132736206,
                0.4617951214313507,
                -1.7136335372924805e-07,
                -0.13765211403369904
            ],
            [
                -0.10199972987174988,
                -0.19591423869132996,
                0.9753018617630005,
                -1.0652459859848022
            ],
            [
                0.4503895938396454,
                0.8650797009468079,
                0.2208762913942337,
                -11.727035522460938
            ],
            [
                -0.0,
                -0.0,
                -0.0,
                1.0
            ]
        ],
        "camera_location": [
            5.0509843826293945,
            9.999691009521484,
            3.6291606426239014
        ],
        "camera_rotation_euler": [
            1.1093189716339111,
            0.0,
            0.8149281740188599
        ],
        "camera_rotation_quaternion": [
            0.18572521209716797,
            0.14836721122264862,
            0.60625821352005,
            0.7589099407196045
        ],
        "focal_length": 50.0,
        "sensor_width": 36.0,
        "sensor_height": 24.0
    },
    "objects": [
        {
            "object_name": "Cube",
            "bbox_2d": {
                "x_min": 456.3999938964844,
                "y_min": 90.59278964996338,
                "x_max": 1500.0983047485352,
                "y_max": 995.3880670666695,
                "width": 1043.6983108520508,
                "height": 904.7952774167061,
                "center_x": 978.2491493225098,
                "center_y": 542.9904283583164
            },
            "visible_vertices": 8,
            "total_vertices": 8
        }
    ],
    "metadata": {
        "total_objects": 1,
        "render_settings": {
            "resolution_percentage": 50,
            "file_format": "PNG"
        }
    }
}