{
    "frame": "663",
    "image_filename": "render_663.png",
    "image_resolution": {
        "width": 1920,
        "height": 1080
    },
    "camera_parameters": {
        "intrinsic_matrix": [
            [
                2666.666666666667,
                0,
                960.0
            ],
            [
                0,
                2250.0,
                540.0
            ],
            [
                0,
                0,
                1
            ]
        ],
        "extrinsic_matrix": [
            [
                -0.9706209301948547,
                0.24061377346515656,
                7.310882210731506e-08,
                -0.1405726969242096
            ],
            [
                -0.0011087126331403852,
                -0.0044727930799126625,
                0.9999893307685852,
                -1.0856608152389526
            ],
            [
                0.2406112104654312,
                0.9706106185913086,
                0.004608135670423508,
                -11.524650573730469
            ],
            [
                -0.0,
                0.0,
                -0.0,
                1.0
            ]
        ],
        "camera_location": [
            2.6353137493133545,
            11.214916229248047,
            1.1387567520141602
        ],
        "camera_rotation_euler": [
            1.1093189716339111,
            0.0,
            0.8149281740188599
        ],
        "camera_rotation_quaternion": [
            0.08589880913496017,
            0.08550393581390381,
            0.7002749443054199,
            0.7035093903541565
        ],
        "focal_length": 50.0,
        "sensor_width": 36.0,
        "sensor_height": 24.0
    },
    "objects": [
        {
            "object_name": "Cube",
            "bbox_2d": {
                "x_min": 498.9125061035156,
                "y_min": 112.73511171340942,
                "x_max": 1488.4966278076172,
                "y_max": 999.7480112314224,
                "width": 989.5841217041016,
                "height": 887.012899518013,
                "center_x": 993.7045669555664,
                "center_y": 556.2415614724159
            },
            "visible_vertices": 8,
            "total_vertices": 8
        }
    ],
    "metadata": {
        "total_objects": 1,
        "render_settings": {
            "resolution_percentage": 50,
            "file_format": "PNG"
        }
    }
}