{
    "frame": "529",
    "image_filename": "render_529.png",
    "image_resolution": {
        "width": 1920,
        "height": 1080
    },
    "camera_parameters": {
        "intrinsic_matrix": [
            [
                2666.666666666667,
                0,
                960.0
            ],
            [
                0,
                2250.0,
                540.0
            ],
            [
                0,
                0,
                1
            ]
        ],
        "extrinsic_matrix": [
            [
                0.4849882423877716,
                0.8745207190513611,
                3.725290298461914e-08,
                0.03243955224752426
            ],
            [
                -0.23525387048721313,
                0.13046611845493317,
                0.9631377458572388,
                -1.0824849605560303
            ],
            [
                0.8422838449478149,
                -0.46711042523384094,
                0.26900893449783325,
                -11.675607681274414
            ],
            [
                -0.0,
                0.0,
                -0.0,
                1.0
            ]
        ],
        "camera_location": [
            9.563782691955566,
            -5.340939044952393,
            4.18342399597168
        ],
        "camera_rotation_euler": [
            1.1093189716339111,
            0.0,
            0.8149281740188599
        ],
        "camera_rotation_quaternion": [
            0.6863787770271301,
            0.520939826965332,
            0.30678534507751465,
            0.4042136073112488
        ],
        "focal_length": 50.0,
        "sensor_width": 36.0,
        "sensor_height": 24.0
    },
    "objects": [
        {
            "object_name": "Cube",
            "bbox_2d": {
                "x_min": 502.4289321899414,
                "y_min": 135.347421169281,
                "x_max": 1423.2490539550781,
                "y_max": 891.9529813528061,
                "width": 920.8201217651367,
                "height": 756.6055601835251,
                "center_x": 962.8389930725098,
                "center_y": 513.6502012610435
            },
            "visible_vertices": 8,
            "total_vertices": 8
        }
    ],
    "metadata": {
        "total_objects": 1,
        "render_settings": {
            "resolution_percentage": 50,
            "file_format": "PNG"
        }
    }
}