{
    "frame": "113",
    "image_filename": "render_113.png",
    "image_resolution": {
        "width": 1920,
        "height": 1080
    },
    "camera_parameters": {
        "intrinsic_matrix": [
            [
                2666.666666666667,
                0,
                960.0
            ],
            [
                0,
                2250.0,
                540.0
            ],
            [
                0,
                0,
                1
            ]
        ],
        "extrinsic_matrix": [
            [
                0.9514946937561035,
                -0.3076651394367218,
                -4.097818262494002e-08,
                0.14053018391132355
            ],
            [
                -0.04437195509672165,
                -0.13722610473632812,
                0.9895453453063965,
                -1.0751386880874634
            ],
            [
                -0.3044486343860626,
                -0.9415470957756042,
                -0.14422161877155304,
                -11.36421012878418
            ],
            [
                -0.0,
                0.0,
                -0.0,
                1.0
            ]
        ],
        "camera_location": [
            -3.6412384510040283,
            -10.804243087768555,
            -0.5750665068626404
        ],
        "camera_rotation_euler": [
            1.1093189716339111,
            0.0,
            0.8149281740188599
        ],
        "camera_rotation_quaternion": [
            0.6461515426635742,
            0.7471516728401184,
            -0.11779305338859558,
            -0.10186976939439774
        ],
        "focal_length": 50.0,
        "sensor_width": 36.0,
        "sensor_height": 24.0
    },
    "objects": [
        {
            "object_name": "Cube",
            "bbox_2d": {
                "x_min": 485.8201789855957,
                "y_min": 88.62799644470215,
                "x_max": 1497.6108169555664,
                "y_max": 986.8382120132446,
                "width": 1011.7906379699707,
                "height": 898.2102155685425,
                "center_x": 991.715497970581,
                "center_y": 537.7331042289734
            },
            "visible_vertices": 8,
            "total_vertices": 8
        }
    ],
    "metadata": {
        "total_objects": 1,
        "render_settings": {
            "resolution_percentage": 50,
            "file_format": "PNG"
        }
    }
}