{
    "frame": "502",
    "image_filename": "render_502.png",
    "image_resolution": {
        "width": 1920,
        "height": 1080
    },
    "camera_parameters": {
        "intrinsic_matrix": [
            [
                2666.666666666667,
                0,
                960.0
            ],
            [
                0,
                2250.0,
                540.0
            ],
            [
                0,
                0,
                1
            ]
        ],
        "extrinsic_matrix": [
            [
                0.918347179889679,
                0.3957757353782654,
                -4.470348358154297e-08,
                0.10931190103292465
            ],
            [
                -0.07826969772577286,
                0.1816149353981018,
                0.9802498817443848,
                -1.0817488431930542
            ],
            [
                0.38795915246009827,
                -0.9002097249031067,
                0.19776281714439392,
                -11.643317222595215
            ],
            [
                -0.0,
                0.0,
                -0.0,
                1.0
            ]
        ],
        "camera_location": [
            4.332076549530029,
            -10.328227996826172,
            3.362999200820923
        ],
        "camera_rotation_euler": [
            1.1093189716339111,
            0.0,
            0.8149281740188599
        ],
        "camera_rotation_quaternion": [
            0.7579123973846436,
            0.6202760338783264,
            0.1279696673154831,
            0.1563655138015747
        ],
        "focal_length": 50.0,
        "sensor_width": 36.0,
        "sensor_height": 24.0
    },
    "objects": [
        {
            "object_name": "Cube",
            "bbox_2d": {
                "x_min": 498.892822265625,
                "y_min": 101.59272193908691,
                "x_max": 1352.9605865478516,
                "y_max": 928.198658823967,
                "width": 854.0677642822266,
                "height": 826.6059368848801,
                "center_x": 925.9267044067383,
                "center_y": 514.895690381527
            },
            "visible_vertices": 8,
            "total_vertices": 8
        }
    ],
    "metadata": {
        "total_objects": 1,
        "render_settings": {
            "resolution_percentage": 50,
            "file_format": "PNG"
        }
    }
}