{
    "frame": "286",
    "image_filename": "render_286.png",
    "image_resolution": {
        "width": 1920,
        "height": 1080
    },
    "camera_parameters": {
        "intrinsic_matrix": [
            [
                2666.666666666667,
                0,
                960.0
            ],
            [
                0,
                2250.0,
                540.0
            ],
            [
                0,
                0,
                1
            ]
        ],
        "extrinsic_matrix": [
            [
                0.9132049083709717,
                -0.4075007140636444,
                1.1175870007207322e-08,
                0.13913850486278534
            ],
            [
                0.048050086945295334,
                0.10767988860607147,
                0.9930237531661987,
                -1.0757060050964355
            ],
            [
                -0.40465787053108215,
                -0.9068341255187988,
                0.11791425943374634,
                -11.663700103759766
            ],
            [
                -0.0,
                0.0,
                -0.0,
                1.0
            ]
        ],
        "camera_location": [
            -4.795182228088379,
            -10.404510498046875,
            2.4435181617736816
        ],
        "camera_rotation_euler": [
            1.1093189716339111,
            0.0,
            0.8149281740188599
        ],
        "camera_rotation_quaternion": [
            0.7312317490577698,
            0.649540364742279,
            -0.1383480578660965,
            -0.15574777126312256
        ],
        "focal_length": 50.0,
        "sensor_width": 36.0,
        "sensor_height": 24.0
    },
    "objects": [
        {
            "object_name": "Cube",
            "bbox_2d": {
                "x_min": 457.0353698730469,
                "y_min": 89.61489915847778,
                "x_max": 1491.0666275024414,
                "y_max": 959.0497568249702,
                "width": 1034.0312576293945,
                "height": 869.4348576664925,
                "center_x": 974.0509986877441,
                "center_y": 524.332327991724
            },
            "visible_vertices": 8,
            "total_vertices": 8
        }
    ],
    "metadata": {
        "total_objects": 1,
        "render_settings": {
            "resolution_percentage": 50,
            "file_format": "PNG"
        }
    }
}