{
    "frame": "509",
    "image_filename": "render_509.png",
    "image_resolution": {
        "width": 1920,
        "height": 1080
    },
    "camera_parameters": {
        "intrinsic_matrix": [
            [
                2666.666666666667,
                0,
                960.0
            ],
            [
                0,
                2250.0,
                540.0
            ],
            [
                0,
                0,
                1
            ]
        ],
        "extrinsic_matrix": [
            [
                -0.7922419905662537,
                -0.6102067828178406,
                -6.891784920526334e-08,
                -0.08408990502357483
            ],
            [
                -0.02923489362001419,
                0.037956178188323975,
                0.9988516569137573,
                -1.0898457765579224
            ],
            [
                -0.6095060706138611,
                0.7913323044776917,
                -0.04790959879755974,
                -11.575931549072266
            ],
            [
                0.0,
                0.0,
                -0.0,
                1.0
            ]
        ],
        "camera_location": [
            -7.154082775115967,
            9.150463104248047,
            0.5339934825897217
        ],
        "camera_rotation_euler": [
            1.1093189716339111,
            0.0,
            0.8149281740188599
        ],
        "camera_rotation_quaternion": [
            0.2223759889602661,
            0.23329785466194153,
            -0.6852204203605652,
            -0.6531417369842529
        ],
        "focal_length": 50.0,
        "sensor_width": 36.0,
        "sensor_height": 24.0
    },
    "objects": [
        {
            "object_name": "Cube",
            "bbox_2d": {
                "x_min": 500.3203582763672,
                "y_min": 158.69332551956177,
                "x_max": 1399.4847106933594,
                "y_max": 1026.3707917928696,
                "width": 899.1643524169922,
                "height": 867.6774662733078,
                "center_x": 949.9025344848633,
                "center_y": 592.5320586562157
            },
            "visible_vertices": 8,
            "total_vertices": 8
        }
    ],
    "metadata": {
        "total_objects": 1,
        "render_settings": {
            "resolution_percentage": 50,
            "file_format": "PNG"
        }
    }
}