{
    "frame": "603",
    "image_filename": "render_603.png",
    "image_resolution": {
        "width": 1920,
        "height": 1080
    },
    "camera_parameters": {
        "intrinsic_matrix": [
            [
                2666.666666666667,
                0,
                960.0
            ],
            [
                0,
                2250.0,
                540.0
            ],
            [
                0,
                0,
                1
            ]
        ],
        "extrinsic_matrix": [
            [
                -0.74847412109375,
                -0.663163959980011,
                1.0803343286625022e-07,
                -0.07614938914775848
            ],
            [
                -0.06430627405643463,
                0.0725788101553917,
                0.9952874183654785,
                -1.0920425653457642
            ],
            [
                -0.6600387692451477,
                0.7449468374252319,
                -0.09696906805038452,
                -11.52774715423584
            ],
            [
                0.0,
                0.0,
                -0.0,
                1.0
            ]
        ],
        "camera_location": [
            -7.735981464385986,
            8.61631965637207,
            -0.030937490984797478
        ],
        "camera_rotation_euler": [
            1.1093189716339111,
            0.0,
            0.8149281740188599
        ],
        "camera_rotation_quaternion": [
            0.23829376697540283,
            0.26263853907585144,
            -0.6924633383750916,
            -0.6282766461372375
        ],
        "focal_length": 50.0,
        "sensor_width": 36.0,
        "sensor_height": 24.0
    },
    "objects": [
        {
            "object_name": "Cube",
            "bbox_2d": {
                "x_min": 501.0174751281738,
                "y_min": 177.27704286575317,
                "x_max": 1404.0502166748047,
                "y_max": 1012.5107905268669,
                "width": 903.0327415466309,
                "height": 835.2337476611137,
                "center_x": 952.5338459014893,
                "center_y": 594.89391669631
            },
            "visible_vertices": 8,
            "total_vertices": 8
        }
    ],
    "metadata": {
        "total_objects": 1,
        "render_settings": {
            "resolution_percentage": 50,
            "file_format": "PNG"
        }
    }
}