{
    "frame": "48",
    "image_filename": "render_048.png",
    "image_resolution": {
        "width": 1920,
        "height": 1080
    },
    "camera_parameters": {
        "intrinsic_matrix": [
            [
                2666.666666666667,
                0,
                960.0
            ],
            [
                0,
                2250.0,
                540.0
            ],
            [
                0,
                0,
                1
            ]
        ],
        "extrinsic_matrix": [
            [
                -0.21858415007591248,
                0.9758180975914001,
                2.421438871635928e-08,
                -0.06667811423540115
            ],
            [
                0.14363238215446472,
                0.032173775136470795,
                0.9891080260276794,
                -1.0556414127349854
            ],
            [
                0.965189516544342,
                0.21620333194732666,
                -0.14719174802303314,
                -11.732495307922363
            ],
            [
                -0.0,
                -0.0,
                -0.0,
                1.0
            ]
        ],
        "camera_location": [
            11.461129188537598,
            2.635633707046509,
            -0.6827830076217651
        ],
        "camera_rotation_euler": [
            1.1093189716339111,
            0.0,
            0.8149281740188599
        ],
        "camera_rotation_quaternion": [
            0.40816599130630493,
            0.47340095043182373,
            0.5911746025085449,
            0.5097103714942932
        ],
        "focal_length": 50.0,
        "sensor_width": 36.0,
        "sensor_height": 24.0
    },
    "objects": [
        {
            "object_name": "Cube",
            "bbox_2d": {
                "x_min": 536.2053108215332,
                "y_min": 60.20338296890259,
                "x_max": 1361.0387420654297,
                "y_max": 966.9786536693573,
                "width": 824.8334312438965,
                "height": 906.7752707004547,
                "center_x": 948.6220264434814,
                "center_y": 513.59101831913
            },
            "visible_vertices": 8,
            "total_vertices": 8
        }
    ],
    "metadata": {
        "total_objects": 1,
        "render_settings": {
            "resolution_percentage": 50,
            "file_format": "PNG"
        }
    }
}