{
    "frame": "420",
    "image_filename": "render_420.png",
    "image_resolution": {
        "width": 1920,
        "height": 1080
    },
    "camera_parameters": {
        "intrinsic_matrix": [
            [
                2666.666666666667,
                0,
                960.0
            ],
            [
                0,
                2250.0,
                540.0
            ],
            [
                0,
                0,
                1
            ]
        ],
        "extrinsic_matrix": [
            [
                0.6892660856246948,
                0.7245084047317505,
                2.2351741790771484e-08,
                0.0658014640212059
            ],
            [
                -0.12389624118804932,
                0.11786958575248718,
                0.9852697849273682,
                -1.0909578800201416
            ],
            [
                0.7138361930847168,
                -0.67911297082901,
                0.17100739479064941,
                -11.578543663024902
            ],
            [
                -0.0,
                0.0,
                -0.0,
                1.0
            ]
        ],
        "camera_location": [
            8.084662437438965,
            -7.782222747802734,
            3.054903745651245
        ],
        "camera_rotation_euler": [
            1.1093189716339111,
            0.0,
            0.8149281740188599
        ],
        "camera_rotation_quaternion": [
            0.7032324075698853,
            0.591690182685852,
            0.2537696659564972,
            0.3016089200973511
        ],
        "focal_length": 50.0,
        "sensor_width": 36.0,
        "sensor_height": 24.0
    },
    "objects": [
        {
            "object_name": "Cube",
            "bbox_2d": {
                "x_min": 504.0958786010742,
                "y_min": 93.26388359069824,
                "x_max": 1406.1187362670898,
                "y_max": 873.5630428791046,
                "width": 902.0228576660156,
                "height": 780.2991592884064,
                "center_x": 955.107307434082,
                "center_y": 483.4134632349014
            },
            "visible_vertices": 8,
            "total_vertices": 8
        }
    ],
    "metadata": {
        "total_objects": 1,
        "render_settings": {
            "resolution_percentage": 50,
            "file_format": "PNG"
        }
    }
}