{
    "frame": "778",
    "image_filename": "render_778.png",
    "image_resolution": {
        "width": 1920,
        "height": 1080
    },
    "camera_parameters": {
        "intrinsic_matrix": [
            [
                2666.666666666667,
                0,
                960.0
            ],
            [
                0,
                2250.0,
                540.0
            ],
            [
                0,
                0,
                1
            ]
        ],
        "extrinsic_matrix": [
            [
                0.9772883057594299,
                -0.21191422641277313,
                -2.2351743567128324e-08,
                0.14038468897342682
            ],
            [
                0.06768839806318283,
                0.31215959787368774,
                0.9476152658462524,
                -1.031516194343567
            ],
            [
                -0.2008131742477417,
                -0.926093339920044,
                0.31941401958465576,
                -11.854133605957031
            ],
            [
                -0.0,
                0.0,
                -0.0,
                1.0
            ]
        ],
        "camera_location": [
            -2.4478402137756348,
            -10.626285552978516,
            4.763856410980225
        ],
        "camera_rotation_euler": [
            1.1093189716339111,
            0.0,
            0.8149281740188599
        ],
        "camera_rotation_quaternion": [
            0.8075985908508301,
            0.5800247192382812,
            -0.06216365844011307,
            -0.08655370771884918
        ],
        "focal_length": 50.0,
        "sensor_width": 36.0,
        "sensor_height": 24.0
    },
    "objects": [
        {
            "object_name": "Cube",
            "bbox_2d": {
                "x_min": 496.5494155883789,
                "y_min": 116.64976358413696,
                "x_max": 1472.9640197753906,
                "y_max": 1022.8472824394703,
                "width": 976.4146041870117,
                "height": 906.1975188553333,
                "center_x": 984.7567176818848,
                "center_y": 569.7485230118036
            },
            "visible_vertices": 8,
            "total_vertices": 8
        }
    ],
    "metadata": {
        "total_objects": 1,
        "render_settings": {
            "resolution_percentage": 50,
            "file_format": "PNG"
        }
    }
}