{
    "frame": "76",
    "image_filename": "render_076.png",
    "image_resolution": {
        "width": 1920,
        "height": 1080
    },
    "camera_parameters": {
        "intrinsic_matrix": [
            [
                2666.666666666667,
                0,
                960.0
            ],
            [
                0,
                2250.0,
                540.0
            ],
            [
                0,
                0,
                1
            ]
        ],
        "extrinsic_matrix": [
            [
                -0.8544442057609558,
                0.5195430517196655,
                -3.7252894102834944e-09,
                -0.13543853163719177
            ],
            [
                0.02158404141664505,
                0.035497333854436874,
                0.9991365671157837,
                -1.0831815004348755
            ],
            [
                0.5190944671630859,
                0.8537065982818604,
                -0.04154422506690025,
                -11.93182373046875
            ],
            [
                -0.0,
                0.0,
                0.0,
                1.0
            ]
        ],
        "camera_location": [
            6.1013994216918945,
            10.295092582702637,
            0.5865467190742493
        ],
        "camera_rotation_euler": [
            1.1093189716339111,
            0.0,
            0.8149281740188599
        ],
        "camera_rotation_quaternion": [
            0.18675436079502106,
            0.19468098878860474,
            0.6948895454406738,
            0.6665963530540466
        ],
        "focal_length": 50.0,
        "sensor_width": 36.0,
        "sensor_height": 24.0
    },
    "objects": [
        {
            "object_name": "Cube",
            "bbox_2d": {
                "x_min": 461.1448001861572,
                "y_min": 119.75923776626587,
                "x_max": 1465.7367324829102,
                "y_max": 966.9247332215309,
                "width": 1004.5919322967529,
                "height": 847.165495455265,
                "center_x": 963.4407663345337,
                "center_y": 543.3419854938984
            },
            "visible_vertices": 8,
            "total_vertices": 8
        }
    ],
    "metadata": {
        "total_objects": 1,
        "render_settings": {
            "resolution_percentage": 50,
            "file_format": "PNG"
        }
    }
}