{
    "frame": "422",
    "image_filename": "render_422.png",
    "image_resolution": {
        "width": 1920,
        "height": 1080
    },
    "camera_parameters": {
        "intrinsic_matrix": [
            [
                2666.666666666667,
                0,
                960.0
            ],
            [
                0,
                2250.0,
                540.0
            ],
            [
                0,
                0,
                1
            ]
        ],
        "extrinsic_matrix": [
            [
                0.38177499175071716,
                -0.9242551922798157,
                -6.519255180137407e-08,
                0.08681437373161316
            ],
            [
                -0.021843280643224716,
                -0.009022541344165802,
                0.9997204542160034,
                -1.0880061388015747
            ],
            [
                -0.9239970445632935,
                -0.38166818022727966,
                -0.02363325096666813,
                -11.600296974182129
            ],
            [
                -0.0,
                0.0,
                -0.0,
                1.0
            ]
        ],
        "camera_location": [
            -10.775553703308105,
            -4.357046127319336,
            0.8135483264923096
        ],
        "camera_rotation_euler": [
            1.1093189716339111,
            0.0,
            0.8149281740188599
        ],
        "camera_rotation_quaternion": [
            0.5807580351829529,
            0.5946492552757263,
            -0.39775487780570984,
            -0.3884631097316742
        ],
        "focal_length": 50.0,
        "sensor_width": 36.0,
        "sensor_height": 24.0
    },
    "objects": [
        {
            "object_name": "Cube",
            "bbox_2d": {
                "x_min": 469.7945022583008,
                "y_min": 132.393536567688,
                "x_max": 1355.3842163085938,
                "y_max": 1013.0485546588898,
                "width": 885.589714050293,
                "height": 880.6550180912018,
                "center_x": 912.5893592834473,
                "center_y": 572.7210456132889
            },
            "visible_vertices": 8,
            "total_vertices": 8
        }
    ],
    "metadata": {
        "total_objects": 1,
        "render_settings": {
            "resolution_percentage": 50,
            "file_format": "PNG"
        }
    }
}