{
    "frame": "718",
    "image_filename": "render_718.png",
    "image_resolution": {
        "width": 1920,
        "height": 1080
    },
    "camera_parameters": {
        "intrinsic_matrix": [
            [
                2666.666666666667,
                0,
                960.0
            ],
            [
                0,
                2250.0,
                540.0
            ],
            [
                0,
                0,
                1
            ]
        ],
        "extrinsic_matrix": [
            [
                0.8403003811836243,
                -0.5421210527420044,
                -8.195636524988004e-08,
                0.1343822181224823
            ],
            [
                0.09512868523597717,
                0.14745165407657623,
                0.9844838380813599,
                -1.0615707635879517
            ],
            [
                -0.5337095260620117,
                -0.8272621035575867,
                0.17547495663166046,
                -11.74669075012207
            ],
            [
                -0.0,
                0.0,
                -0.0,
                1.0
            ]
        ],
        "camera_location": [
            -6.281256198883057,
            -9.488211631774902,
            3.106349468231201
        ],
        "camera_rotation_euler": [
            1.1093189716339111,
            0.0,
            0.8149281740188599
        ],
        "camera_rotation_quaternion": [
            0.7353957295417786,
            0.6159086227416992,
            -0.18143616616725922,
            -0.21663503348827362
        ],
        "focal_length": 50.0,
        "sensor_width": 36.0,
        "sensor_height": 24.0
    },
    "objects": [
        {
            "object_name": "Cube",
            "bbox_2d": {
                "x_min": 432.2830009460449,
                "y_min": 91.29522800445557,
                "x_max": 1481.4238357543945,
                "y_max": 968.4870582818985,
                "width": 1049.1408348083496,
                "height": 877.1918302774429,
                "center_x": 956.8534183502197,
                "center_y": 529.891143143177
            },
            "visible_vertices": 8,
            "total_vertices": 8
        }
    ],
    "metadata": {
        "total_objects": 1,
        "render_settings": {
            "resolution_percentage": 50,
            "file_format": "PNG"
        }
    }
}