{
    "frame": "407",
    "image_filename": "render_407.png",
    "image_resolution": {
        "width": 1920,
        "height": 1080
    },
    "camera_parameters": {
        "intrinsic_matrix": [
            [
                2666.666666666667,
                0,
                960.0
            ],
            [
                0,
                2250.0,
                540.0
            ],
            [
                0,
                0,
                1
            ]
        ],
        "extrinsic_matrix": [
            [
                -0.8807582855224609,
                -0.47356581687927246,
                -3.7252888773764425e-08,
                -0.10126645117998123
            ],
            [
                0.12212493270635605,
                -0.22713328897953033,
                0.9661758542060852,
                -1.0238053798675537
            ],
            [
                -0.4575479030609131,
                0.850967526435852,
                0.2578839063644409,
                -11.889619827270508
            ],
            [
                -0.0,
                0.0,
                -0.0,
                1.0
            ]
        ],
        "camera_location": [
            -5.40423059463501,
            9.837183952331543,
            4.055315971374512
        ],
        "camera_rotation_euler": [
            1.1093189716339111,
            0.0,
            0.8149281740188599
        ],
        "camera_rotation_quaternion": [
            0.19364407658576965,
            0.14873729646205902,
            -0.5907074809074402,
            -0.7690539360046387
        ],
        "focal_length": 50.0,
        "sensor_width": 36.0,
        "sensor_height": 24.0
    },
    "objects": [
        {
            "object_name": "Cube",
            "bbox_2d": {
                "x_min": 518.3448028564453,
                "y_min": 68.009512424469,
                "x_max": 1390.641975402832,
                "y_max": 1070.7238714769483,
                "width": 872.2971725463867,
                "height": 1002.7143590524793,
                "center_x": 954.4933891296387,
                "center_y": 569.3666919507086
            },
            "visible_vertices": 8,
            "total_vertices": 8
        }
    ],
    "metadata": {
        "total_objects": 1,
        "render_settings": {
            "resolution_percentage": 50,
            "file_format": "PNG"
        }
    }
}