{
    "frame": "987",
    "image_filename": "render_987.png",
    "image_resolution": {
        "width": 1920,
        "height": 1080
    },
    "camera_parameters": {
        "intrinsic_matrix": [
            [
                2666.666666666667,
                0,
                960.0
            ],
            [
                0,
                2250.0,
                540.0
            ],
            [
                0,
                0,
                1
            ]
        ],
        "extrinsic_matrix": [
            [
                0.11015627533197403,
                -0.9939142465591431,
                -1.331791139591587e-07,
                0.052683401852846146
            ],
            [
                0.08599391579627991,
                0.00953070167452097,
                0.9962500929832458,
                -1.070340633392334
            ],
            [
                -0.9901872277259827,
                -0.1097431406378746,
                0.08652051538228989,
                -11.964981079101562
            ],
            [
                -0.0,
                0.0,
                -0.0,
                1.0
            ]
        ],
        "camera_location": [
            -11.761330604553223,
            -1.2505114078521729,
            2.1015424728393555
        ],
        "camera_rotation_euler": [
            1.1093189716339111,
            0.0,
            0.8149281740188599
        ],
        "camera_rotation_quaternion": [
            0.5491374135017395,
            0.5035139322280884,
            -0.4507920742034912,
            -0.4916384816169739
        ],
        "focal_length": 50.0,
        "sensor_width": 36.0,
        "sensor_height": 24.0
    },
    "objects": [
        {
            "object_name": "Cube",
            "bbox_2d": {
                "x_min": 566.8559074401855,
                "y_min": 119.29646015167236,
                "x_max": 1394.6253204345703,
                "y_max": 1032.5506255030632,
                "width": 827.7694129943848,
                "height": 913.2541653513908,
                "center_x": 980.7406139373779,
                "center_y": 575.9235428273678
            },
            "visible_vertices": 8,
            "total_vertices": 8
        }
    ],
    "metadata": {
        "total_objects": 1,
        "render_settings": {
            "resolution_percentage": 50,
            "file_format": "PNG"
        }
    }
}