{
    "frame": "170",
    "image_filename": "render_170.png",
    "image_resolution": {
        "width": 1920,
        "height": 1080
    },
    "camera_parameters": {
        "intrinsic_matrix": [
            [
                2666.666666666667,
                0,
                960.0
            ],
            [
                0,
                2250.0,
                540.0
            ],
            [
                0,
                0,
                1
            ]
        ],
        "extrinsic_matrix": [
            [
                0.6511853337287903,
                -0.7589186429977417,
                -1.0430807861894209e-07,
                0.11701340228319168
            ],
            [
                -0.11209811270236969,
                -0.09618503600358963,
                0.9890308380126953,
                -1.0853087902069092
            ],
            [
                -0.7505940794944763,
                -0.6440423727035522,
                -0.14770759642124176,
                -11.432140350341797
            ],
            [
                -0.0,
                0.0,
                -0.0,
                1.0
            ]
        ],
        "camera_location": [
            -8.778759002685547,
            -7.378374099731445,
            -0.6152111291885376
        ],
        "camera_rotation_euler": [
            1.1093189716339111,
            0.0,
            0.8149281740188599
        ],
        "camera_rotation_quaternion": [
            0.5931469202041626,
            0.6883091926574707,
            -0.31636103987693787,
            -0.2726224958896637
        ],
        "focal_length": 50.0,
        "sensor_width": 36.0,
        "sensor_height": 24.0
    },
    "objects": [
        {
            "object_name": "Cube",
            "bbox_2d": {
                "x_min": 431.3268184661865,
                "y_min": 101.48521900177002,
                "x_max": 1445.4616928100586,
                "y_max": 990.5169850587845,
                "width": 1014.1348743438721,
                "height": 889.0317660570145,
                "center_x": 938.3942556381226,
                "center_y": 546.0011020302773
            },
            "visible_vertices": 8,
            "total_vertices": 8
        }
    ],
    "metadata": {
        "total_objects": 1,
        "render_settings": {
            "resolution_percentage": 50,
            "file_format": "PNG"
        }
    }
}