{
    "frame": "53",
    "image_filename": "render_053.png",
    "image_resolution": {
        "width": 1920,
        "height": 1080
    },
    "camera_parameters": {
        "intrinsic_matrix": [
            [
                2666.666666666667,
                0,
                960.0
            ],
            [
                0,
                2250.0,
                540.0
            ],
            [
                0,
                0,
                1
            ]
        ],
        "extrinsic_matrix": [
            [
                -0.4346742331981659,
                -0.9005877375602722,
                -1.341104507446289e-07,
                -0.024638544768095016
            ],
            [
                0.23135492205619812,
                -0.1116650328040123,
                0.9664397239685059,
                -1.0136865377426147
            ],
            [
                -0.8703638315200806,
                0.42008644342422485,
                0.2568933367729187,
                -12.427501678466797
            ],
            [
                0.0,
                0.0,
                -0.0,
                1.0
            ]
        ],
        "camera_location": [
            -10.592636108398438,
            5.08524227142334,
            4.1722092628479
        ],
        "camera_rotation_euler": [
            1.1093189716339111,
            0.0,
            0.8149281740188599
        ],
        "camera_rotation_quaternion": [
            0.42147183418273926,
            0.3240746259689331,
            -0.5162644386291504,
            -0.6714224815368652
        ],
        "focal_length": 50.0,
        "sensor_width": 36.0,
        "sensor_height": 24.0
    },
    "objects": [
        {
            "object_name": "Cube",
            "bbox_2d": {
                "x_min": 497.614803314209,
                "y_min": 83.42974662780762,
                "x_max": 1401.7040634155273,
                "y_max": 1065.8063473552465,
                "width": 904.0892601013184,
                "height": 982.3766007274389,
                "center_x": 949.6594333648682,
                "center_y": 574.6180469915271
            },
            "visible_vertices": 8,
            "total_vertices": 8
        }
    ],
    "metadata": {
        "total_objects": 1,
        "render_settings": {
            "resolution_percentage": 50,
            "file_format": "PNG"
        }
    }
}