{
    "frame": "97",
    "image_filename": "render_097.png",
    "image_resolution": {
        "width": 1920,
        "height": 1080
    },
    "camera_parameters": {
        "intrinsic_matrix": [
            [
                2666.666666666667,
                0,
                960.0
            ],
            [
                0,
                2250.0,
                540.0
            ],
            [
                0,
                0,
                1
            ]
        ],
        "extrinsic_matrix": [
            [
                0.9447270631790161,
                -0.3278581500053406,
                0.0,
                0.14038097858428955
            ],
            [
                0.03475426137447357,
                0.10014481842517853,
                0.9943656921386719,
                -1.0786750316619873
            ],
            [
                -0.32601088285446167,
                -0.9394041299819946,
                0.10600398480892181,
                -11.63888168334961
            ],
            [
                -0.0,
                0.0,
                -0.0,
                1.0
            ]
        ],
        "camera_location": [
            -3.889535427093506,
            -10.77956485748291,
            2.3063652515411377
        ],
        "camera_rotation_euler": [
            1.1093189716339111,
            0.0,
            0.8149281740188599
        ],
        "camera_rotation_quaternion": [
            0.7332932353019714,
            0.6592757701873779,
            -0.11114615201950073,
            -0.12362462282180786
        ],
        "focal_length": 50.0,
        "sensor_width": 36.0,
        "sensor_height": 24.0
    },
    "objects": [
        {
            "object_name": "Cube",
            "bbox_2d": {
                "x_min": 474.589319229126,
                "y_min": 87.60214805603027,
                "x_max": 1490.3922271728516,
                "y_max": 954.0841752290726,
                "width": 1015.8029079437256,
                "height": 866.4820271730423,
                "center_x": 982.4907732009888,
                "center_y": 520.8431616425514
            },
            "visible_vertices": 8,
            "total_vertices": 8
        }
    ],
    "metadata": {
        "total_objects": 1,
        "render_settings": {
            "resolution_percentage": 50,
            "file_format": "PNG"
        }
    }
}