{
    "frame": "944",
    "image_filename": "render_944.png",
    "image_resolution": {
        "width": 1920,
        "height": 1080
    },
    "camera_parameters": {
        "intrinsic_matrix": [
            [
                2666.666666666667,
                0,
                960.0
            ],
            [
                0,
                2250.0,
                540.0
            ],
            [
                0,
                0,
                1
            ]
        ],
        "extrinsic_matrix": [
            [
                -0.9647150039672852,
                0.2632959187030792,
                -9.313224325069314e-08,
                -0.14063392579555511
            ],
            [
                -0.05276261642575264,
                -0.1933216005563736,
                0.9797156453132629,
                -1.063470721244812
            ],
            [
                0.2579551339149475,
                0.9451465010643005,
                0.20039251446723938,
                -11.733896255493164
            ],
            [
                -0.0,
                -0.0,
                -0.0,
                1.0
            ]
        ],
        "camera_location": [
            2.835035800933838,
            10.921688079833984,
            3.3932833671569824
        ],
        "camera_rotation_euler": [
            1.1093189716339111,
            0.0,
            0.8149281740188599
        ],
        "camera_rotation_quaternion": [
            0.10290256142616272,
            0.08398517966270447,
            0.6266978979110718,
            0.7678589224815369
        ],
        "focal_length": 50.0,
        "sensor_width": 36.0,
        "sensor_height": 24.0
    },
    "objects": [
        {
            "object_name": "Cube",
            "bbox_2d": {
                "x_min": 497.5960922241211,
                "y_min": 88.31437110900879,
                "x_max": 1496.260643005371,
                "y_max": 992.3452028632164,
                "width": 998.66455078125,
                "height": 904.0308317542076,
                "center_x": 996.9283676147461,
                "center_y": 540.3297869861126
            },
            "visible_vertices": 8,
            "total_vertices": 8
        }
    ],
    "metadata": {
        "total_objects": 1,
        "render_settings": {
            "resolution_percentage": 50,
            "file_format": "PNG"
        }
    }
}