{
    "frame": "818",
    "image_filename": "render_818.png",
    "image_resolution": {
        "width": 1920,
        "height": 1080
    },
    "camera_parameters": {
        "intrinsic_matrix": [
            [
                2666.666666666667,
                0,
                960.0
            ],
            [
                0,
                2250.0,
                540.0
            ],
            [
                0,
                0,
                1
            ]
        ],
        "extrinsic_matrix": [
            [
                0.7473453879356384,
                0.6644358038902283,
                2.9802322387695312e-08,
                0.07594767212867737
            ],
            [
                -0.08561927825212479,
                0.09630297124385834,
                0.9916627407073975,
                -1.0918948650360107
            ],
            [
                0.6588963270187378,
                -0.7411145567893982,
                0.12886010110378265,
                -11.53786849975586
            ],
            [
                -0.0,
                0.0,
                -0.0,
                1.0
            ]
        ],
        "camera_location": [
            7.452011585235596,
            -8.496191024780273,
            2.5695619583129883
        ],
        "camera_rotation_euler": [
            1.1093189716339111,
            0.0,
            0.8149281740188599
        ],
        "camera_rotation_quaternion": [
            0.7022300958633423,
            0.6168837547302246,
            0.23457278311252594,
            0.2670261263847351
        ],
        "focal_length": 50.0,
        "sensor_width": 36.0,
        "sensor_height": 24.0
    },
    "objects": [
        {
            "object_name": "Cube",
            "bbox_2d": {
                "x_min": 499.40317153930664,
                "y_min": 78.08594942092896,
                "x_max": 1402.5945281982422,
                "y_max": 891.0470277070999,
                "width": 903.1913566589355,
                "height": 812.961078286171,
                "center_x": 950.9988498687744,
                "center_y": 484.56648856401443
            },
            "visible_vertices": 8,
            "total_vertices": 8
        }
    ],
    "metadata": {
        "total_objects": 1,
        "render_settings": {
            "resolution_percentage": 50,
            "file_format": "PNG"
        }
    }
}