{
    "frame": "144",
    "image_filename": "render_144.png",
    "image_resolution": {
        "width": 1920,
        "height": 1080
    },
    "camera_parameters": {
        "intrinsic_matrix": [
            [
                2666.666666666667,
                0,
                960.0
            ],
            [
                0,
                2250.0,
                540.0
            ],
            [
                0,
                0,
                1
            ]
        ],
        "extrinsic_matrix": [
            [
                -0.4270310401916504,
                -0.9042369723320007,
                7.078051567077637e-08,
                -0.02346273511648178
            ],
            [
                0.06637994945049286,
                -0.031348228454589844,
                0.9973018765449524,
                -1.072585940361023
            ],
            [
                -0.9017972350120544,
                0.4258788526058197,
                0.07340987026691437,
                -11.7333402633667
            ],
            [
                -0.0,
                0.0,
                -0.0,
                1.0
            ]
        ],
        "camera_location": [
            -10.519913673400879,
            4.942141532897949,
            1.931034803390503
        ],
        "camera_rotation_euler": [
            1.1093189716339111,
            0.0,
            0.8149281740188599
        ],
        "camera_rotation_quaternion": [
            0.39211949706077576,
            0.3643169701099396,
            -0.5749506950378418,
            -0.6188274025917053
        ],
        "focal_length": 50.0,
        "sensor_width": 36.0,
        "sensor_height": 24.0
    },
    "objects": [
        {
            "object_name": "Cube",
            "bbox_2d": {
                "x_min": 486.71716690063477,
                "y_min": 120.37194013595581,
                "x_max": 1414.2363739013672,
                "y_max": 1060.7939786463976,
                "width": 927.5192070007324,
                "height": 940.4220385104418,
                "center_x": 950.476770401001,
                "center_y": 590.5829593911767
            },
            "visible_vertices": 8,
            "total_vertices": 8
        }
    ],
    "metadata": {
        "total_objects": 1,
        "render_settings": {
            "resolution_percentage": 50,
            "file_format": "PNG"
        }
    }
}