{
    "frame": "820",
    "image_filename": "render_820.png",
    "image_resolution": {
        "width": 1920,
        "height": 1080
    },
    "camera_parameters": {
        "intrinsic_matrix": [
            [
                2666.666666666667,
                0,
                960.0
            ],
            [
                0,
                2250.0,
                540.0
            ],
            [
                0,
                0,
                1
            ]
        ],
        "extrinsic_matrix": [
            [
                0.5614444017410278,
                0.8275144696235657,
                -2.9802315282267955e-08,
                0.04457906633615494
            ],
            [
                -0.22386714816093445,
                0.151887446641922,
                0.9627115726470947,
                -1.0812962055206299
            ],
            [
                0.7966578602790833,
                -0.5405088663101196,
                0.27052974700927734,
                -11.680645942687988
            ],
            [
                -0.0,
                0.0,
                -0.0,
                1.0
            ]
        ],
        "camera_location": [
            9.038382530212402,
            -6.1861491203308105,
            4.200937747955322
        ],
        "camera_rotation_euler": [
            1.1093189716339111,
            0.0,
            0.8149281740188599
        ],
        "camera_rotation_quaternion": [
            0.7042481899261475,
            0.5336260795593262,
            0.2828044295310974,
            0.3732284605503082
        ],
        "focal_length": 50.0,
        "sensor_width": 36.0,
        "sensor_height": 24.0
    },
    "objects": [
        {
            "object_name": "Cube",
            "bbox_2d": {
                "x_min": 503.30766677856445,
                "y_min": 136.08577966690063,
                "x_max": 1409.0227890014648,
                "y_max": 893.7537682056427,
                "width": 905.7151222229004,
                "height": 757.6679885387421,
                "center_x": 956.1652278900146,
                "center_y": 514.9197739362717
            },
            "visible_vertices": 8,
            "total_vertices": 8
        }
    ],
    "metadata": {
        "total_objects": 1,
        "render_settings": {
            "resolution_percentage": 50,
            "file_format": "PNG"
        }
    }
}