{
    "frame": "576",
    "image_filename": "render_576.png",
    "image_resolution": {
        "width": 1920,
        "height": 1080
    },
    "camera_parameters": {
        "intrinsic_matrix": [
            [
                2666.666666666667,
                0,
                960.0
            ],
            [
                0,
                2250.0,
                540.0
            ],
            [
                0,
                0,
                1
            ]
        ],
        "extrinsic_matrix": [
            [
                0.5516981482505798,
                -0.8340437412261963,
                -4.470347292340193e-08,
                0.10639680922031403
            ],
            [
                0.27560561895370483,
                0.18230591714382172,
                0.9438251256942749,
                -0.9943139553070068
            ],
            [
                -0.7871914505958557,
                -0.5207065939903259,
                0.3304450213909149,
                -11.960911750793457
            ],
            [
                -0.0,
                0.0,
                -0.0,
                1.0
            ]
        ],
        "camera_location": [
            -9.200190544128418,
            -5.958118438720703,
            4.890882968902588
        ],
        "camera_rotation_euler": [
            1.1093189716339111,
            0.0,
            0.8149281740188599
        ],
        "camera_rotation_quaternion": [
            0.7184095978736877,
            0.5096437931060791,
            -0.2739355266094208,
            -0.38614794611930847
        ],
        "focal_length": 50.0,
        "sensor_width": 36.0,
        "sensor_height": 24.0
    },
    "objects": [
        {
            "object_name": "Cube",
            "bbox_2d": {
                "x_min": 426.90399169921875,
                "y_min": 74.65853691101074,
                "x_max": 1404.891242980957,
                "y_max": 998.5364064574242,
                "width": 977.9872512817383,
                "height": 923.8778695464134,
                "center_x": 915.8976173400879,
                "center_y": 536.5974716842175
            },
            "visible_vertices": 8,
            "total_vertices": 8
        }
    ],
    "metadata": {
        "total_objects": 1,
        "render_settings": {
            "resolution_percentage": 50,
            "file_format": "PNG"
        }
    }
}