{
    "frame": "351",
    "image_filename": "render_351.png",
    "image_resolution": {
        "width": 1920,
        "height": 1080
    },
    "camera_parameters": {
        "intrinsic_matrix": [
            [
                2666.666666666667,
                0,
                960.0
            ],
            [
                0,
                2250.0,
                540.0
            ],
            [
                0,
                0,
                1
            ]
        ],
        "extrinsic_matrix": [
            [
                0.9034355878829956,
                -0.4287237823009491,
                -5.21540464148984e-08,
                4.786035674442246e-07
            ],
            [
                -0.05293642729520798,
                -0.1115511804819107,
                0.9923475384712219,
                -2.1320288396964315e-06
            ],
            [
                -0.4254430830478668,
                -0.8965221047401428,
                -0.12347440421581268,
                -11.25631332397461
            ],
            [
                -0.0,
                0.0,
                -0.0,
                1.0
            ]
        ],
        "camera_location": [
            -4.7889227867126465,
            -10.091538429260254,
            -1.3898652791976929
        ],
        "camera_rotation_euler": [
            1.1093189716339111,
            0.0,
            0.8149281740188599
        ],
        "camera_rotation_quaternion": [
            0.6458348035812378,
            0.7311739325523376,
            -0.16468730568885803,
            -0.14546579122543335
        ],
        "focal_length": 50.0,
        "sensor_width": 36.0,
        "sensor_height": 24.0
    },
    "objects": [
        {
            "object_name": "Cube",
            "bbox_2d": {
                "x_min": 626.8067722237856,
                "y_min": 331.0136788753955,
                "x_max": 1266.1399997863177,
                "y_max": 798.7910493504367,
                "width": 639.3332275625321,
                "height": 467.77737047504115,
                "center_x": 946.4733860050517,
                "center_y": 564.9023641129161
            },
            "visible_vertices": 8,
            "total_vertices": 8
        }
    ],
    "metadata": {
        "total_objects": 1,
        "render_settings": {
            "resolution_percentage": 50,
            "file_format": "PNG"
        }
    }
}