{
    "frame": "433",
    "image_filename": "render_433.png",
    "image_resolution": {
        "width": 1920,
        "height": 1080
    },
    "camera_parameters": {
        "intrinsic_matrix": [
            [
                2666.666666666667,
                0,
                960.0
            ],
            [
                0,
                2250.0,
                540.0
            ],
            [
                0,
                0,
                1
            ]
        ],
        "extrinsic_matrix": [
            [
                -0.5463489890098572,
                0.8375575542449951,
                -3.352760913344355e-08,
                9.57772385845601e-07
            ],
            [
                -0.07015924155712128,
                -0.04576566442847252,
                0.9964853525161743,
                -6.27333065494895e-07
            ],
            [
                0.8346138000488281,
                0.544428825378418,
                0.08376645296812057,
                -11.256316184997559
            ],
            [
                -0.0,
                -0.0,
                -0.0,
                1.0
            ]
        ],
        "camera_location": [
            9.394679069519043,
            6.128262042999268,
            0.942902147769928
        ],
        "camera_rotation_euler": [
            1.1093189716339111,
            0.0,
            0.8149281740188599
        ],
        "camera_rotation_quaternion": [
            0.35058942437171936,
            0.3223547041416168,
            0.5951505899429321,
            0.6472791433334351
        ],
        "focal_length": 50.0,
        "sensor_width": 36.0,
        "sensor_height": 24.0
    },
    "objects": [
        {
            "object_name": "Cube",
            "bbox_2d": {
                "x_min": 638.0506767211759,
                "y_min": 288.72858190599493,
                "x_max": 1299.1188392964314,
                "y_max": 742.3033667204292,
                "width": 661.0681625752554,
                "height": 453.5747848144342,
                "center_x": 968.5847580088036,
                "center_y": 515.515974313212
            },
            "visible_vertices": 8,
            "total_vertices": 8
        }
    ],
    "metadata": {
        "total_objects": 1,
        "render_settings": {
            "resolution_percentage": 50,
            "file_format": "PNG"
        }
    }
}