{
    "frame": "348",
    "image_filename": "render_348.png",
    "image_resolution": {
        "width": 1920,
        "height": 1080
    },
    "camera_parameters": {
        "intrinsic_matrix": [
            [
                2666.666666666667,
                0,
                960.0
            ],
            [
                0,
                2250.0,
                540.0
            ],
            [
                0,
                0,
                1
            ]
        ],
        "extrinsic_matrix": [
            [
                0.4089328646659851,
                0.9125644564628601,
                -5.587935447692871e-08,
                1.9250592231401242e-09
            ],
            [
                -0.13168886303901672,
                0.05901165306568146,
                0.9895330667495728,
                1.5735512306491728e-06
            ],
            [
                0.9030126333236694,
                -0.40465259552001953,
                0.14430637657642365,
                -11.256316184997559
            ],
            [
                -0.0,
                0.0,
                -0.0,
                1.0
            ]
        ],
        "camera_location": [
            10.164596557617188,
            -4.554897785186768,
            1.6243568658828735
        ],
        "camera_rotation_euler": [
            1.1093189716339111,
            0.0,
            0.8149281740188599
        ],
        "camera_rotation_quaternion": [
            0.6348722577095032,
            0.5490025281906128,
            0.3555884063243866,
            0.4112061560153961
        ],
        "focal_length": 50.0,
        "sensor_width": 36.0,
        "sensor_height": 24.0
    },
    "objects": [
        {
            "object_name": "Cube",
            "bbox_2d": {
                "x_min": 627.9753839547996,
                "y_min": 276.89356078619835,
                "x_max": 1263.5211584788954,
                "y_max": 753.8163123351327,
                "width": 635.5457745240958,
                "height": 476.92275154893434,
                "center_x": 945.7482712168475,
                "center_y": 515.3549365606655
            },
            "visible_vertices": 8,
            "total_vertices": 8
        }
    ],
    "metadata": {
        "total_objects": 1,
        "render_settings": {
            "resolution_percentage": 50,
            "file_format": "PNG"
        }
    }
}