{
    "frame": "613",
    "image_filename": "render_613.png",
    "image_resolution": {
        "width": 1920,
        "height": 1080
    },
    "camera_parameters": {
        "intrinsic_matrix": [
            [
                2666.666666666667,
                0,
                960.0
            ],
            [
                0,
                2250.0,
                540.0
            ],
            [
                0,
                0,
                1
            ]
        ],
        "extrinsic_matrix": [
            [
                0.5708641409873962,
                -0.8210445642471313,
                -3.725290653733282e-08,
                2.185558622969097e-09
            ],
            [
                -0.0642571896314621,
                -0.0446774885058403,
                0.996932864189148,
                1.1083587878601975e-06
            ],
            [
                -0.8185262084007263,
                -0.5691131949424744,
                -0.0782628059387207,
                -11.256315231323242
            ],
            [
                -0.0,
                0.0,
                -0.0,
                1.0
            ]
        ],
        "camera_location": [
            -9.213589668273926,
            -6.406117916107178,
            -0.8809518218040466
        ],
        "camera_rotation_euler": [
            1.1093189716339111,
            0.0,
            0.8149281740188599
        ],
        "camera_rotation_quaternion": [
            0.6016485691070557,
            0.6507312655448914,
            -0.34011808037757874,
            -0.3144640624523163
        ],
        "focal_length": 50.0,
        "sensor_width": 36.0,
        "sensor_height": 24.0
    },
    "objects": [
        {
            "object_name": "Cube",
            "bbox_2d": {
                "x_min": 635.189854994331,
                "y_min": 335.92347389565475,
                "x_max": 1299.6357266848577,
                "y_max": 790.1477781274061,
                "width": 664.4458716905267,
                "height": 454.2243042317514,
                "center_x": 967.4127908395943,
                "center_y": 563.0356260115304
            },
            "visible_vertices": 8,
            "total_vertices": 8
        }
    ],
    "metadata": {
        "total_objects": 1,
        "render_settings": {
            "resolution_percentage": 50,
            "file_format": "PNG"
        }
    }
}