{
    "frame": "476",
    "image_filename": "render_476.png",
    "image_resolution": {
        "width": 1920,
        "height": 1080
    },
    "camera_parameters": {
        "intrinsic_matrix": [
            [
                2666.666666666667,
                0,
                960.0
            ],
            [
                0,
                2250.0,
                540.0
            ],
            [
                0,
                0,
                1
            ]
        ],
        "extrinsic_matrix": [
            [
                -0.39729470014572144,
                0.9176911115646362,
                1.862645149230957e-09,
                -4.76212733246939e-07
            ],
            [
                -0.0583094097673893,
                -0.025243813171982765,
                0.9979793429374695,
                -3.8739344176974555e-07
            ],
            [
                0.9158366918563843,
                0.3964919447898865,
                0.06353925168514252,
                -11.256315231323242
            ],
            [
                -0.0,
                0.0,
                -0.0,
                1.0
            ]
        ],
        "camera_location": [
            10.308947563171387,
            4.463038444519043,
            0.7152183651924133
        ],
        "camera_rotation_euler": [
            1.1093189716339111,
            0.0,
            0.8149281740188599
        ],
        "camera_rotation_quaternion": [
            0.400312602519989,
            0.3756360709667206,
            0.5719509720802307,
            0.6095239520072937
        ],
        "focal_length": 50.0,
        "sensor_width": 36.0,
        "sensor_height": 24.0
    },
    "objects": [
        {
            "object_name": "Cube",
            "bbox_2d": {
                "x_min": 660.5984043654034,
                "y_min": 296.8380752323476,
                "x_max": 1288.538200470626,
                "y_max": 748.2352967790819,
                "width": 627.9397961052225,
                "height": 451.3972215467343,
                "center_x": 974.5683024180147,
                "center_y": 522.5366860057147
            },
            "visible_vertices": 8,
            "total_vertices": 8
        }
    ],
    "metadata": {
        "total_objects": 1,
        "render_settings": {
            "resolution_percentage": 50,
            "file_format": "PNG"
        }
    }
}