{
    "frame": "217",
    "image_filename": "render_217.png",
    "image_resolution": {
        "width": 1920,
        "height": 1080
    },
    "camera_parameters": {
        "intrinsic_matrix": [
            [
                2666.666666666667,
                0,
                960.0
            ],
            [
                0,
                2250.0,
                540.0
            ],
            [
                0,
                0,
                1
            ]
        ],
        "extrinsic_matrix": [
            [
                0.9682976603507996,
                -0.24979934096336365,
                3.725290742551124e-09,
                -2.385134791893506e-07
            ],
            [
                -0.02000070922076702,
                -0.07752878963947296,
                0.9967894554138184,
                4.952210588271555e-07
            ],
            [
                -0.24899736046791077,
                -0.9651889204978943,
                -0.08006710559129715,
                -11.256317138671875
            ],
            [
                -0.0,
                0.0,
                -0.0,
                1.0
            ]
        ],
        "camera_location": [
            -2.80279278755188,
            -10.864471435546875,
            -0.9012610912322998
        ],
        "camera_rotation_euler": [
            1.1093189716339111,
            0.0,
            0.8149281740188599
        ],
        "camera_rotation_quaternion": [
            0.6728115677833557,
            0.729022204875946,
            -0.09252120554447174,
            -0.08538743853569031
        ],
        "focal_length": 50.0,
        "sensor_width": 36.0,
        "sensor_height": 24.0
    },
    "objects": [
        {
            "object_name": "Cube",
            "bbox_2d": {
                "x_min": 649.4608147493999,
                "y_min": 336.8961250503902,
                "x_max": 1233.1364420261143,
                "y_max": 783.2494173439079,
                "width": 583.6756272767144,
                "height": 446.3532922935177,
                "center_x": 941.2986283877572,
                "center_y": 560.072771197149
            },
            "visible_vertices": 8,
            "total_vertices": 8
        }
    ],
    "metadata": {
        "total_objects": 1,
        "render_settings": {
            "resolution_percentage": 50,
            "file_format": "PNG"
        }
    }
}