{
    "frame": "244",
    "image_filename": "render_244.png",
    "image_resolution": {
        "width": 1920,
        "height": 1080
    },
    "camera_parameters": {
        "intrinsic_matrix": [
            [
                2666.666666666667,
                0,
                960.0
            ],
            [
                0,
                2250.0,
                540.0
            ],
            [
                0,
                0,
                1
            ]
        ],
        "extrinsic_matrix": [
            [
                0.40758368372917175,
                0.9131678342819214,
                -3.259629011154175e-08,
                4.7680777015557396e-07
            ],
            [
                -0.03613600879907608,
                0.016129018738865852,
                0.9992167353630066,
                -7.141154583223397e-07
            ],
            [
                0.9124526381492615,
                -0.40726444125175476,
                0.039572179317474365,
                -11.256316184997559
            ],
            [
                -0.0,
                0.0,
                -0.0,
                1.0
            ]
        ],
        "camera_location": [
            10.270854949951172,
            -4.5842976570129395,
            0.4454375207424164
        ],
        "camera_rotation_euler": [
            1.1093189716339111,
            0.0,
            0.8149281740188599
        ],
        "camera_rotation_quaternion": [
            0.6048315763473511,
            0.5813524127006531,
            0.3771515488624573,
            0.3923835754394531
        ],
        "focal_length": 50.0,
        "sensor_width": 36.0,
        "sensor_height": 24.0
    },
    "objects": [
        {
            "object_name": "Cube",
            "bbox_2d": {
                "x_min": 631.1957392707186,
                "y_min": 302.8513614288961,
                "x_max": 1260.4626483405887,
                "y_max": 755.280779147477,
                "width": 629.26690906987,
                "height": 452.4294177185809,
                "center_x": 945.8291938056536,
                "center_y": 529.0660702881866
            },
            "visible_vertices": 8,
            "total_vertices": 8
        }
    ],
    "metadata": {
        "total_objects": 1,
        "render_settings": {
            "resolution_percentage": 50,
            "file_format": "PNG"
        }
    }
}