{
    "frame": "742",
    "image_filename": "render_742.png",
    "image_resolution": {
        "width": 1920,
        "height": 1080
    },
    "camera_parameters": {
        "intrinsic_matrix": [
            [
                2666.666666666667,
                0,
                960.0
            ],
            [
                0,
                2250.0,
                540.0
            ],
            [
                0,
                0,
                1
            ]
        ],
        "extrinsic_matrix": [
            [
                -0.5765862464904785,
                -0.8170361518859863,
                -2.4586907443335804e-07,
                -1.4559237797584501e-06
            ],
            [
                -0.11641617864370346,
                0.08215520530939102,
                0.9897967576980591,
                6.358667405947926e-07
            ],
            [
                -0.8086997866630554,
                0.5707033276557922,
                -0.14248570799827576,
                -11.256315231323242
            ],
            [
                -0.0,
                0.0,
                -0.0,
                1.0
            ]
        ],
        "camera_location": [
            -9.102982521057129,
            6.424015998840332,
            -1.6038662195205688
        ],
        "camera_rotation_euler": [
            1.1093189716339111,
            0.0,
            0.8149281740188599
        ],
        "camera_rotation_quaternion": [
            0.3012818992137909,
            0.3477586507797241,
            -0.6710490584373474,
            -0.5813659429550171
        ],
        "focal_length": 50.0,
        "sensor_width": 36.0,
        "sensor_height": 24.0
    },
    "objects": [
        {
            "object_name": "Cube",
            "bbox_2d": {
                "x_min": 618.2953193539631,
                "y_min": 325.97798488851686,
                "x_max": 1287.3772579123756,
                "y_max": 806.865321099171,
                "width": 669.0819385584125,
                "height": 480.8873362106541,
                "center_x": 952.8362886331694,
                "center_y": 566.421652993844
            },
            "visible_vertices": 8,
            "total_vertices": 8
        }
    ],
    "metadata": {
        "total_objects": 1,
        "render_settings": {
            "resolution_percentage": 50,
            "file_format": "PNG"
        }
    }
}