{
    "frame": "732",
    "image_filename": "render_732.png",
    "image_resolution": {
        "width": 1920,
        "height": 1080
    },
    "camera_parameters": {
        "intrinsic_matrix": [
            [
                2666.666666666667,
                0,
                960.0
            ],
            [
                0,
                2250.0,
                540.0
            ],
            [
                0,
                0,
                1
            ]
        ],
        "extrinsic_matrix": [
            [
                -0.9186106324195862,
                0.39516332745552063,
                -5.221224697038451e-08,
                1.1907136518093941e-12
            ],
            [
                -0.0009052677778527141,
                -0.0021041827276349068,
                0.9999971985816956,
                -1.4434954209718853e-06
            ],
            [
                0.3951622545719147,
                0.9186083078384399,
                0.0022908514365553856,
                -11.256314277648926
            ],
            [
                -0.0,
                -0.0,
                -0.0,
                1.0
            ]
        ],
        "camera_location": [
            4.44807243347168,
            10.340147018432617,
            0.025785770267248154
        ],
        "camera_rotation_euler": [
            1.1093189716339111,
            0.0,
            0.8149281740188599
        ],
        "camera_rotation_quaternion": [
            0.1428072452545166,
            0.14248041808605194,
            0.6917759776115417,
            0.6933624744415283
        ],
        "focal_length": 50.0,
        "sensor_width": 36.0,
        "sensor_height": 24.0
    },
    "objects": [
        {
            "object_name": "Cube",
            "bbox_2d": {
                "x_min": 633.512725845565,
                "y_min": 313.07131267372233,
                "x_max": 1257.4660444372755,
                "y_max": 765.6702302580295,
                "width": 623.9533185917105,
                "height": 452.5989175843072,
                "center_x": 945.4893851414203,
                "center_y": 539.3707714658759
            },
            "visible_vertices": 8,
            "total_vertices": 8
        }
    ],
    "metadata": {
        "total_objects": 1,
        "render_settings": {
            "resolution_percentage": 50,
            "file_format": "PNG"
        }
    }
}