{
    "frame": "718",
    "image_filename": "render_718.png",
    "image_resolution": {
        "width": 1920,
        "height": 1080
    },
    "camera_parameters": {
        "intrinsic_matrix": [
            [
                2666.666666666667,
                0,
                960.0
            ],
            [
                0,
                2250.0,
                540.0
            ],
            [
                0,
                0,
                1
            ]
        ],
        "extrinsic_matrix": [
            [
                -0.8479068875312805,
                -0.5301448702812195,
                -4.458705404886132e-08,
                4.768392614096228e-07
            ],
            [
                -0.0015073128743097186,
                0.002410775749012828,
                0.9999958276748657,
                -4.450293999980204e-07
            ],
            [
                -0.5301427245140076,
                0.8479035496711731,
                -0.00284305470995605,
                -11.256316184997559
            ],
            [
                -0.0,
                0.0,
                -0.0,
                1.0
            ]
        ],
        "camera_location": [
            -5.96745491027832,
            9.544271469116211,
            -0.03200361132621765
        ],
        "camera_rotation_euler": [
            1.1093189716339111,
            0.0,
            0.8149281740188599
        ],
        "camera_rotation_quaternion": [
            0.19471809267997742,
            0.19527249038219452,
            -0.6806542873382568,
            -0.6787218451499939
        ],
        "focal_length": 50.0,
        "sensor_width": 36.0,
        "sensor_height": 24.0
    },
    "objects": [
        {
            "object_name": "Cube",
            "bbox_2d": {
                "x_min": 642.4188294303888,
                "y_min": 313.0552938295548,
                "x_max": 1296.0369642835083,
                "y_max": 768.5982775425925,
                "width": 653.6181348531195,
                "height": 455.54298371303776,
                "center_x": 969.2278968569485,
                "center_y": 540.8267856860737
            },
            "visible_vertices": 8,
            "total_vertices": 8
        }
    ],
    "metadata": {
        "total_objects": 1,
        "render_settings": {
            "resolution_percentage": 50,
            "file_format": "PNG"
        }
    }
}