{
    "frame": "349",
    "image_filename": "render_349.png",
    "image_resolution": {
        "width": 1920,
        "height": 1080
    },
    "camera_parameters": {
        "intrinsic_matrix": [
            [
                2666.666666666667,
                0,
                960.0
            ],
            [
                0,
                2250.0,
                540.0
            ],
            [
                0,
                0,
                1
            ]
        ],
        "extrinsic_matrix": [
            [
                0.9999532699584961,
                0.00966943334788084,
                5.820766091346741e-10,
                -7.537670931867524e-09
            ],
            [
                -0.0010763965547084808,
                0.11131426692008972,
                0.9937847256660461,
                3.5765617667493643e-07
            ],
            [
                0.009609334170818329,
                -0.9937382340431213,
                0.11131947487592697,
                -11.256315231323242
            ],
            [
                -0.0,
                0.0,
                -0.0,
                1.0
            ]
        ],
        "camera_location": [
            0.10816570371389389,
            -11.185831069946289,
            1.2530466318130493
        ],
        "camera_rotation_euler": [
            1.1093189716339111,
            0.0,
            0.8149281740188599
        ],
        "camera_rotation_quaternion": [
            0.7454171776771545,
            0.6665807366371155,
            0.0032228040508925915,
            0.0036039650440216064
        ],
        "focal_length": 50.0,
        "sensor_width": 36.0,
        "sensor_height": 24.0
    },
    "objects": [
        {
            "object_name": "Cube",
            "bbox_2d": {
                "x_min": 699.612649859964,
                "y_min": 299.8586563695884,
                "x_max": 1224.9702285334977,
                "y_max": 744.875305874862,
                "width": 525.3575786735337,
                "height": 445.01664950527356,
                "center_x": 962.2914391967308,
                "center_y": 522.3669811222252
            },
            "visible_vertices": 8,
            "total_vertices": 8
        }
    ],
    "metadata": {
        "total_objects": 1,
        "render_settings": {
            "resolution_percentage": 50,
            "file_format": "PNG"
        }
    }
}