{
    "frame": "63",
    "image_filename": "render_063.png",
    "image_resolution": {
        "width": 1920,
        "height": 1080
    },
    "camera_parameters": {
        "intrinsic_matrix": [
            [
                2666.666666666667,
                0,
                960.0
            ],
            [
                0,
                2250.0,
                540.0
            ],
            [
                0,
                0,
                1
            ]
        ],
        "extrinsic_matrix": [
            [
                -0.996486485004425,
                0.08375234156847,
                3.5390250729960826e-08,
                -2.414835194031184e-07
            ],
            [
                -0.01260304357856512,
                -0.1499515324831009,
                0.9886128902435303,
                -1.6780421674411627e-06
            ],
            [
                0.08279866725206375,
                0.9851394891738892,
                0.15048032999038696,
                -11.25631332397461
            ],
            [
                -0.0,
                0.0,
                -0.0,
                1.0
            ]
        ],
        "camera_location": [
            0.9320078492164612,
            11.089042663574219,
            1.6938549280166626
        ],
        "camera_rotation_euler": [
            1.1093189716339111,
            0.0,
            0.8149281740188599
        ],
        "camera_rotation_quaternion": [
            0.03178874030709267,
            0.027316231280565262,
            0.6511633396148682,
            0.7577794194221497
        ],
        "focal_length": 50.0,
        "sensor_width": 36.0,
        "sensor_height": 24.0
    },
    "objects": [
        {
            "object_name": "Cube",
            "bbox_2d": {
                "x_min": 677.6813419624405,
                "y_min": 289.4760811795803,
                "x_max": 1202.4769499381946,
                "y_max": 752.762599779681,
                "width": 524.7956079757541,
                "height": 463.28651860010064,
                "center_x": 940.0791459503175,
                "center_y": 521.1193404796306
            },
            "visible_vertices": 8,
            "total_vertices": 8
        }
    ],
    "metadata": {
        "total_objects": 1,
        "render_settings": {
            "resolution_percentage": 50,
            "file_format": "PNG"
        }
    }
}