{
    "frame": "888",
    "image_filename": "render_888.png",
    "image_resolution": {
        "width": 1920,
        "height": 1080
    },
    "camera_parameters": {
        "intrinsic_matrix": [
            [
                2666.666666666667,
                0,
                960.0
            ],
            [
                0,
                2250.0,
                540.0
            ],
            [
                0,
                0,
                1
            ]
        ],
        "extrinsic_matrix": [
            [
                0.05265326425433159,
                -0.9986128807067871,
                2.584420428775047e-07,
                1.2597257637025905e-06
            ],
            [
                -0.11633145064115524,
                -0.006133521907031536,
                0.9931915402412415,
                8.431146625298425e-07
            ],
            [
                -0.9918137788772583,
                -0.052294839173555374,
                -0.11649306118488312,
                -11.256315231323242
            ],
            [
                -0.0,
                0.0,
                -0.0,
                1.0
            ]
        ],
        "camera_location": [
            -11.164169311523438,
            -0.5886455774307251,
            -1.3112831115722656
        ],
        "camera_rotation_euler": [
            1.1093189716339111,
            0.0,
            0.8149281740188599
        ],
        "camera_rotation_quaternion": [
            0.48218944668769836,
            0.5420516133308411,
            -0.5142242312431335,
            -0.4574350118637085
        ],
        "focal_length": 50.0,
        "sensor_width": 36.0,
        "sensor_height": 24.0
    },
    "objects": [
        {
            "object_name": "Cube",
            "bbox_2d": {
                "x_min": 710.1353737655734,
                "y_min": 333.9724576047312,
                "x_max": 1234.8323881486237,
                "y_max": 783.0343582021281,
                "width": 524.6970143830504,
                "height": 449.06190059739697,
                "center_x": 972.4838809570986,
                "center_y": 558.5034079034297
            },
            "visible_vertices": 8,
            "total_vertices": 8
        }
    ],
    "metadata": {
        "total_objects": 1,
        "render_settings": {
            "resolution_percentage": 50,
            "file_format": "PNG"
        }
    }
}