{
    "frame": "23",
    "image_filename": "render_023.png",
    "image_resolution": {
        "width": 1920,
        "height": 1080
    },
    "camera_parameters": {
        "intrinsic_matrix": [
            [
                2666.666666666667,
                0,
                960.0
            ],
            [
                0,
                2250.0,
                540.0
            ],
            [
                0,
                0,
                1
            ]
        ],
        "extrinsic_matrix": [
            [
                0.5653034448623657,
                -0.8248829245567322,
                -8.195636524988004e-08,
                -7.88839393806029e-09
            ],
            [
                0.13714464008808136,
                0.09398706257343292,
                0.9860818982124329,
                -1.1236166983508156e-06
            ],
            [
                -0.8134022355079651,
                -0.5574354529380798,
                0.1662595421075821,
                -11.256314277648926
            ],
            [
                -0.0,
                0.0,
                -0.0,
                1.0
            ]
        ],
        "camera_location": [
            -9.155913352966309,
            -6.2746710777282715,
            1.8714708089828491
        ],
        "camera_rotation_euler": [
            1.1093189716339111,
            0.0,
            0.8149281740188599
        ],
        "camera_rotation_quaternion": [
            0.6755646467208862,
            0.5711954236030579,
            -0.30100834369659424,
            -0.3560087978839874
        ],
        "focal_length": 50.0,
        "sensor_width": 36.0,
        "sensor_height": 24.0
    },
    "objects": [
        {
            "object_name": "Cube",
            "bbox_2d": {
                "x_min": 633.2631395857916,
                "y_min": 267.536306539207,
                "x_max": 1302.1758895950966,
                "y_max": 759.7858578623475,
                "width": 668.912750009305,
                "height": 492.2495513231405,
                "center_x": 967.7195145904441,
                "center_y": 513.6610822007772
            },
            "visible_vertices": 8,
            "total_vertices": 8
        }
    ],
    "metadata": {
        "total_objects": 1,
        "render_settings": {
            "resolution_percentage": 50,
            "file_format": "PNG"
        }
    }
}