{
    "frame": "383",
    "image_filename": "render_383.png",
    "image_resolution": {
        "width": 1920,
        "height": 1080
    },
    "camera_parameters": {
        "intrinsic_matrix": [
            [
                2666.666666666667,
                0,
                960.0
            ],
            [
                0,
                2250.0,
                540.0
            ],
            [
                0,
                0,
                1
            ]
        ],
        "extrinsic_matrix": [
            [
                -0.9991583824157715,
                -0.04101978987455368,
                -2.2351743567128324e-08,
                8.955591823678333e-08
            ],
            [
                0.0027367041911929846,
                -0.06666111201047897,
                0.9977718591690063,
                -4.177981907105277e-07
            ],
            [
                -0.040928393602371216,
                0.9969320893287659,
                0.06671719998121262,
                -11.256315231323242
            ],
            [
                0.0,
                0.0,
                -0.0,
                1.0
            ]
        ],
        "camera_location": [
            -0.4607028663158417,
            11.221782684326172,
            0.7509909868240356
        ],
        "camera_rotation_euler": [
            1.1093189716339111,
            0.0,
            0.8149281740188599
        ],
        "camera_rotation_quaternion": [
            0.014981808140873909,
            0.01401350274682045,
            -0.6829677820205688,
            -0.7301603555679321
        ],
        "focal_length": 50.0,
        "sensor_width": 36.0,
        "sensor_height": 24.0
    },
    "objects": [
        {
            "object_name": "Cube",
            "bbox_2d": {
                "x_min": 708.3153540905032,
                "y_min": 306.54421173386504,
                "x_max": 1231.049269443503,
                "y_max": 745.7618941939909,
                "width": 522.7339153529997,
                "height": 439.21768246012584,
                "center_x": 969.6823117670031,
                "center_y": 526.153052963928
            },
            "visible_vertices": 8,
            "total_vertices": 8
        }
    ],
    "metadata": {
        "total_objects": 1,
        "render_settings": {
            "resolution_percentage": 50,
            "file_format": "PNG"
        }
    }
}