{
    "frame": "516",
    "image_filename": "render_516.png",
    "image_resolution": {
        "width": 1920,
        "height": 1080
    },
    "camera_parameters": {
        "intrinsic_matrix": [
            [
                2666.666666666667,
                0,
                960.0
            ],
            [
                0,
                2250.0,
                540.0
            ],
            [
                0,
                0,
                1
            ]
        ],
        "extrinsic_matrix": [
            [
                0.7110391855239868,
                0.7031524777412415,
                1.9092109937446367e-07,
                -1.284554546066019e-10
            ],
            [
                -0.014718599617481232,
                0.014883463270962238,
                0.9997808933258057,
                -7.902997367636999e-07
            ],
            [
                0.7029983997344971,
                -0.7108832597732544,
                0.020932162180542946,
                -11.256315231323242
            ],
            [
                -0.0,
                0.0,
                -0.0,
                1.0
            ]
        ],
        "camera_location": [
            7.913172245025635,
            -8.001927375793457,
            0.23561963438987732
        ],
        "camera_rotation_euler": [
            1.1093189716339111,
            0.0,
            0.8149281740188599
        ],
        "camera_rotation_quaternion": [
            0.6608431935310364,
            0.6471521258354187,
            0.26594746112823486,
            0.271573930978775
        ],
        "focal_length": 50.0,
        "sensor_width": 36.0,
        "sensor_height": 24.0
    },
    "objects": [
        {
            "object_name": "Cube",
            "bbox_2d": {
                "x_min": 624.5834430715469,
                "y_min": 305.18021616943463,
                "x_max": 1295.8875925484706,
                "y_max": 762.2573198969645,
                "width": 671.3041494769237,
                "height": 457.0771037275299,
                "center_x": 960.2355178100088,
                "center_y": 533.7187680331996
            },
            "visible_vertices": 8,
            "total_vertices": 8
        }
    ],
    "metadata": {
        "total_objects": 1,
        "render_settings": {
            "resolution_percentage": 50,
            "file_format": "PNG"
        }
    }
}