{
    "frame": "605",
    "image_filename": "render_605.png",
    "image_resolution": {
        "width": 1920,
        "height": 1080
    },
    "camera_parameters": {
        "intrinsic_matrix": [
            [
                2666.666666666667,
                0,
                960.0
            ],
            [
                0,
                2250.0,
                540.0
            ],
            [
                0,
                0,
                1
            ]
        ],
        "extrinsic_matrix": [
            [
                0.7446279525756836,
                0.6674796342849731,
                1.0244544768056585e-07,
                -4.793141101799847e-07
            ],
            [
                0.042002175003290176,
                -0.046856869012117386,
                0.9980180263519287,
                -6.090695023885928e-07
            ],
            [
                0.6661567687988281,
                -0.7431521415710449,
                -0.06292650103569031,
                -11.256314277648926
            ],
            [
                -0.0,
                0.0,
                -0.0,
                1.0
            ]
        ],
        "camera_location": [
            7.498472213745117,
            -8.365156173706055,
            -0.7083204388618469
        ],
        "camera_rotation_euler": [
            1.1093189716339111,
            0.0,
            0.8149281740188599
        ],
        "camera_rotation_quaternion": [
            0.6393052935600281,
            0.6808838844299316,
            0.26050031185150146,
            0.24459271132946014
        ],
        "focal_length": 50.0,
        "sensor_width": 36.0,
        "sensor_height": 24.0
    },
    "objects": [
        {
            "object_name": "Cube",
            "bbox_2d": {
                "x_min": 625.8836987282433,
                "y_min": 330.9247067918533,
                "x_max": 1298.7449610579567,
                "y_max": 786.7698181327737,
                "width": 672.8612623297134,
                "height": 455.8451113409204,
                "center_x": 962.3143298931,
                "center_y": 558.8472624623134
            },
            "visible_vertices": 8,
            "total_vertices": 8
        }
    ],
    "metadata": {
        "total_objects": 1,
        "render_settings": {
            "resolution_percentage": 50,
            "file_format": "PNG"
        }
    }
}