{
    "frame": "177",
    "image_filename": "render_177.png",
    "image_resolution": {
        "width": 1920,
        "height": 1080
    },
    "camera_parameters": {
        "intrinsic_matrix": [
            [
                2666.666666666667,
                0,
                960.0
            ],
            [
                0,
                2250.0,
                540.0
            ],
            [
                0,
                0,
                1
            ]
        ],
        "extrinsic_matrix": [
            [
                0.9800540208816528,
                -0.19873151183128357,
                -4.6566128730773926e-09,
                1.3157435141408769e-09
            ],
            [
                0.012025986798107624,
                0.05930674821138382,
                0.9981674551963806,
                -4.821328047910356e-07
            ],
            [
                -0.19836729764938354,
                -0.9782578945159912,
                0.060513757169246674,
                -11.256316184997559
            ],
            [
                -0.0,
                0.0,
                -0.0,
                1.0
            ]
        ],
        "camera_location": [
            -2.2328848838806152,
            -11.011579513549805,
            0.6811623573303223
        ],
        "camera_rotation_euler": [
            1.1093189716339111,
            0.0,
            0.8149281740188599
        ],
        "camera_rotation_quaternion": [
            0.7245472073554993,
            0.6819518804550171,
            -0.06844526529312134,
            -0.07272041589021683
        ],
        "focal_length": 50.0,
        "sensor_width": 36.0,
        "sensor_height": 24.0
    },
    "objects": [
        {
            "object_name": "Cube",
            "bbox_2d": {
                "x_min": 658.2090224129709,
                "y_min": 302.68954365158675,
                "x_max": 1222.4840360039873,
                "y_max": 748.1385443936147,
                "width": 564.2750135910164,
                "height": 445.4490007420279,
                "center_x": 940.3465292084791,
                "center_y": 525.4140440226007
            },
            "visible_vertices": 8,
            "total_vertices": 8
        }
    ],
    "metadata": {
        "total_objects": 1,
        "render_settings": {
            "resolution_percentage": 50,
            "file_format": "PNG"
        }
    }
}