{
    "frame": "828",
    "image_filename": "render_828.png",
    "image_resolution": {
        "width": 1920,
        "height": 1080
    },
    "camera_parameters": {
        "intrinsic_matrix": [
            [
                2666.666666666667,
                0,
                960.0
            ],
            [
                0,
                2250.0,
                540.0
            ],
            [
                0,
                0,
                1
            ]
        ],
        "extrinsic_matrix": [
            [
                -0.9581530690193176,
                0.28625571727752686,
                3.42260939589778e-08,
                -2.3841668905788538e-07
            ],
            [
                0.0032506133429706097,
                0.010880403220653534,
                0.9999354481697083,
                -1.461528881918639e-06
            ],
            [
                0.2862372398376465,
                0.9580913782119751,
                -0.01135542243719101,
                -11.256314277648926
            ],
            [
                -0.0,
                -0.0,
                -0.0,
                1.0
            ]
        ],
        "camera_location": [
            3.2219769954681396,
            10.78458023071289,
            -0.12782077491283417
        ],
        "camera_rotation_euler": [
            1.1093189716339111,
            0.0,
            0.8149281740188599
        ],
        "camera_rotation_quaternion": [
            0.10169999301433563,
            0.10286148637533188,
            0.7036315202713013,
            0.6956862807273865
        ],
        "focal_length": 50.0,
        "sensor_width": 36.0,
        "sensor_height": 24.0
    },
    "objects": [
        {
            "object_name": "Cube",
            "bbox_2d": {
                "x_min": 646.1449233845033,
                "y_min": 318.2076607691032,
                "x_max": 1238.4657486536953,
                "y_max": 767.6333081515304,
                "width": 592.320825269192,
                "height": 449.4256473824272,
                "center_x": 942.3053360190993,
                "center_y": 542.9204844603169
            },
            "visible_vertices": 8,
            "total_vertices": 8
        }
    ],
    "metadata": {
        "total_objects": 1,
        "render_settings": {
            "resolution_percentage": 50,
            "file_format": "PNG"
        }
    }
}