{
    "frame": "747",
    "image_filename": "render_747.png",
    "image_resolution": {
        "width": 1920,
        "height": 1080
    },
    "camera_parameters": {
        "intrinsic_matrix": [
            [
                2666.666666666667,
                0,
                960.0
            ],
            [
                0,
                2250.0,
                540.0
            ],
            [
                0,
                0,
                1
            ]
        ],
        "extrinsic_matrix": [
            [
                0.966093897819519,
                0.25819098949432373,
                4.097818262494002e-08,
                4.828679607271624e-07
            ],
            [
                0.04500288888812065,
                -0.16839095950126648,
                0.9846923351287842,
                -2.940993908850942e-06
            ],
            [
                0.25423872470855713,
                -0.9513052701950073,
                -0.17430081963539124,
                -11.256316184997559
            ],
            [
                -0.0,
                0.0,
                -0.0,
                1.0
            ]
        ],
        "camera_location": [
            2.8617913722991943,
            -10.708194732666016,
            -1.9619826078414917
        ],
        "camera_rotation_euler": [
            1.1093189716339111,
            0.0,
            0.8149281740188599
        ],
        "camera_rotation_quaternion": [
            0.6370640397071838,
            0.7597344517707825,
            0.0997696965932846,
            0.08366040885448456
        ],
        "focal_length": 50.0,
        "sensor_width": 36.0,
        "sensor_height": 24.0
    },
    "objects": [
        {
            "object_name": "Cube",
            "bbox_2d": {
                "x_min": 682.8340130074147,
                "y_min": 320.6154652433478,
                "x_max": 1274.37405351451,
                "y_max": 803.6350293179314,
                "width": 591.5400405070953,
                "height": 483.0195640745836,
                "center_x": 978.6040332609623,
                "center_y": 562.1252472806395
            },
            "visible_vertices": 8,
            "total_vertices": 8
        }
    ],
    "metadata": {
        "total_objects": 1,
        "render_settings": {
            "resolution_percentage": 50,
            "file_format": "PNG"
        }
    }
}