{
    "frame": "437",
    "image_filename": "render_437.png",
    "image_resolution": {
        "width": 1920,
        "height": 1080
    },
    "camera_parameters": {
        "intrinsic_matrix": [
            [
                2666.666666666667,
                0,
                960.0
            ],
            [
                0,
                2250.0,
                540.0
            ],
            [
                0,
                0,
                1
            ]
        ],
        "extrinsic_matrix": [
            [
                0.7384682297706604,
                -0.674288272857666,
                -9.872017159295865e-08,
                -9.536933021081495e-07
            ],
            [
                -0.003296045819297433,
                -0.0036097627598792315,
                0.9999879598617554,
                -2.879774683606229e-06
            ],
            [
                -0.6742802262306213,
                -0.7384592890739441,
                -0.004888140130788088,
                -11.256315231323242
            ],
            [
                -0.0,
                0.0,
                -0.0,
                1.0
            ]
        ],
        "camera_location": [
            -7.589910984039307,
            -8.312333106994629,
            -0.05502002313733101
        ],
        "camera_rotation_euler": [
            1.1093189716339111,
            0.0,
            0.8149281740188599
        ],
        "camera_rotation_quaternion": [
            0.6576417684555054,
            0.6608642339706421,
            -0.2563250958919525,
            -0.25507521629333496
        ],
        "focal_length": 50.0,
        "sensor_width": 36.0,
        "sensor_height": 24.0
    },
    "objects": [
        {
            "object_name": "Cube",
            "bbox_2d": {
                "x_min": 623.2462056760562,
                "y_min": 312.89234767673724,
                "x_max": 1292.9342696118329,
                "y_max": 770.0363291592035,
                "width": 669.6880639357767,
                "height": 457.1439814824663,
                "center_x": 958.0902376439445,
                "center_y": 541.4643384179703
            },
            "visible_vertices": 8,
            "total_vertices": 8
        }
    ],
    "metadata": {
        "total_objects": 1,
        "render_settings": {
            "resolution_percentage": 50,
            "file_format": "PNG"
        }
    }
}