{
    "frame": "465",
    "image_filename": "render_465.png",
    "image_resolution": {
        "width": 1920,
        "height": 1080
    },
    "camera_parameters": {
        "intrinsic_matrix": [
            [
                2666.666666666667,
                0,
                960.0
            ],
            [
                0,
                2250.0,
                540.0
            ],
            [
                0,
                0,
                1
            ]
        ],
        "extrinsic_matrix": [
            [
                -0.797052800655365,
                -0.603909432888031,
                4.097818262494002e-08,
                -9.768459374726035e-10
            ],
            [
                0.04547885060310364,
                -0.060023825615644455,
                0.9971603751182556,
                -2.1451575094033615e-07
            ],
            [
                -0.602194607257843,
                0.7947895526885986,
                0.0753074362874031,
                -11.256316184997559
            ],
            [
                -0.0,
                0.0,
                -0.0,
                1.0
            ]
        ],
        "camera_location": [
            -6.778493404388428,
            8.946402549743652,
            0.8476827144622803
        ],
        "camera_rotation_euler": [
            1.1093189716339111,
            0.0,
            0.8149281740188599
        ],
        "camera_rotation_quaternion": [
            0.23357579112052917,
            0.21660082042217255,
            -0.644538938999176,
            -0.6950511336326599
        ],
        "focal_length": 50.0,
        "sensor_width": 36.0,
        "sensor_height": 24.0
    },
    "objects": [
        {
            "object_name": "Cube",
            "bbox_2d": {
                "x_min": 631.5289763639734,
                "y_min": 290.2685156075635,
                "x_max": 1299.9853112376438,
                "y_max": 745.0515475335386,
                "width": 668.4563348736705,
                "height": 454.78303192597514,
                "center_x": 965.7571438008085,
                "center_y": 517.660031570551
            },
            "visible_vertices": 8,
            "total_vertices": 8
        }
    ],
    "metadata": {
        "total_objects": 1,
        "render_settings": {
            "resolution_percentage": 50,
            "file_format": "PNG"
        }
    }
}