{
    "frame": "975",
    "image_filename": "render_975.png",
    "image_resolution": {
        "width": 1920,
        "height": 1080
    },
    "camera_parameters": {
        "intrinsic_matrix": [
            [
                2666.666666666667,
                0,
                960.0
            ],
            [
                0,
                2250.0,
                540.0
            ],
            [
                0,
                0,
                1
            ]
        ],
        "extrinsic_matrix": [
            [
                0.45987841486930847,
                -0.8879819512367249,
                6.332993507385254e-08,
                4.760692036143155e-07
            ],
            [
                0.09112020581960678,
                0.047190457582473755,
                0.9947211742401123,
                1.1993992075076676e-06
            ],
            [
                -0.883294403553009,
                -0.4574507772922516,
                0.10261496156454086,
                -11.256316184997559
            ],
            [
                -0.0,
                0.0,
                -0.0,
                1.0
            ]
        ],
        "camera_location": [
            -9.942641258239746,
            -5.149209976196289,
            1.1550652980804443
        ],
        "camera_rotation_euler": [
            1.1093189716339111,
            0.0,
            0.8149281740188599
        ],
        "camera_rotation_quaternion": [
            0.6343665719032288,
            0.5722920894622803,
            -0.3481009602546692,
            -0.3858581781387329
        ],
        "focal_length": 50.0,
        "sensor_width": 36.0,
        "sensor_height": 24.0
    },
    "objects": [
        {
            "object_name": "Cube",
            "bbox_2d": {
                "x_min": 649.5995643123904,
                "y_min": 285.5308708499681,
                "x_max": 1295.0429411014136,
                "y_max": 744.0365919170176,
                "width": 645.4433767890232,
                "height": 458.50572106704954,
                "center_x": 972.321252706902,
                "center_y": 514.7837313834929
            },
            "visible_vertices": 8,
            "total_vertices": 8
        }
    ],
    "metadata": {
        "total_objects": 1,
        "render_settings": {
            "resolution_percentage": 50,
            "file_format": "PNG"
        }
    }
}