{
    "frame": "12",
    "image_filename": "render_012.png",
    "image_resolution": {
        "width": 1920,
        "height": 1080
    },
    "camera_parameters": {
        "intrinsic_matrix": [
            [
                2666.666666666667,
                0,
                960.0
            ],
            [
                0,
                2250.0,
                540.0
            ],
            [
                0,
                0,
                1
            ]
        ],
        "extrinsic_matrix": [
            [
                -0.8943836688995361,
                -0.4473005533218384,
                8.195637946073475e-08,
                1.4542230246661347e-06
            ],
            [
                0.06642501056194305,
                -0.13281752169132233,
                0.9889121055603027,
                -7.997061857167864e-07
            ],
            [
                -0.4423409402370453,
                0.884466826915741,
                0.14850184321403503,
                -11.256317138671875
            ],
            [
                -0.0,
                0.0,
                -0.0,
                1.0
            ]
        ],
        "camera_location": [
            -4.979128837585449,
            9.955841064453125,
            1.6715840101242065
        ],
        "camera_rotation_euler": [
            1.1093189716339111,
            0.0,
            0.8149281740188599
        ],
        "camera_rotation_quaternion": [
            0.17414115369319916,
            0.14994336664676666,
            -0.6350323557853699,
            -0.7375132441520691
        ],
        "focal_length": 50.0,
        "sensor_width": 36.0,
        "sensor_height": 24.0
    },
    "objects": [
        {
            "object_name": "Cube",
            "bbox_2d": {
                "x_min": 650.2296985165513,
                "y_min": 274.7344091507964,
                "x_max": 1295.4513996124986,
                "y_max": 754.9921426855103,
                "width": 645.2217010959473,
                "height": 480.2577335347139,
                "center_x": 972.8405490645249,
                "center_y": 514.8632759181534
            },
            "visible_vertices": 8,
            "total_vertices": 8
        }
    ],
    "metadata": {
        "total_objects": 1,
        "render_settings": {
            "resolution_percentage": 50,
            "file_format": "PNG"
        }
    }
}