{
    "frame": "706",
    "image_filename": "render_706.png",
    "image_resolution": {
        "width": 1920,
        "height": 1080
    },
    "camera_parameters": {
        "intrinsic_matrix": [
            [
                2666.666666666667,
                0,
                960.0
            ],
            [
                0,
                2250.0,
                540.0
            ],
            [
                0,
                0,
                1
            ]
        ],
        "extrinsic_matrix": [
            [
                0.13138540089130402,
                -0.991331160068512,
                -8.568162712663252e-08,
                -1.321589593317185e-06
            ],
            [
                -0.13847647607326508,
                -0.018352780491113663,
                0.9901953935623169,
                -1.585230847922503e-06
            ],
            [
                -0.9816117286682129,
                -0.13009707629680634,
                -0.13968722522258759,
                -11.25631332397461
            ],
            [
                -0.0,
                0.0,
                -0.0,
                1.0
            ]
        ],
        "camera_location": [
            -11.049335479736328,
            -1.4644173383712769,
            -1.572364091873169
        ],
        "camera_rotation_euler": [
            1.1093189716339111,
            0.0,
            0.8149281740188599
        ],
        "camera_rotation_quaternion": [
            0.49329137802124023,
            0.567764401435852,
            -0.49748095870018005,
            -0.43222686648368835
        ],
        "focal_length": 50.0,
        "sensor_width": 36.0,
        "sensor_height": 24.0
    },
    "objects": [
        {
            "object_name": "Cube",
            "bbox_2d": {
                "x_min": 709.8435462859558,
                "y_min": 328.9484522050502,
                "x_max": 1251.6591646343825,
                "y_max": 790.9459940001087,
                "width": 541.8156183484267,
                "height": 461.9975417950585,
                "center_x": 980.7513554601692,
                "center_y": 559.9472231025795
            },
            "visible_vertices": 8,
            "total_vertices": 8
        }
    ],
    "metadata": {
        "total_objects": 1,
        "render_settings": {
            "resolution_percentage": 50,
            "file_format": "PNG"
        }
    }
}