{
    "frame": "170",
    "image_filename": "render_170.png",
    "image_resolution": {
        "width": 1920,
        "height": 1080
    },
    "camera_parameters": {
        "intrinsic_matrix": [
            [
                2666.666666666667,
                0,
                960.0
            ],
            [
                0,
                2250.0,
                540.0
            ],
            [
                0,
                0,
                1
            ]
        ],
        "extrinsic_matrix": [
            [
                0.3811899721622467,
                -0.9244966506958008,
                -9.22009135706503e-08,
                -4.769111114910629e-07
            ],
            [
                -0.017286501824855804,
                -0.007127618417143822,
                0.9998250603675842,
                -1.035033278640185e-06
            ],
            [
                -0.9243349432945251,
                -0.38112324476242065,
                -0.01869824156165123,
                -11.256314277648926
            ],
            [
                -0.0,
                0.0,
                -0.0,
                1.0
            ]
        ],
        "camera_location": [
            -10.404607772827148,
            -4.290045261383057,
            -0.21047285199165344
        ],
        "camera_rotation_euler": [
            1.1093189716339111,
            0.0,
            0.8149281740188599
        ],
        "camera_rotation_quaternion": [
            0.5821005702018738,
            0.5930885076522827,
            -0.3969825804233551,
            -0.3896278440952301
        ],
        "focal_length": 50.0,
        "sensor_width": 36.0,
        "sensor_height": 24.0
    },
    "objects": [
        {
            "object_name": "Cube",
            "bbox_2d": {
                "x_min": 664.4494578537267,
                "y_min": 319.0332173721715,
                "x_max": 1285.575101938999,
                "y_max": 771.1573575630379,
                "width": 621.1256440852724,
                "height": 452.12414019086634,
                "center_x": 975.0122798963629,
                "center_y": 545.0952874676047
            },
            "visible_vertices": 8,
            "total_vertices": 8
        }
    ],
    "metadata": {
        "total_objects": 1,
        "render_settings": {
            "resolution_percentage": 50,
            "file_format": "PNG"
        }
    }
}