{
    "frame": "407",
    "image_filename": "render_407.png",
    "image_resolution": {
        "width": 1920,
        "height": 1080
    },
    "camera_parameters": {
        "intrinsic_matrix": [
            [
                2666.666666666667,
                0,
                960.0
            ],
            [
                0,
                2250.0,
                540.0
            ],
            [
                0,
                0,
                1
            ]
        ],
        "extrinsic_matrix": [
            [
                -0.23024965822696686,
                -0.9731312990188599,
                -2.2351726158831298e-07,
                -1.0013316564805308e-10
            ],
            [
                -0.09456665813922882,
                0.022375119850039482,
                0.995266854763031,
                -2.2047665879654232e-06
            ],
            [
                -0.9685254693031311,
                0.2291601300239563,
                -0.0971774160861969,
                -11.25631332397461
            ],
            [
                -0.0,
                0.0,
                -0.0,
                1.0
            ]
        ],
        "camera_location": [
            -10.902032852172852,
            2.5794973373413086,
            -1.0938605070114136
        ],
        "camera_rotation_euler": [
            1.1093189716339111,
            0.0,
            0.8149281740188599
        ],
        "camera_rotation_quaternion": [
            0.41681769490242004,
            0.4594977796077728,
            -0.580905020236969,
            -0.5269481539726257
        ],
        "focal_length": 50.0,
        "sensor_width": 36.0,
        "sensor_height": 24.0
    },
    "objects": [
        {
            "object_name": "Cube",
            "bbox_2d": {
                "x_min": 652.0261764050219,
                "y_min": 337.48234235667246,
                "x_max": 1229.6991077800799,
                "y_max": 786.4072900200148,
                "width": 577.6729313750579,
                "height": 448.9249476633423,
                "center_x": 940.8626420925509,
                "center_y": 561.9448161883436
            },
            "visible_vertices": 8,
            "total_vertices": 8
        }
    ],
    "metadata": {
        "total_objects": 1,
        "render_settings": {
            "resolution_percentage": 50,
            "file_format": "PNG"
        }
    }
}