{
    "frame": "7",
    "image_filename": "render_007.png",
    "image_resolution": {
        "width": 1920,
        "height": 1080
    },
    "camera_parameters": {
        "intrinsic_matrix": [
            [
                2666.666666666667,
                0,
                960.0
            ],
            [
                0,
                2250.0,
                540.0
            ],
            [
                0,
                0,
                1
            ]
        ],
        "extrinsic_matrix": [
            [
                -0.8083027601242065,
                -0.5887669324874878,
                -1.0058282384761696e-07,
                -1.787704873024154e-09
            ],
            [
                -0.03648358955979347,
                0.05008724331855774,
                0.9980782866477966,
                4.951698429067619e-07
            ],
            [
                -0.5876355171203613,
                0.8067495226860046,
                -0.061965905129909515,
                -11.256318092346191
            ],
            [
                -0.0,
                0.0,
                -0.0,
                1.0
            ]
        ],
        "camera_location": [
            -6.614612102508545,
            9.081028938293457,
            -0.6975094079971313
        ],
        "camera_rotation_euler": [
            1.1093189716339111,
            0.0,
            0.8149281740188599
        ],
        "camera_rotation_quaternion": [
            0.2120250165462494,
            0.22559693455696106,
            -0.6928845643997192,
            -0.6512007713317871
        ],
        "focal_length": 50.0,
        "sensor_width": 36.0,
        "sensor_height": 24.0
    },
    "objects": [
        {
            "object_name": "Cube",
            "bbox_2d": {
                "x_min": 633.585626825075,
                "y_min": 330.7247362424715,
                "x_max": 1299.447665240082,
                "y_max": 785.9176167470148,
                "width": 665.862038415007,
                "height": 455.19288050454327,
                "center_x": 966.5166460325785,
                "center_y": 558.3211764947432
            },
            "visible_vertices": 8,
            "total_vertices": 8
        }
    ],
    "metadata": {
        "total_objects": 1,
        "render_settings": {
            "resolution_percentage": 50,
            "file_format": "PNG"
        }
    }
}