{
    "frame": "172",
    "image_filename": "render_172.png",
    "image_resolution": {
        "width": 1920,
        "height": 1080
    },
    "camera_parameters": {
        "intrinsic_matrix": [
            [
                2666.666666666667,
                0,
                960.0
            ],
            [
                0,
                2250.0,
                540.0
            ],
            [
                0,
                0,
                1
            ]
        ],
        "extrinsic_matrix": [
            [
                -0.336834192276001,
                -0.9415640234947205,
                -1.5273690223693848e-07,
                2.403735379630234e-07
            ],
            [
                0.08938774466514587,
                -0.03197764605283737,
                0.9954834580421448,
                2.646401355832495e-07
            ],
            [
                -0.9373113512992859,
                0.3353128731250763,
                0.09493543952703476,
                -11.256316184997559
            ],
            [
                0.0,
                0.0,
                -0.0,
                1.0
            ]
        ],
        "camera_location": [
            -10.55067253112793,
            3.7743873596191406,
            1.0686230659484863
        ],
        "camera_rotation_euler": [
            1.1093189716339111,
            0.0,
            0.8149281740188599
        ],
        "camera_rotation_quaternion": [
            0.4260644316673279,
            0.387365460395813,
            -0.5499820709228516,
            -0.604927122592926
        ],
        "focal_length": 50.0,
        "sensor_width": 36.0,
        "sensor_height": 24.0
    },
    "objects": [
        {
            "object_name": "Cube",
            "bbox_2d": {
                "x_min": 637.1532722229572,
                "y_min": 290.6694932972074,
                "x_max": 1249.8029317655842,
                "y_max": 742.0998414902471,
                "width": 612.649659542627,
                "height": 451.43034819303966,
                "center_x": 943.4781019942707,
                "center_y": 516.3846673937272
            },
            "visible_vertices": 8,
            "total_vertices": 8
        }
    ],
    "metadata": {
        "total_objects": 1,
        "render_settings": {
            "resolution_percentage": 50,
            "file_format": "PNG"
        }
    }
}