{
    "frame": "855",
    "image_filename": "render_855.png",
    "image_resolution": {
        "width": 1920,
        "height": 1080
    },
    "camera_parameters": {
        "intrinsic_matrix": [
            [
                2666.666666666667,
                0,
                960.0
            ],
            [
                0,
                2250.0,
                540.0
            ],
            [
                0,
                0,
                1
            ]
        ],
        "extrinsic_matrix": [
            [
                0.6137075424194336,
                -0.7895333170890808,
                -2.086161856595936e-07,
                -9.60448119258217e-07
            ],
            [
                0.09363196045160294,
                0.07278039306402206,
                0.9929429292678833,
                -3.837144504359458e-06
            ],
            [
                -0.7839617133140564,
                -0.6093765497207642,
                0.11859149485826492,
                -11.256315231323242
            ],
            [
                -0.0,
                0.0,
                -0.0,
                1.0
            ]
        ],
        "camera_location": [
            -8.824520111083984,
            -6.85933780670166,
            1.3349066972732544
        ],
        "camera_rotation_euler": [
            1.1093189716339111,
            0.0,
            0.8149281740188599
        ],
        "camera_rotation_quaternion": [
            0.6717663407325745,
            0.5963085889816284,
            -0.291753888130188,
            -0.3286729156970978
        ],
        "focal_length": 50.0,
        "sensor_width": 36.0,
        "sensor_height": 24.0
    },
    "objects": [
        {
            "object_name": "Cube",
            "bbox_2d": {
                "x_min": 629.2123139773314,
                "y_min": 278.66251460741205,
                "x_max": 1301.3236654730595,
                "y_max": 748.1659780257967,
                "width": 672.1113514957281,
                "height": 469.5034634183846,
                "center_x": 965.2679897251954,
                "center_y": 513.4142463166044
            },
            "visible_vertices": 8,
            "total_vertices": 8
        }
    ],
    "metadata": {
        "total_objects": 1,
        "render_settings": {
            "resolution_percentage": 50,
            "file_format": "PNG"
        }
    }
}