{
    "frame": "896",
    "image_filename": "render_896.png",
    "image_resolution": {
        "width": 1920,
        "height": 1080
    },
    "camera_parameters": {
        "intrinsic_matrix": [
            [
                2666.666666666667,
                0,
                960.0
            ],
            [
                0,
                2250.0,
                540.0
            ],
            [
                0,
                0,
                1
            ]
        ],
        "extrinsic_matrix": [
            [
                0.4246191680431366,
                0.9053720235824585,
                6.70552182668871e-08,
                4.767875338984595e-07
            ],
            [
                -0.1045585349202156,
                0.049037907272577286,
                0.9933090209960938,
                -1.0405949524283642e-06
            ],
            [
                0.8993142247200012,
                -0.42177799344062805,
                0.11548686027526855,
                -11.256316184997559
            ],
            [
                -0.0,
                0.0,
                -0.0,
                1.0
            ]
        ],
        "camera_location": [
            10.122964859008789,
            -4.74766731262207,
            1.2999571561813354
        ],
        "camera_rotation_euler": [
            1.1093189716339111,
            0.0,
            0.8149281740188599
        ],
        "camera_rotation_quaternion": [
            0.6303063035011292,
            0.5612696409225464,
            0.35669732093811035,
            0.40057140588760376
        ],
        "focal_length": 50.0,
        "sensor_width": 36.0,
        "sensor_height": 24.0
    },
    "objects": [
        {
            "object_name": "Cube",
            "bbox_2d": {
                "x_min": 627.3968757105445,
                "y_min": 283.2480451770549,
                "x_max": 1265.2616766503274,
                "y_max": 747.0736053401199,
                "width": 637.864800939783,
                "height": 463.825560163065,
                "center_x": 946.329276180436,
                "center_y": 515.1608252585875
            },
            "visible_vertices": 8,
            "total_vertices": 8
        }
    ],
    "metadata": {
        "total_objects": 1,
        "render_settings": {
            "resolution_percentage": 50,
            "file_format": "PNG"
        }
    }
}