{
    "frame": "954",
    "image_filename": "render_954.png",
    "image_resolution": {
        "width": 1920,
        "height": 1080
    },
    "camera_parameters": {
        "intrinsic_matrix": [
            [
                2666.666666666667,
                0,
                960.0
            ],
            [
                0,
                2250.0,
                540.0
            ],
            [
                0,
                0,
                1
            ]
        ],
        "extrinsic_matrix": [
            [
                0.9986222982406616,
                -0.05247265473008156,
                -3.0559010877340143e-09,
                -2.1973802985519875e-12
            ],
            [
                0.00038568416493944824,
                0.007340163923799992,
                0.9999727606773376,
                -1.2012135357508669e-06
            ],
            [
                -0.05247123911976814,
                -0.9985951781272888,
                0.007350289728492498,
                -11.25631332397461
            ],
            [
                -0.0,
                0.0,
                -0.0,
                1.0
            ]
        ],
        "camera_location": [
            -0.5906328558921814,
            -11.24050521850586,
            0.08273840695619583
        ],
        "camera_rotation_euler": [
            1.1093189716339111,
            0.0,
            0.8149281740188599
        ],
        "camera_rotation_quaternion": [
            0.7094563841819763,
            0.7042605876922607,
            -0.018489951267838478,
            -0.018626360222697258
        ],
        "focal_length": 50.0,
        "sensor_width": 36.0,
        "sensor_height": 24.0
    },
    "objects": [
        {
            "object_name": "Cube",
            "bbox_2d": {
                "x_min": 687.9468360468535,
                "y_min": 317.9874521696597,
                "x_max": 1207.4103961338924,
                "y_max": 758.9228730430448,
                "width": 519.4635600870389,
                "height": 440.93542087338506,
                "center_x": 947.678616090373,
                "center_y": 538.4551626063522
            },
            "visible_vertices": 8,
            "total_vertices": 8
        }
    ],
    "metadata": {
        "total_objects": 1,
        "render_settings": {
            "resolution_percentage": 50,
            "file_format": "PNG"
        }
    }
}