{
    "frame": "725",
    "image_filename": "render_725.png",
    "image_resolution": {
        "width": 1920,
        "height": 1080
    },
    "camera_parameters": {
        "intrinsic_matrix": [
            [
                2666.666666666667,
                0,
                960.0
            ],
            [
                0,
                2250.0,
                540.0
            ],
            [
                0,
                0,
                1
            ]
        ],
        "extrinsic_matrix": [
            [
                -0.7641631960868835,
                -0.6450227499008179,
                -1.1920923270736239e-07,
                9.609709650248988e-07
            ],
            [
                0.0519670769572258,
                -0.0615658313035965,
                0.9967491626739502,
                -2.5269218895118684e-06
            ],
            [
                -0.6429259181022644,
                0.7616791725158691,
                0.08056654036045074,
                -11.256314277648926
            ],
            [
                0.0,
                0.0,
                -0.0,
                1.0
            ]
        ],
        "camera_location": [
            -7.236977577209473,
            8.573701858520508,
            0.9068824052810669
        ],
        "camera_rotation_euler": [
            1.1093189716339111,
            0.0,
            0.8149281740188599
        ],
        "camera_rotation_quaternion": [
            0.252407044172287,
            0.23282839357852936,
            -0.636794924736023,
            -0.6903433799743652
        ],
        "focal_length": 50.0,
        "sensor_width": 36.0,
        "sensor_height": 24.0
    },
    "objects": [
        {
            "object_name": "Cube",
            "bbox_2d": {
                "x_min": 627.2866315977101,
                "y_min": 288.482590213914,
                "x_max": 1299.8596993177307,
                "y_max": 743.3775199750414,
                "width": 672.5730677200206,
                "height": 454.8949297611274,
                "center_x": 963.5731654577204,
                "center_y": 515.9300550944777
            },
            "visible_vertices": 8,
            "total_vertices": 8
        }
    ],
    "metadata": {
        "total_objects": 1,
        "render_settings": {
            "resolution_percentage": 50,
            "file_format": "PNG"
        }
    }
}