{
    "frame": "985",
    "image_filename": "render_985.png",
    "image_resolution": {
        "width": 1920,
        "height": 1080
    },
    "camera_parameters": {
        "intrinsic_matrix": [
            [
                2666.666666666667,
                0,
                960.0
            ],
            [
                0,
                2250.0,
                540.0
            ],
            [
                0,
                0,
                1
            ]
        ],
        "extrinsic_matrix": [
            [
                -0.3656463921070099,
                0.9307538270950317,
                8.521600847188893e-08,
                -4.7682692638773005e-07
            ],
            [
                -0.008969911374151707,
                -0.003523860825225711,
                0.9999535083770752,
                -2.3528230030933628e-08
            ],
            [
                0.9307106137275696,
                0.3656294643878937,
                0.009637345559895039,
                -11.256316184997559
            ],
            [
                -0.0,
                0.0,
                -0.0,
                1.0
            ]
        ],
        "camera_location": [
            10.476372718811035,
            4.115640163421631,
            0.10848013311624527
        ],
        "camera_rotation_euler": [
            1.1093189716339111,
            0.0,
            0.8149281740188599
        ],
        "camera_rotation_quaternion": [
            0.400145947933197,
            0.396308034658432,
            0.5814819931983948,
            0.5871132016181946
        ],
        "focal_length": 50.0,
        "sensor_width": 36.0,
        "sensor_height": 24.0
    },
    "objects": [
        {
            "object_name": "Cube",
            "bbox_2d": {
                "x_min": 667.3199732246645,
                "y_min": 311.50501865476576,
                "x_max": 1283.6471300705587,
                "y_max": 763.2873181754751,
                "width": 616.3271568458941,
                "height": 451.78229952070933,
                "center_x": 975.4835516476116,
                "center_y": 537.3961684151204
            },
            "visible_vertices": 8,
            "total_vertices": 8
        }
    ],
    "metadata": {
        "total_objects": 1,
        "render_settings": {
            "resolution_percentage": 50,
            "file_format": "PNG"
        }
    }
}