{
    "frame": "0",
    "image_filename": "render_000.png",
    "image_resolution": {
        "width": 1920,
        "height": 1080
    },
    "camera_parameters": {
        "intrinsic_matrix": [
            [
                2666.666666666667,
                0,
                960.0
            ],
            [
                0,
                2250.0,
                540.0
            ],
            [
                0,
                0,
                1
            ]
        ],
        "extrinsic_matrix": [
            [
                0.5123263001441956,
                0.858790934085846,
                -3.725290742551124e-09,
                -9.607092579244636e-07
            ],
            [
                -0.07706938683986664,
                0.04597701132297516,
                0.9959651231765747,
                5.523024810827337e-07
            ],
            [
                0.8553257584571838,
                -0.5102590918540955,
                0.08974169939756393,
                -11.256315231323242
            ],
            [
                -0.0,
                0.0,
                -0.0,
                1.0
            ]
        ],
        "camera_location": [
            9.627817153930664,
            -5.743636131286621,
            1.0101605653762817
        ],
        "camera_rotation_euler": [
            1.1093189716339111,
            0.0,
            0.8149281740188599
        ],
        "camera_rotation_quaternion": [
            0.641880989074707,
            0.5866445899009705,
            0.3331325054168701,
            0.36449912190437317
        ],
        "focal_length": 50.0,
        "sensor_width": 36.0,
        "sensor_height": 24.0
    },
    "objects": [
        {
            "object_name": "Cube",
            "bbox_2d": {
                "x_min": 622.1255939365333,
                "y_min": 287.72989894300997,
                "x_max": 1277.618948600331,
                "y_max": 740.9053104040424,
                "width": 655.4933546637976,
                "height": 453.17541146103247,
                "center_x": 949.8722712684321,
                "center_y": 514.3176046735261
            },
            "visible_vertices": 8,
            "total_vertices": 8
        }
    ],
    "metadata": {
        "total_objects": 1,
        "render_settings": {
            "resolution_percentage": 50,
            "file_format": "PNG"
        }
    }
}