{
    "frame": "854",
    "image_filename": "render_854.png",
    "image_resolution": {
        "width": 1920,
        "height": 1080
    },
    "camera_parameters": {
        "intrinsic_matrix": [
            [
                2666.666666666667,
                0,
                960.0
            ],
            [
                0,
                2250.0,
                540.0
            ],
            [
                0,
                0,
                1
            ]
        ],
        "extrinsic_matrix": [
            [
                0.5783094167709351,
                -0.8158174753189087,
                -9.313223969797946e-09,
                4.7660387281212024e-07
            ],
            [
                -0.049056366086006165,
                -0.03477456048130989,
                0.9981903433799744,
                -9.423739015801402e-07
            ],
            [
                -0.8143412470817566,
                -0.5772628784179688,
                -0.060131460428237915,
                -11.256315231323242
            ],
            [
                -0.0,
                0.0,
                -0.0,
                1.0
            ]
        ],
        "camera_location": [
            -9.166482925415039,
            -6.497854232788086,
            -0.6768583059310913
        ],
        "camera_rotation_euler": [
            1.1093189716339111,
            0.0,
            0.8149281740188599
        ],
        "camera_rotation_quaternion": [
            0.6089752912521362,
            0.6467641592025757,
            -0.33430805802345276,
            -0.3147751986980438
        ],
        "focal_length": 50.0,
        "sensor_width": 36.0,
        "sensor_height": 24.0
    },
    "objects": [
        {
            "object_name": "Cube",
            "bbox_2d": {
                "x_min": 634.837065253863,
                "y_min": 330.16838757302776,
                "x_max": 1299.2311939610781,
                "y_max": 785.2981550217585,
                "width": 664.3941287072151,
                "height": 455.1297674487307,
                "center_x": 967.0341296074705,
                "center_y": 557.7332712973931
            },
            "visible_vertices": 8,
            "total_vertices": 8
        }
    ],
    "metadata": {
        "total_objects": 1,
        "render_settings": {
            "resolution_percentage": 50,
            "file_format": "PNG"
        }
    }
}