{
    "frame": "987",
    "image_filename": "render_987.png",
    "image_resolution": {
        "width": 1920,
        "height": 1080
    },
    "camera_parameters": {
        "intrinsic_matrix": [
            [
                2666.666666666667,
                0,
                960.0
            ],
            [
                0,
                2250.0,
                540.0
            ],
            [
                0,
                0,
                1
            ]
        ],
        "extrinsic_matrix": [
            [
                -0.6512583494186401,
                0.758855938911438,
                1.154839708306099e-07,
                -1.4443340967673635e-09
            ],
            [
                -0.08776925504207611,
                -0.07532461732625961,
                0.9932888150215149,
                7.176262215580209e-07
            ],
            [
                0.7537631392478943,
                0.6468877792358398,
                0.11566014587879181,
                -11.256316184997559
            ],
            [
                -0.0,
                0.0,
                -0.0,
                1.0
            ]
        ],
        "camera_location": [
            8.484597206115723,
            7.2815728187561035,
            1.3019050359725952
        ],
        "camera_rotation_euler": [
            1.1093189716339111,
            0.0,
            0.8149281740188599
        ],
        "camera_rotation_quaternion": [
            0.3118802011013031,
            0.2776716351509094,
            0.6042089462280273,
            0.6786463260650635
        ],
        "focal_length": 50.0,
        "sensor_width": 36.0,
        "sensor_height": 24.0
    },
    "objects": [
        {
            "object_name": "Cube",
            "bbox_2d": {
                "x_min": 625.6772843952291,
                "y_min": 279.06585209129616,
                "x_max": 1300.7992630442227,
                "y_max": 747.4634441067052,
                "width": 675.1219786489936,
                "height": 468.39759201540903,
                "center_x": 963.2382737197258,
                "center_y": 513.2646480990006
            },
            "visible_vertices": 8,
            "total_vertices": 8
        }
    ],
    "metadata": {
        "total_objects": 1,
        "render_settings": {
            "resolution_percentage": 50,
            "file_format": "PNG"
        }
    }
}