{
    "frame": "292",
    "image_filename": "render_292.png",
    "image_resolution": {
        "width": 1920,
        "height": 1080
    },
    "camera_parameters": {
        "intrinsic_matrix": [
            [
                2666.666666666667,
                0,
                960.0
            ],
            [
                0,
                2250.0,
                540.0
            ],
            [
                0,
                0,
                1
            ]
        ],
        "extrinsic_matrix": [
            [
                0.9913190603256226,
                0.1314779371023178,
                1.210719347000122e-08,
                -1.2117165226754878e-07
            ],
            [
                0.014123735018074512,
                -0.10649043321609497,
                0.9942134022712708,
                1.3195107158026076e-06
            ],
            [
                0.13071714341640472,
                -0.9855827689170837,
                -0.10742295533418655,
                -11.256316184997559
            ],
            [
                -0.0,
                0.0,
                -0.0,
                1.0
            ]
        ],
        "camera_location": [
            1.4713935852050781,
            -11.094030380249023,
            -1.2091879844665527
        ],
        "camera_rotation_euler": [
            1.1093189716339111,
            0.0,
            0.8149281740188599
        ],
        "camera_rotation_quaternion": [
            0.6665969491004944,
            0.7425013184547424,
            0.0490240640938282,
            0.044012442231178284
        ],
        "focal_length": 50.0,
        "sensor_width": 36.0,
        "sensor_height": 24.0
    },
    "objects": [
        {
            "object_name": "Cube",
            "bbox_2d": {
                "x_min": 710.5677021359774,
                "y_min": 335.489646323412,
                "x_max": 1250.8604755512363,
                "y_max": 784.7796986501625,
                "width": 540.2927734152589,
                "height": 449.29005232675047,
                "center_x": 980.7140888436068,
                "center_y": 560.1346724867872
            },
            "visible_vertices": 8,
            "total_vertices": 8
        }
    ],
    "metadata": {
        "total_objects": 1,
        "render_settings": {
            "resolution_percentage": 50,
            "file_format": "PNG"
        }
    }
}