{
    "frame": "919",
    "image_filename": "render_919.png",
    "image_resolution": {
        "width": 1920,
        "height": 1080
    },
    "camera_parameters": {
        "intrinsic_matrix": [
            [
                2666.666666666667,
                0,
                960.0
            ],
            [
                0,
                2250.0,
                540.0
            ],
            [
                0,
                0,
                1
            ]
        ],
        "extrinsic_matrix": [
            [
                -0.6230265498161316,
                0.7822003960609436,
                1.5646212148112681e-07,
                9.530622833153757e-07
            ],
            [
                -0.03080415539443493,
                -0.024535756558179855,
                0.999224066734314,
                -1.5266200534824748e-06
            ],
            [
                0.7815936207771301,
                0.6225433349609375,
                0.03938164561986923,
                -11.256314277648926
            ],
            [
                -0.0,
                0.0,
                -0.0,
                1.0
            ]
        ],
        "camera_location": [
            8.797866821289062,
            7.00754451751709,
            0.4432917535305023
        ],
        "camera_rotation_euler": [
            1.1093189716339111,
            0.0,
            0.8149281740188599
        ],
        "camera_rotation_quaternion": [
            0.31297728419303894,
            0.3008852005004883,
            0.6243215203285217,
            0.6494120955467224
        ],
        "focal_length": 50.0,
        "sensor_width": 36.0,
        "sensor_height": 24.0
    },
    "objects": [
        {
            "object_name": "Cube",
            "bbox_2d": {
                "x_min": 630.5977287215645,
                "y_min": 300.1214763357797,
                "x_max": 1298.8776340667798,
                "y_max": 756.4251684757668,
                "width": 668.2799053452153,
                "height": 456.3036921399871,
                "center_x": 964.7376813941721,
                "center_y": 528.2733224057732
            },
            "visible_vertices": 8,
            "total_vertices": 8
        }
    ],
    "metadata": {
        "total_objects": 1,
        "render_settings": {
            "resolution_percentage": 50,
            "file_format": "PNG"
        }
    }
}