{
    "frame": "17",
    "image_filename": "render_017.png",
    "image_resolution": {
        "width": 1920,
        "height": 1080
    },
    "camera_parameters": {
        "intrinsic_matrix": [
            [
                2666.666666666667,
                0,
                960.0
            ],
            [
                0,
                2250.0,
                540.0
            ],
            [
                0,
                0,
                1
            ]
        ],
        "extrinsic_matrix": [
            [
                -0.9843136072158813,
                0.17642608284950256,
                -2.6077016102021844e-08,
                -4.3242895375605883e-10
            ],
            [
                -0.02741166017949581,
                -0.15293444693088531,
                0.9878559708595276,
                -2.180460569434217e-06
            ],
            [
                0.17428354918956757,
                0.9723603129386902,
                0.15537194907665253,
                -11.256315231323242
            ],
            [
                -0.0,
                -0.0,
                -0.0,
                1.0
            ]
        ],
        "camera_location": [
            1.9617912769317627,
            10.945196151733398,
            1.7489145994186401
        ],
        "camera_rotation_euler": [
            1.1093189716339111,
            0.0,
            0.8149281740188599
        ],
        "camera_rotation_quaternion": [
            0.06731142103672028,
            0.057551998645067215,
            0.647303581237793,
            0.7570701241493225
        ],
        "focal_length": 50.0,
        "sensor_width": 36.0,
        "sensor_height": 24.0
    },
    "objects": [
        {
            "object_name": "Cube",
            "bbox_2d": {
                "x_min": 659.5685006891542,
                "y_min": 283.9407096719169,
                "x_max": 1220.1311460922007,
                "y_max": 754.6095981234532,
                "width": 560.5626454030464,
                "height": 470.6688884515363,
                "center_x": 939.8498233906774,
                "center_y": 519.2751538976851
            },
            "visible_vertices": 8,
            "total_vertices": 8
        }
    ],
    "metadata": {
        "total_objects": 1,
        "render_settings": {
            "resolution_percentage": 50,
            "file_format": "PNG"
        }
    }
}