{
    "frame": "847",
    "image_filename": "render_847.png",
    "image_resolution": {
        "width": 1920,
        "height": 1080
    },
    "camera_parameters": {
        "intrinsic_matrix": [
            [
                2666.666666666667,
                0,
                960.0
            ],
            [
                0,
                2250.0,
                540.0
            ],
            [
                0,
                0,
                1
            ]
        ],
        "extrinsic_matrix": [
            [
                0.9262391328811646,
                -0.37693631649017334,
                -5.5879347371501353e-08,
                4.858270017393806e-07
            ],
            [
                -0.05560830608010292,
                -0.13664542138576508,
                0.9890579581260681,
                -5.540010192817135e-07
            ],
            [
                -0.3728119134902954,
                -0.916104257106781,
                -0.14752714335918427,
                -11.256316184997559
            ],
            [
                -0.0,
                0.0,
                -0.0,
                1.0
            ]
        ],
        "camera_location": [
            -4.196488857269287,
            -10.311959266662598,
            -1.6606115102767944
        ],
        "camera_rotation_euler": [
            1.1093189716339111,
            0.0,
            0.8149281740188599
        ],
        "camera_rotation_quaternion": [
            0.6407157778739929,
            0.7433726787567139,
            -0.14546695351600647,
            -0.1253785490989685
        ],
        "focal_length": 50.0,
        "sensor_width": 36.0,
        "sensor_height": 24.0
    },
    "objects": [
        {
            "object_name": "Cube",
            "bbox_2d": {
                "x_min": 631.086338507394,
                "y_min": 325.60931713433047,
                "x_max": 1258.2413867696048,
                "y_max": 802.7750024278091,
                "width": 627.1550482622108,
                "height": 477.16568529347865,
                "center_x": 944.6638626384994,
                "center_y": 564.1921597810698
            },
            "visible_vertices": 8,
            "total_vertices": 8
        }
    ],
    "metadata": {
        "total_objects": 1,
        "render_settings": {
            "resolution_percentage": 50,
            "file_format": "PNG"
        }
    }
}