{
    "frame": "624",
    "image_filename": "render_624.png",
    "image_resolution": {
        "width": 1920,
        "height": 1080
    },
    "camera_parameters": {
        "intrinsic_matrix": [
            [
                2666.666666666667,
                0,
                960.0
            ],
            [
                0,
                2250.0,
                540.0
            ],
            [
                0,
                0,
                1
            ]
        ],
        "extrinsic_matrix": [
            [
                0.915634274482727,
                0.4020121097564697,
                4.097817907222634e-08,
                9.530216402708902e-07
            ],
            [
                0.04119696468114853,
                -0.09383135288953781,
                0.9947351813316345,
                -1.2832150559916045e-06
            ],
            [
                0.39989566802978516,
                -0.9108136892318726,
                -0.10247687995433807,
                -11.256314277648926
            ],
            [
                -0.0,
                0.0,
                -0.0,
                1.0
            ]
        ],
        "camera_location": [
            4.501351833343506,
            -10.252408981323242,
            -1.1535111665725708
        ],
        "camera_rotation_euler": [
            1.1093189716339111,
            0.0,
            0.8149281740188599
        ],
        "camera_rotation_quaternion": [
            0.6556154489517212,
            0.7266262173652649,
            0.15248869359493256,
            0.13758647441864014
        ],
        "focal_length": 50.0,
        "sensor_width": 36.0,
        "sensor_height": 24.0
    },
    "objects": [
        {
            "object_name": "Cube",
            "bbox_2d": {
                "x_min": 658.7741288127434,
                "y_min": 336.0639277660142,
                "x_max": 1290.1463602006347,
                "y_max": 792.9801250491521,
                "width": 631.3722313878914,
                "height": 456.9161972831379,
                "center_x": 974.460244506689,
                "center_y": 564.5220264075831
            },
            "visible_vertices": 8,
            "total_vertices": 8
        }
    ],
    "metadata": {
        "total_objects": 1,
        "render_settings": {
            "resolution_percentage": 50,
            "file_format": "PNG"
        }
    }
}