{
    "frame": "482",
    "image_filename": "render_482.png",
    "image_resolution": {
        "width": 1920,
        "height": 1080
    },
    "camera_parameters": {
        "intrinsic_matrix": [
            [
                2666.666666666667,
                0,
                960.0
            ],
            [
                0,
                2250.0,
                540.0
            ],
            [
                0,
                0,
                1
            ]
        ],
        "extrinsic_matrix": [
            [
                -0.14949648082256317,
                -0.9887621402740479,
                -1.8859276806892922e-08,
                1.668974732638162e-06
            ],
            [
                0.007199557032436132,
                -0.0010884968796744943,
                0.9999734163284302,
                -8.722369670977059e-07
            ],
            [
                -0.9887359142303467,
                0.1494925618171692,
                0.007281450554728508,
                -11.256314277648926
            ],
            [
                -0.0,
                0.0,
                -0.0,
                1.0
            ]
        ],
        "camera_location": [
            -11.129525184631348,
            1.6827367544174194,
            0.08196236193180084
        ],
        "camera_rotation_euler": [
            1.1093189716339111,
            0.0,
            0.8149281740188599
        ],
        "camera_rotation_quaternion": [
            0.46278950572013855,
            0.45943188667297363,
            -0.5341176390647888,
            -0.5380210280418396
        ],
        "focal_length": 50.0,
        "sensor_width": 36.0,
        "sensor_height": 24.0
    },
    "objects": [
        {
            "object_name": "Cube",
            "bbox_2d": {
                "x_min": 668.4128574270762,
                "y_min": 315.9498145794703,
                "x_max": 1211.098841048126,
                "y_max": 760.6837353200312,
                "width": 542.6859836210497,
                "height": 444.73392074056096,
                "center_x": 939.7558492376011,
                "center_y": 538.3167749497508
            },
            "visible_vertices": 8,
            "total_vertices": 8
        }
    ],
    "metadata": {
        "total_objects": 1,
        "render_settings": {
            "resolution_percentage": 50,
            "file_format": "PNG"
        }
    }
}