{
    "frame": "401",
    "image_filename": "render_401.png",
    "image_resolution": {
        "width": 1920,
        "height": 1080
    },
    "camera_parameters": {
        "intrinsic_matrix": [
            [
                2666.666666666667,
                0,
                960.0
            ],
            [
                0,
                2250.0,
                540.0
            ],
            [
                0,
                0,
                1
            ]
        ],
        "extrinsic_matrix": [
            [
                0.9764823317527771,
                -0.2155974805355072,
                -7.4505797087454084e-09,
                9.377884246930535e-09
            ],
            [
                -0.035909976810216904,
                -0.16264314949512482,
                0.9860312342643738,
                -9.890737828754936e-07
            ],
            [
                -0.21258585155010223,
                -0.9628420472145081,
                -0.16656024754047394,
                -11.256317138671875
            ],
            [
                -0.0,
                0.0,
                -0.0,
                1.0
            ]
        ],
        "camera_location": [
            -2.3929338455200195,
            -10.838055610656738,
            -1.8748540878295898
        ],
        "camera_rotation_euler": [
            1.1093189716339111,
            0.0,
            0.8149281740188599
        ],
        "camera_rotation_quaternion": [
            0.641731858253479,
            0.7592242360115051,
            -0.08281724900007248,
            -0.0700010135769844
        ],
        "focal_length": 50.0,
        "sensor_width": 36.0,
        "sensor_height": 24.0
    },
    "objects": [
        {
            "object_name": "Cube",
            "bbox_2d": {
                "x_min": 652.5499986840995,
                "y_min": 322.6924641734089,
                "x_max": 1228.4861312768787,
                "y_max": 800.0952178315401,
                "width": 575.9361325927792,
                "height": 477.40275365813125,
                "center_x": 940.518064980489,
                "center_y": 561.3938410024746
            },
            "visible_vertices": 8,
            "total_vertices": 8
        }
    ],
    "metadata": {
        "total_objects": 1,
        "render_settings": {
            "resolution_percentage": 50,
            "file_format": "PNG"
        }
    }
}