{
    "frame": "209",
    "image_filename": "render_209.png",
    "image_resolution": {
        "width": 1920,
        "height": 1080
    },
    "camera_parameters": {
        "intrinsic_matrix": [
            [
                2666.666666666667,
                0,
                960.0
            ],
            [
                0,
                2250.0,
                540.0
            ],
            [
                0,
                0,
                1
            ]
        ],
        "extrinsic_matrix": [
            [
                0.4528939425945282,
                0.8915644288063049,
                1.3783574104309082e-07,
                -7.0701204890610825e-09
            ],
            [
                -0.13117071986198425,
                0.06663152575492859,
                0.9891180396080017,
                -8.266586632998951e-07
            ],
            [
                0.881862461566925,
                -0.4479655623435974,
                0.14712417125701904,
                -11.256317138671875
            ],
            [
                -0.0,
                0.0,
                -0.0,
                1.0
            ]
        ],
        "camera_location": [
            9.926522254943848,
            -5.0424418449401855,
            1.6560767889022827
        ],
        "camera_rotation_euler": [
            1.1093189716339111,
            0.0,
            0.8149281740188599
        ],
        "camera_rotation_quaternion": [
            0.6454939246177673,
            0.5565829277038574,
            0.34154555201530457,
            0.39610564708709717
        ],
        "focal_length": 50.0,
        "sensor_width": 36.0,
        "sensor_height": 24.0
    },
    "objects": [
        {
            "object_name": "Cube",
            "bbox_2d": {
                "x_min": 624.1570763636264,
                "y_min": 274.8942752634705,
                "x_max": 1270.5946473424988,
                "y_max": 754.6928396116339,
                "width": 646.4375709788724,
                "height": 479.7985643481634,
                "center_x": 947.3758618530626,
                "center_y": 514.7935574375522
            },
            "visible_vertices": 8,
            "total_vertices": 8
        }
    ],
    "metadata": {
        "total_objects": 1,
        "render_settings": {
            "resolution_percentage": 50,
            "file_format": "PNG"
        }
    }
}