{
    "frame": "68",
    "image_filename": "render_068.png",
    "image_resolution": {
        "width": 1920,
        "height": 1080
    },
    "camera_parameters": {
        "intrinsic_matrix": [
            [
                2666.666666666667,
                0,
                960.0
            ],
            [
                0,
                2250.0,
                540.0
            ],
            [
                0,
                0,
                1
            ]
        ],
        "extrinsic_matrix": [
            [
                -0.7888851761817932,
                0.6145403385162354,
                1.0430807861894209e-07,
                -4.811102485291485e-07
            ],
            [
                0.09175079315900803,
                0.1177804172039032,
                0.988791823387146,
                -2.2164845177030656e-06
            ],
            [
                0.6076525449752808,
                0.7800434231758118,
                -0.14929957687854767,
                -11.25631332397461
            ],
            [
                -0.0,
                -0.0,
                -0.0,
                1.0
            ]
        ],
        "camera_location": [
            6.839930057525635,
            8.780416488647461,
            -1.680564045906067
        ],
        "camera_rotation_euler": [
            1.1093189716339111,
            0.0,
            0.8149281740188599
        ],
        "camera_rotation_quaternion": [
            0.21189340949058533,
            0.2462894767522812,
            0.7169318795204163,
            0.6168073415756226
        ],
        "focal_length": 50.0,
        "sensor_width": 36.0,
        "sensor_height": 24.0
    },
    "objects": [
        {
            "object_name": "Cube",
            "bbox_2d": {
                "x_min": 617.7415893300381,
                "y_min": 324.2101274358281,
                "x_max": 1291.7967205794475,
                "y_max": 809.1399852844678,
                "width": 674.0551312494094,
                "height": 484.9298578486397,
                "center_x": 954.7691549547428,
                "center_y": 566.6750563601479
            },
            "visible_vertices": 8,
            "total_vertices": 8
        }
    ],
    "metadata": {
        "total_objects": 1,
        "render_settings": {
            "resolution_percentage": 50,
            "file_format": "PNG"
        }
    }
}