{
    "frame": "641",
    "image_filename": "render_641.png",
    "image_resolution": {
        "width": 1920,
        "height": 1080
    },
    "camera_parameters": {
        "intrinsic_matrix": [
            [
                2666.666666666667,
                0,
                960.0
            ],
            [
                0,
                2250.0,
                540.0
            ],
            [
                0,
                0,
                1
            ]
        ],
        "extrinsic_matrix": [
            [
                0.9710020422935486,
                -0.23907117545604706,
                2.2351745343485163e-08,
                2.4012453536670364e-07
            ],
            [
                0.04154929146170616,
                0.16875503957271576,
                0.9847819805145264,
                4.986342787560716e-07
            ],
            [
                -0.235432967543602,
                -0.9562253355979919,
                0.1737947165966034,
                -11.256317138671875
            ],
            [
                -0.0,
                0.0,
                -0.0,
                1.0
            ]
        ],
        "camera_location": [
            -2.6501078605651855,
            -10.76357364654541,
            1.9562877416610718
        ],
        "camera_rotation_euler": [
            1.1093189716339111,
            0.0,
            0.8149281740188599
        ],
        "camera_rotation_quaternion": [
            0.7605183124542236,
            0.6380541920661926,
            -0.07739229500293732,
            -0.09224646538496017
        ],
        "focal_length": 50.0,
        "sensor_width": 36.0,
        "sensor_height": 24.0
    },
    "objects": [
        {
            "object_name": "Cube",
            "bbox_2d": {
                "x_min": 648.5787694457797,
                "y_min": 277.36825850004425,
                "x_max": 1233.386016850678,
                "y_max": 759.0733142671202,
                "width": 584.8072474048984,
                "height": 481.7050557670759,
                "center_x": 940.9823931482289,
                "center_y": 518.2207863835822
            },
            "visible_vertices": 8,
            "total_vertices": 8
        }
    ],
    "metadata": {
        "total_objects": 1,
        "render_settings": {
            "resolution_percentage": 50,
            "file_format": "PNG"
        }
    }
}