{
    "frame": "11",
    "image_filename": "render_011.png",
    "image_resolution": {
        "width": 1920,
        "height": 1080
    },
    "camera_parameters": {
        "intrinsic_matrix": [
            [
                2666.666666666667,
                0,
                960.0
            ],
            [
                0,
                2250.0,
                540.0
            ],
            [
                0,
                0,
                1
            ]
        ],
        "extrinsic_matrix": [
            [
                -0.46971988677978516,
                0.8828153610229492,
                4.4703469370688254e-08,
                -5.0728719003245715e-09
            ],
            [
                0.1383521556854248,
                0.07361313700675964,
                0.9876434206962585,
                -8.274211040770751e-07
            ],
            [
                0.8719068765640259,
                0.4639159142971039,
                -0.15671685338020325,
                -11.25631332397461
            ],
            [
                -0.0,
                0.0,
                -0.0,
                1.0
            ]
        ],
        "camera_location": [
            9.814460754394531,
            5.221983909606934,
            -1.7640551328659058
        ],
        "camera_rotation_euler": [
            1.1093189716339111,
            0.0,
            0.8149281740188599
        ],
        "camera_rotation_quaternion": [
            0.3343561887741089,
            0.39159414172172546,
            0.6519298553466797,
            0.5566394925117493
        ],
        "focal_length": 50.0,
        "sensor_width": 36.0,
        "sensor_height": 24.0
    },
    "objects": [
        {
            "object_name": "Cube",
            "bbox_2d": {
                "x_min": 646.5754284423037,
                "y_min": 322.94889800837177,
                "x_max": 1297.3450917068276,
                "y_max": 807.8438092130405,
                "width": 650.7696632645238,
                "height": 484.8949112046687,
                "center_x": 971.9602600745657,
                "center_y": 565.3963536107061
            },
            "visible_vertices": 8,
            "total_vertices": 8
        }
    ],
    "metadata": {
        "total_objects": 1,
        "render_settings": {
            "resolution_percentage": 50,
            "file_format": "PNG"
        }
    }
}