{
    "frame": "21",
    "image_filename": "render_021.png",
    "image_resolution": {
        "width": 1920,
        "height": 1080
    },
    "camera_parameters": {
        "intrinsic_matrix": [
            [
                2666.666666666667,
                0,
                960.0
            ],
            [
                0,
                2250.0,
                540.0
            ],
            [
                0,
                0,
                1
            ]
        ],
        "extrinsic_matrix": [
            [
                0.1191837340593338,
                0.9928721189498901,
                1.1501830954330217e-07,
                2.9812556476827012e-06
            ],
            [
                -0.026525503024458885,
                0.0031840503215789795,
                0.9996429681777954,
                -6.509778245344933e-07
            ],
            [
                0.9925177693367004,
                -0.11914113909006119,
                0.02671598084270954,
                -11.256316184997559
            ],
            [
                -0.0,
                0.0,
                -0.0,
                1.0
            ]
        ],
        "camera_location": [
            11.172094345092773,
            -1.3410940170288086,
            0.3007235527038574
        ],
        "camera_rotation_euler": [
            1.1093189716339111,
            0.0,
            0.8149281740188599
        ],
        "camera_rotation_quaternion": [
            0.5359766483306885,
            0.5218437910079956,
            0.4629482626914978,
            0.4754861295223236
        ],
        "focal_length": 50.0,
        "sensor_width": 36.0,
        "sensor_height": 24.0
    },
    "objects": [
        {
            "object_name": "Cube",
            "bbox_2d": {
                "x_min": 673.6513351812754,
                "y_min": 312.2977531766569,
                "x_max": 1205.0202275001811,
                "y_max": 755.6909864031338,
                "width": 531.3688923189058,
                "height": 443.3932332264769,
                "center_x": 939.3357813407283,
                "center_y": 533.9943697898954
            },
            "visible_vertices": 8,
            "total_vertices": 8
        }
    ],
    "metadata": {
        "total_objects": 1,
        "render_settings": {
            "resolution_percentage": 50,
            "file_format": "PNG"
        }
    }
}