{
    "frame": "716",
    "image_filename": "render_716.png",
    "image_resolution": {
        "width": 1920,
        "height": 1080
    },
    "camera_parameters": {
        "intrinsic_matrix": [
            [
                2666.666666666667,
                0,
                960.0
            ],
            [
                0,
                2250.0,
                540.0
            ],
            [
                0,
                0,
                1
            ]
        ],
        "extrinsic_matrix": [
            [
                -0.919422447681427,
                -0.3932710886001587,
                -8.940696005765858e-08,
                -5.368594013788197e-09
            ],
            [
                0.055096134543418884,
                -0.12880860269069672,
                0.9901376962661743,
                -1.1505187558213947e-06
            ],
            [
                -0.38939255475997925,
                0.9103549122810364,
                0.14009732007980347,
                -11.256316184997559
            ],
            [
                0.0,
                0.0,
                -0.0,
                1.0
            ]
        ],
        "camera_location": [
            -4.383126258850098,
            10.24724292755127,
            1.5769801139831543
        ],
        "camera_rotation_euler": [
            1.1093189716339111,
            0.0,
            0.8149281740188599
        ],
        "camera_rotation_quaternion": [
            0.1515471190214157,
            0.1316138356924057,
            -0.6423621773719788,
            -0.7396500110626221
        ],
        "focal_length": 50.0,
        "sensor_width": 36.0,
        "sensor_height": 24.0
    },
    "objects": [
        {
            "object_name": "Cube",
            "bbox_2d": {
                "x_min": 659.1955480485137,
                "y_min": 278.36929254711526,
                "x_max": 1290.3852204795974,
                "y_max": 752.7577389469183,
                "width": 631.1896724310836,
                "height": 474.388446399803,
                "center_x": 974.7903842640555,
                "center_y": 515.5635157470167
            },
            "visible_vertices": 8,
            "total_vertices": 8
        }
    ],
    "metadata": {
        "total_objects": 1,
        "render_settings": {
            "resolution_percentage": 50,
            "file_format": "PNG"
        }
    }
}