{
    "frame": "933",
    "image_filename": "render_933.png",
    "image_resolution": {
        "width": 1920,
        "height": 1080
    },
    "camera_parameters": {
        "intrinsic_matrix": [
            [
                2666.666666666667,
                0,
                960.0
            ],
            [
                0,
                2250.0,
                540.0
            ],
            [
                0,
                0,
                1
            ]
        ],
        "extrinsic_matrix": [
            [
                0.8378707766532898,
                -0.5458685755729675,
                -6.705521116145974e-08,
                -9.601261581337894e-07
            ],
            [
                -0.08935179561376572,
                -0.1371488869190216,
                0.9865121245384216,
                -2.9109285151207587e-06
            ],
            [
                -0.5385060906410217,
                -0.826569676399231,
                -0.1636873483657837,
                -11.256314277648926
            ],
            [
                -0.0,
                0.0,
                -0.0,
                1.0
            ]
        ],
        "camera_location": [
            -6.061594486236572,
            -9.304131507873535,
            -1.842514157295227
        ],
        "camera_rotation_euler": [
            1.1093189716339111,
            0.0,
            0.8149281740188599
        ],
        "camera_rotation_quaternion": [
            0.619886040687561,
            0.7312159538269043,
            -0.21717949211597443,
            -0.1841132491827011
        ],
        "focal_length": 50.0,
        "sensor_width": 36.0,
        "sensor_height": 24.0
    },
    "objects": [
        {
            "object_name": "Cube",
            "bbox_2d": {
                "x_min": 618.4804769699899,
                "y_min": 320.91584383053373,
                "x_max": 1284.2311006501939,
                "y_max": 811.4363504488231,
                "width": 665.750623680204,
                "height": 490.52050661828935,
                "center_x": 951.3557888100919,
                "center_y": 566.1760971396784
            },
            "visible_vertices": 8,
            "total_vertices": 8
        }
    ],
    "metadata": {
        "total_objects": 1,
        "render_settings": {
            "resolution_percentage": 50,
            "file_format": "PNG"
        }
    }
}