{
    "frame": "803",
    "image_filename": "render_803.png",
    "image_resolution": {
        "width": 1920,
        "height": 1080
    },
    "camera_parameters": {
        "intrinsic_matrix": [
            [
                2666.666666666667,
                0,
                960.0
            ],
            [
                0,
                2250.0,
                540.0
            ],
            [
                0,
                0,
                1
            ]
        ],
        "extrinsic_matrix": [
            [
                -0.2700805366039276,
                -0.9628376960754395,
                4.470348002882929e-08,
                -2.8926083750491216e-09
            ],
            [
                0.12839193642139435,
                -0.03601444885134697,
                0.9910693168640137,
                -2.537054797357996e-07
            ],
            [
                -0.9542389512062073,
                0.26766863465309143,
                0.13334746658802032,
                -11.256317138671875
            ],
            [
                -0.0,
                0.0,
                -0.0,
                1.0
            ]
        ],
        "camera_location": [
            -10.741215705871582,
            3.0129618644714355,
            1.5010007619857788
        ],
        "camera_rotation_euler": [
            1.1093189716339111,
            0.0,
            0.8149281740188599
        ],
        "camera_rotation_quaternion": [
            0.454767107963562,
            0.3976765275001526,
            -0.5245757102966309,
            -0.5998838543891907
        ],
        "focal_length": 50.0,
        "sensor_width": 36.0,
        "sensor_height": 24.0
    },
    "objects": [
        {
            "object_name": "Cube",
            "bbox_2d": {
                "x_min": 644.9697018654299,
                "y_min": 284.3073302286904,
                "x_max": 1238.4004942179727,
                "y_max": 750.5990863755551,
                "width": 593.4307923525428,
                "height": 466.2917561468647,
                "center_x": 941.6850980417013,
                "center_y": 517.4532083021227
            },
            "visible_vertices": 8,
            "total_vertices": 8
        }
    ],
    "metadata": {
        "total_objects": 1,
        "render_settings": {
            "resolution_percentage": 50,
            "file_format": "PNG"
        }
    }
}