{
    "frame": "290",
    "image_filename": "render_290.png",
    "image_resolution": {
        "width": 1920,
        "height": 1080
    },
    "camera_parameters": {
        "intrinsic_matrix": [
            [
                2666.666666666667,
                0,
                960.0
            ],
            [
                0,
                2250.0,
                540.0
            ],
            [
                0,
                0,
                1
            ]
        ],
        "extrinsic_matrix": [
            [
                0.9982210993766785,
                0.059620607644319534,
                8.381903171539307e-09,
                -5.951597259468144e-08
            ],
            [
                -0.004947504494339228,
                0.082835353910923,
                0.996550977230072,
                -8.358679792763724e-07
            ],
            [
                0.059414979070425034,
                -0.9947782158851624,
                0.08298297226428986,
                -11.256316184997559
            ],
            [
                -0.0,
                0.0,
                -0.0,
                1.0
            ]
        ],
        "camera_location": [
            0.6687937378883362,
            -11.197537422180176,
            0.9340833425521851
        ],
        "camera_rotation_euler": [
            1.1093189716339111,
            0.0,
            0.8149281740188599
        ],
        "camera_rotation_quaternion": [
            0.7355337142944336,
            0.6768313646316528,
            0.020194508135318756,
            0.021946007385849953
        ],
        "focal_length": 50.0,
        "sensor_width": 36.0,
        "sensor_height": 24.0
    },
    "objects": [
        {
            "object_name": "Cube",
            "bbox_2d": {
                "x_min": 712.6534332791081,
                "y_min": 302.78774230473414,
                "x_max": 1235.5342426706684,
                "y_max": 742.0652400381804,
                "width": 522.8808093915603,
                "height": 439.27749773344624,
                "center_x": 974.0938379748882,
                "center_y": 522.4264911714572
            },
            "visible_vertices": 8,
            "total_vertices": 8
        }
    ],
    "metadata": {
        "total_objects": 1,
        "render_settings": {
            "resolution_percentage": 50,
            "file_format": "PNG"
        }
    }
}