{
    "frame": "777",
    "image_filename": "render_777.png",
    "image_resolution": {
        "width": 1920,
        "height": 1080
    },
    "camera_parameters": {
        "intrinsic_matrix": [
            [
                2666.666666666667,
                0,
                960.0
            ],
            [
                0,
                2250.0,
                540.0
            ],
            [
                0,
                0,
                1
            ]
        ],
        "extrinsic_matrix": [
            [
                -0.9368098974227905,
                0.34983882308006287,
                -4.656612162534657e-08,
                4.784518523592851e-07
            ],
            [
                -0.02521495521068573,
                -0.06752125918865204,
                0.997399091720581,
                -1.639461856939306e-06
            ],
            [
                0.34892895817756653,
                0.9343733787536621,
                0.07207583636045456,
                -11.256316184997559
            ],
            [
                -0.0,
                -0.0,
                -0.0,
                1.0
            ]
        ],
        "camera_location": [
            3.92765474319458,
            10.51760196685791,
            0.8113090991973877
        ],
        "camera_rotation_euler": [
            1.1093189716339111,
            0.0,
            0.8149281740188599
        ],
        "camera_rotation_quaternion": [
            0.13013896346092224,
            0.12107394635677338,
            0.6703008413314819,
            0.7204871773719788
        ],
        "focal_length": 50.0,
        "sensor_width": 36.0,
        "sensor_height": 24.0
    },
    "objects": [
        {
            "object_name": "Cube",
            "bbox_2d": {
                "x_min": 636.2779165511554,
                "y_min": 295.82017394788204,
                "x_max": 1251.5169032428416,
                "y_max": 745.5853474623975,
                "width": 615.2389866916863,
                "height": 449.7651735145155,
                "center_x": 943.8974098969985,
                "center_y": 520.7027607051398
            },
            "visible_vertices": 8,
            "total_vertices": 8
        }
    ],
    "metadata": {
        "total_objects": 1,
        "render_settings": {
            "resolution_percentage": 50,
            "file_format": "PNG"
        }
    }
}