{
    "frame": "928",
    "image_filename": "render_928.png",
    "image_resolution": {
        "width": 1920,
        "height": 1080
    },
    "camera_parameters": {
        "intrinsic_matrix": [
            [
                2666.666666666667,
                0,
                960.0
            ],
            [
                0,
                2250.0,
                540.0
            ],
            [
                0,
                0,
                1
            ]
        ],
        "extrinsic_matrix": [
            [
                -0.5490813851356506,
                -0.8357688784599304,
                4.190951585769653e-08,
                -2.924849251684236e-10
            ],
            [
                0.024463780224323273,
                -0.016072116792201996,
                0.9995715022087097,
                -2.561744736340188e-07
            ],
            [
                -0.8354107737541199,
                0.5488461256027222,
                0.029270946979522705,
                -11.256315231323242
            ],
            [
                -0.0,
                0.0,
                -0.0,
                1.0
            ]
        ],
        "camera_location": [
            -9.403647422790527,
            6.177985191345215,
            0.3294835090637207
        ],
        "camera_rotation_euler": [
            1.1093189716339111,
            0.0,
            0.8149281740188599
        ],
        "camera_rotation_quaternion": [
            0.34063082933425903,
            0.33080196380615234,
            -0.613135039806366,
            -0.6313526034355164
        ],
        "focal_length": 50.0,
        "sensor_width": 36.0,
        "sensor_height": 24.0
    },
    "objects": [
        {
            "object_name": "Cube",
            "bbox_2d": {
                "x_min": 622.4522617130308,
                "y_min": 303.6436373274273,
                "x_max": 1280.7451336854278,
                "y_max": 759.2295073928067,
                "width": 658.292871972397,
                "height": 455.58587006537937,
                "center_x": 951.5986976992293,
                "center_y": 531.436572360117
            },
            "visible_vertices": 8,
            "total_vertices": 8
        }
    ],
    "metadata": {
        "total_objects": 1,
        "render_settings": {
            "resolution_percentage": 50,
            "file_format": "PNG"
        }
    }
}