{
    "frame": "265",
    "image_filename": "render_265.png",
    "image_resolution": {
        "width": 1920,
        "height": 1080
    },
    "camera_parameters": {
        "intrinsic_matrix": [
            [
                2666.666666666667,
                0,
                960.0
            ],
            [
                0,
                2250.0,
                540.0
            ],
            [
                0,
                0,
                1
            ]
        ],
        "extrinsic_matrix": [
            [
                0.8057831525802612,
                -0.5922107696533203,
                -5.960463056453591e-08,
                -1.4322080232886947e-06
            ],
            [
                0.029458917677402496,
                0.040082897990942,
                0.9987618923187256,
                -2.270367076562252e-06
            ],
            [
                -0.591477632522583,
                -0.804785430431366,
                0.04974403977394104,
                -11.256315231323242
            ],
            [
                -0.0,
                0.0,
                -0.0,
                1.0
            ]
        ],
        "camera_location": [
            -6.657857418060303,
            -9.058920860290527,
            0.5599365830421448
        ],
        "camera_rotation_euler": [
            1.1093189716339111,
            0.0,
            0.8149281740188599
        ],
        "camera_rotation_quaternion": [
            0.6884058713912964,
            0.6549725532531738,
            -0.21479977667331696,
            -0.22576428949832916
        ],
        "focal_length": 50.0,
        "sensor_width": 36.0,
        "sensor_height": 24.0
    },
    "objects": [
        {
            "object_name": "Cube",
            "bbox_2d": {
                "x_min": 620.8850732419604,
                "y_min": 297.4431916932581,
                "x_max": 1286.4472362957483,
                "y_max": 753.116651116075,
                "width": 665.5621630537879,
                "height": 455.6734594228169,
                "center_x": 953.6661547688543,
                "center_y": 525.2799214046665
            },
            "visible_vertices": 8,
            "total_vertices": 8
        }
    ],
    "metadata": {
        "total_objects": 1,
        "render_settings": {
            "resolution_percentage": 50,
            "file_format": "PNG"
        }
    }
}