{
    "frame": "909",
    "image_filename": "render_909.png",
    "image_resolution": {
        "width": 1920,
        "height": 1080
    },
    "camera_parameters": {
        "intrinsic_matrix": [
            [
                2666.666666666667,
                0,
                960.0
            ],
            [
                0,
                2250.0,
                540.0
            ],
            [
                0,
                0,
                1
            ]
        ],
        "extrinsic_matrix": [
            [
                0.3965018689632416,
                -0.9180338382720947,
                -1.7136329688582919e-07,
                -1.432196427231247e-06
            ],
            [
                -0.044807352125644684,
                -0.019352495670318604,
                0.9988080859184265,
                -2.4322807803400792e-06
            ],
            [
                -0.9169396758079529,
                -0.39602917432785034,
                -0.048807889223098755,
                -11.256315231323242
            ],
            [
                -0.0,
                0.0,
                -0.0,
                1.0
            ]
        ],
        "camera_location": [
            -10.32136344909668,
            -4.4578328132629395,
            -0.5493955612182617
        ],
        "camera_rotation_euler": [
            1.1093189716339111,
            0.0,
            0.8149281740188599
        ],
        "camera_rotation_quaternion": [
            0.5762685537338257,
            0.6051161885261536,
            -0.39779189229011536,
            -0.3788280487060547
        ],
        "focal_length": 50.0,
        "sensor_width": 36.0,
        "sensor_height": 24.0
    },
    "objects": [
        {
            "object_name": "Cube",
            "bbox_2d": {
                "x_min": 661.1169523752527,
                "y_min": 327.4621536540682,
                "x_max": 1288.0213386468154,
                "y_max": 779.3550353169969,
                "width": 626.9043862715627,
                "height": 451.89288166292874,
                "center_x": 974.5691455110341,
                "center_y": 553.4085944855326
            },
            "visible_vertices": 8,
            "total_vertices": 8
        }
    ],
    "metadata": {
        "total_objects": 1,
        "render_settings": {
            "resolution_percentage": 50,
            "file_format": "PNG"
        }
    }
}