{
    "frame": "130",
    "image_filename": "render_130.png",
    "image_resolution": {
        "width": 1920,
        "height": 1080
    },
    "camera_parameters": {
        "intrinsic_matrix": [
            [
                2666.666666666667,
                0,
                960.0
            ],
            [
                0,
                2250.0,
                540.0
            ],
            [
                0,
                0,
                1
            ]
        ],
        "extrinsic_matrix": [
            [
                -0.3263827860355377,
                -0.9452375173568726,
                -2.0675354051036265e-07,
                -1.66907364018698e-06
            ],
            [
                0.012399773113429546,
                -0.004281642846763134,
                0.9999139308929443,
                -7.012095579739253e-07
            ],
            [
                -0.9451562166213989,
                0.3263548016548157,
                0.013118342496454716,
                -11.256315231323242
            ],
            [
                0.0,
                0.0,
                -0.0,
                1.0
            ]
        ],
        "camera_location": [
            -10.638978958129883,
            3.673550605773926,
            0.1476631760597229
        ],
        "camera_rotation_euler": [
            1.1093189716339111,
            0.0,
            0.8149281740188599
        ],
        "camera_rotation_quaternion": [
            0.41305384039878845,
            0.40767040848731995,
            -0.5720539689064026,
            -0.5796082615852356
        ],
        "focal_length": 50.0,
        "sensor_width": 36.0,
        "sensor_height": 24.0
    },
    "objects": [
        {
            "object_name": "Cube",
            "bbox_2d": {
                "x_min": 640.8305310917315,
                "y_min": 311.2183619587274,
                "x_max": 1245.8702490908322,
                "y_max": 761.8553388725401,
                "width": 605.0397179991007,
                "height": 450.63697691381265,
                "center_x": 943.3503900912818,
                "center_y": 536.5368504156338
            },
            "visible_vertices": 8,
            "total_vertices": 8
        }
    ],
    "metadata": {
        "total_objects": 1,
        "render_settings": {
            "resolution_percentage": 50,
            "file_format": "PNG"
        }
    }
}