{
    "frame": "89",
    "image_filename": "render_089.png",
    "image_resolution": {
        "width": 1920,
        "height": 1080
    },
    "camera_parameters": {
        "intrinsic_matrix": [
            [
                2666.666666666667,
                0,
                960.0
            ],
            [
                0,
                2250.0,
                540.0
            ],
            [
                0,
                0,
                1
            ]
        ],
        "extrinsic_matrix": [
            [
                -0.6472277045249939,
                -0.762296736240387,
                -2.384185791015625e-07,
                4.770453188029933e-07
            ],
            [
                -0.10991853475570679,
                0.09332598745822906,
                0.9895495176315308,
                5.949582373432349e-07
            ],
            [
                -0.7543303966522217,
                0.6404639482498169,
                -0.14419367909431458,
                -11.256317138671875
            ],
            [
                -0.0,
                0.0,
                -0.0,
                1.0
            ]
        ],
        "camera_location": [
            -8.49098014831543,
            7.209263801574707,
            -1.623090386390686
        ],
        "camera_rotation_euler": [
            1.1093189716339111,
            0.0,
            0.8149281740188599
        ],
        "camera_rotation_quaternion": [
            0.2747292220592499,
            0.3176633417606354,
            -0.6864305138587952,
            -0.5936556458473206
        ],
        "focal_length": 50.0,
        "sensor_width": 36.0,
        "sensor_height": 24.0
    },
    "objects": [
        {
            "object_name": "Cube",
            "bbox_2d": {
                "x_min": 618.2427690490221,
                "y_min": 325.4159306784712,
                "x_max": 1294.8239073597965,
                "y_max": 808.2254767648956,
                "width": 676.5811383107745,
                "height": 482.80954608642435,
                "center_x": 956.5333382044093,
                "center_y": 566.8207037216835
            },
            "visible_vertices": 8,
            "total_vertices": 8
        }
    ],
    "metadata": {
        "total_objects": 1,
        "render_settings": {
            "resolution_percentage": 50,
            "file_format": "PNG"
        }
    }
}