{
    "frame": "158",
    "image_filename": "render_158.png",
    "image_resolution": {
        "width": 1920,
        "height": 1080
    },
    "camera_parameters": {
        "intrinsic_matrix": [
            [
                2666.666666666667,
                0,
                960.0
            ],
            [
                0,
                2250.0,
                540.0
            ],
            [
                0,
                0,
                1
            ]
        ],
        "extrinsic_matrix": [
            [
                -0.9989493489265442,
                0.04582749679684639,
                4.982575063650074e-08,
                1.194832321971262e-07
            ],
            [
                0.0036507893819361925,
                0.07957899570465088,
                0.9968218207359314,
                1.786260526159822e-07
            ],
            [
                0.04568184167146683,
                0.9957745671272278,
                -0.07966262102127075,
                -11.256316184997559
            ],
            [
                -0.0,
                -0.0,
                -0.0,
                1.0
            ]
        ],
        "camera_location": [
            0.5142093896865845,
            11.20875358581543,
            -0.8967086672782898
        ],
        "camera_rotation_euler": [
            1.1093189716339111,
            0.0,
            0.8149281740188599
        ],
        "camera_rotation_quaternion": [
            0.015547774732112885,
            0.016839906573295593,
            0.7345391511917114,
            0.678179144859314
        ],
        "focal_length": 50.0,
        "sensor_width": 36.0,
        "sensor_height": 24.0
    },
    "objects": [
        {
            "object_name": "Cube",
            "bbox_2d": {
                "x_min": 687.5651229851633,
                "y_min": 337.1838383992358,
                "x_max": 1210.7754079564222,
                "y_max": 776.059181479721,
                "width": 523.210284971259,
                "height": 438.8753430804852,
                "center_x": 949.1702654707927,
                "center_y": 556.6215099394784
            },
            "visible_vertices": 8,
            "total_vertices": 8
        }
    ],
    "metadata": {
        "total_objects": 1,
        "render_settings": {
            "resolution_percentage": 50,
            "file_format": "PNG"
        }
    }
}