{
    "frame": "620",
    "image_filename": "render_620.png",
    "image_resolution": {
        "width": 1920,
        "height": 1080
    },
    "camera_parameters": {
        "intrinsic_matrix": [
            [
                2666.666666666667,
                0,
                960.0
            ],
            [
                0,
                2250.0,
                540.0
            ],
            [
                0,
                0,
                1
            ]
        ],
        "extrinsic_matrix": [
            [
                0.9682427644729614,
                0.2500118911266327,
                2.6077019654735523e-08,
                2.586800551540591e-09
            ],
            [
                0.037906888872385025,
                -0.14680518209934235,
                0.9884385466575623,
                -2.2117392290965654e-06
            ],
            [
                0.24712146818637848,
                -0.9570485353469849,
                -0.15162022411823273,
                -11.25631332397461
            ],
            [
                -0.0,
                0.0,
                -0.0,
                1.0
            ]
        ],
        "camera_location": [
            2.78167724609375,
            -10.772843360900879,
            -1.7066833972930908
        ],
        "camera_rotation_euler": [
            1.1093189716339111,
            0.0,
            0.8149281740188599
        ],
        "camera_rotation_quaternion": [
            0.6461071968078613,
            0.7527729272842407,
            0.09561941027641296,
            0.08207040280103683
        ],
        "focal_length": 50.0,
        "sensor_width": 36.0,
        "sensor_height": 24.0
    },
    "objects": [
        {
            "object_name": "Cube",
            "bbox_2d": {
                "x_min": 685.028891651122,
                "y_min": 325.5533953748952,
                "x_max": 1272.530287525292,
                "y_max": 798.6872741817268,
                "width": 587.5013958741699,
                "height": 473.1338788068316,
                "center_x": 978.7795895882069,
                "center_y": 562.120334778311
            },
            "visible_vertices": 8,
            "total_vertices": 8
        }
    ],
    "metadata": {
        "total_objects": 1,
        "render_settings": {
            "resolution_percentage": 50,
            "file_format": "PNG"
        }
    }
}