{
    "frame": "696",
    "image_filename": "render_696.png",
    "image_resolution": {
        "width": 1920,
        "height": 1080
    },
    "camera_parameters": {
        "intrinsic_matrix": [
            [
                2666.666666666667,
                0,
                960.0
            ],
            [
                0,
                2250.0,
                540.0
            ],
            [
                0,
                0,
                1
            ]
        ],
        "extrinsic_matrix": [
            [
                -0.24360112845897675,
                -0.9698755145072937,
                3.8242436772861765e-08,
                -1.1920953966182424e-06
            ],
            [
                0.002321174368262291,
                -0.0005829511792398989,
                0.9999971389770508,
                -6.919830752849521e-07
            ],
            [
                -0.969872772693634,
                0.24360044300556183,
                0.0023932731710374355,
                -11.256318092346191
            ],
            [
                -0.0,
                0.0,
                -0.0,
                1.0
            ]
        ],
        "camera_location": [
            -10.917194366455078,
            2.742042303085327,
            0.02693995274603367
        ],
        "camera_rotation_euler": [
            1.1093189716339111,
            0.0,
            0.8149281740188599
        ],
        "camera_rotation_quaternion": [
            0.43537604808807373,
            0.43433529138565063,
            -0.5569167137145996,
            -0.558251142501831
        ],
        "focal_length": 50.0,
        "sensor_width": 36.0,
        "sensor_height": 24.0
    },
    "objects": [
        {
            "object_name": "Cube",
            "bbox_2d": {
                "x_min": 652.6252551096513,
                "y_min": 315.3632925134973,
                "x_max": 1230.1074903836104,
                "y_max": 763.4419017295207,
                "width": 577.4822352739591,
                "height": 448.07860921602344,
                "center_x": 941.3663727466309,
                "center_y": 539.402597121509
            },
            "visible_vertices": 8,
            "total_vertices": 8
        }
    ],
    "metadata": {
        "total_objects": 1,
        "render_settings": {
            "resolution_percentage": 50,
            "file_format": "PNG"
        }
    }
}