{
    "frame": "344",
    "image_filename": "render_344.png",
    "image_resolution": {
        "width": 1920,
        "height": 1080
    },
    "camera_parameters": {
        "intrinsic_matrix": [
            [
                2666.666666666667,
                0,
                960.0
            ],
            [
                0,
                2250.0,
                540.0
            ],
            [
                0,
                0,
                1
            ]
        ],
        "extrinsic_matrix": [
            [
                0.8376255035400391,
                -0.5462449193000793,
                3.7252894102834944e-09,
                -4.838687459596258e-07
            ],
            [
                -0.06673434376716614,
                -0.10233200341463089,
                0.9925091862678528,
                -1.2242616094226833e-06
            ],
            [
                -0.5421530604362488,
                -0.8313509821891785,
                -0.12216917425394058,
                -11.256314277648926
            ],
            [
                -0.0,
                0.0,
                -0.0,
                1.0
            ]
        ],
        "camera_location": [
            -6.102646350860596,
            -9.357951164245605,
            -1.3751739263534546
        ],
        "camera_rotation_euler": [
            1.1093189716339111,
            0.0,
            0.8149281740188599
        ],
        "camera_rotation_quaternion": [
            0.6350442171096802,
            0.718005359172821,
            -0.21343128383159637,
            -0.18877056241035461
        ],
        "focal_length": 50.0,
        "sensor_width": 36.0,
        "sensor_height": 24.0
    },
    "objects": [
        {
            "object_name": "Cube",
            "bbox_2d": {
                "x_min": 619.7198912756121,
                "y_min": 331.04405674902466,
                "x_max": 1283.0510239829553,
                "y_max": 801.224164832631,
                "width": 663.3311327073432,
                "height": 470.18010808360634,
                "center_x": 951.3854576292837,
                "center_y": 566.1341107908279
            },
            "visible_vertices": 8,
            "total_vertices": 8
        }
    ],
    "metadata": {
        "total_objects": 1,
        "render_settings": {
            "resolution_percentage": 50,
            "file_format": "PNG"
        }
    }
}