{
    "frame": "621",
    "image_filename": "render_621.png",
    "image_resolution": {
        "width": 1920,
        "height": 1080
    },
    "camera_parameters": {
        "intrinsic_matrix": [
            [
                2666.666666666667,
                0,
                960.0
            ],
            [
                0,
                2250.0,
                540.0
            ],
            [
                0,
                0,
                1
            ]
        ],
        "extrinsic_matrix": [
            [
                0.6899169683456421,
                0.7238885760307312,
                3.725290298461914e-08,
                1.674429483955464e-09
            ],
            [
                -0.08190641552209854,
                0.07806257903575897,
                0.9935781955718994,
                -1.1386489404685562e-06
            ],
            [
                0.7192398905754089,
                -0.685486376285553,
                0.11314781755208969,
                -11.256317138671875
            ],
            [
                -0.0,
                0.0,
                -0.0,
                1.0
            ]
        ],
        "camera_location": [
            8.095991134643555,
            -7.71605110168457,
            1.27362859249115
        ],
        "camera_rotation_euler": [
            1.1093189716339111,
            0.0,
            0.8149281740188599
        ],
        "camera_rotation_quaternion": [
            0.6857709884643555,
            0.6121083498001099,
            0.262201189994812,
            0.2937551438808441
        ],
        "focal_length": 50.0,
        "sensor_width": 36.0,
        "sensor_height": 24.0
    },
    "objects": [
        {
            "object_name": "Cube",
            "bbox_2d": {
                "x_min": 620.6348817463236,
                "y_min": 279.5331829697727,
                "x_max": 1297.3153798658282,
                "y_max": 746.8457398037397,
                "width": 676.6804981195046,
                "height": 467.31255683396694,
                "center_x": 958.9751308060759,
                "center_y": 513.1894613867562
            },
            "visible_vertices": 8,
            "total_vertices": 8
        }
    ],
    "metadata": {
        "total_objects": 1,
        "render_settings": {
            "resolution_percentage": 50,
            "file_format": "PNG"
        }
    }
}