{
    "frame": "269",
    "image_filename": "render_269.png",
    "image_resolution": {
        "width": 1920,
        "height": 1080
    },
    "camera_parameters": {
        "intrinsic_matrix": [
            [
                2666.666666666667,
                0,
                960.0
            ],
            [
                0,
                2250.0,
                540.0
            ],
            [
                0,
                0,
                1
            ]
        ],
        "extrinsic_matrix": [
            [
                0.9256550073623657,
                0.3783685863018036,
                1.8626449271863521e-09,
                7.163578175095608e-07
            ],
            [
                -0.02476912923157215,
                0.06059616804122925,
                0.9978549480438232,
                -5.315967541719147e-07
            ],
            [
                0.37755700945854187,
                -0.9236693978309631,
                0.06546300649642944,
                -11.256316184997559
            ],
            [
                -0.0,
                0.0,
                -0.0,
                1.0
            ]
        ],
        "camera_location": [
            4.2499003410339355,
            -10.397115707397461,
            0.7368728518486023
        ],
        "camera_rotation_euler": [
            1.1093189716339111,
            0.0,
            0.8149281740188599
        ],
        "camera_rotation_quaternion": [
            0.7161903381347656,
            0.6707450747489929,
            0.1317935436964035,
            0.14072299003601074
        ],
        "focal_length": 50.0,
        "sensor_width": 36.0,
        "sensor_height": 24.0
    },
    "objects": [
        {
            "object_name": "Cube",
            "bbox_2d": {
                "x_min": 663.7225395638832,
                "y_min": 296.77522893345406,
                "x_max": 1286.6772205010773,
                "y_max": 747.6014206209725,
                "width": 622.9546809371941,
                "height": 450.8261916875184,
                "center_x": 975.1998800324802,
                "center_y": 522.1883247772132
            },
            "visible_vertices": 8,
            "total_vertices": 8
        }
    ],
    "metadata": {
        "total_objects": 1,
        "render_settings": {
            "resolution_percentage": 50,
            "file_format": "PNG"
        }
    }
}