{
    "frame": "988",
    "image_filename": "render_988.png",
    "image_resolution": {
        "width": 1920,
        "height": 1080
    },
    "camera_parameters": {
        "intrinsic_matrix": [
            [
                2666.666666666667,
                0,
                960.0
            ],
            [
                0,
                2250.0,
                540.0
            ],
            [
                0,
                0,
                1
            ]
        ],
        "extrinsic_matrix": [
            [
                0.14837974309921265,
                0.9889305233955383,
                -1.3224781980625266e-07,
                8.345219839611673e-07
            ],
            [
                0.014296308159828186,
                -0.002144919941201806,
                0.9998955726623535,
                7.066974490044231e-07
            ],
            [
                0.988827109336853,
                -0.14836426079273224,
                -0.014456338249146938,
                -11.256316184997559
            ],
            [
                -0.0,
                0.0,
                -0.0,
                1.0
            ]
        ],
        "camera_location": [
            11.130550384521484,
            -1.670035481452942,
            -0.162725567817688
        ],
        "camera_rotation_euler": [
            1.1093189716339111,
            0.0,
            0.8149281740188599
        ],
        "camera_rotation_quaternion": [
            0.53192538022995,
            0.5396714210510254,
            0.4647396206855774,
            0.45806899666786194
        ],
        "focal_length": 50.0,
        "sensor_width": 36.0,
        "sensor_height": 24.0
    },
    "objects": [
        {
            "object_name": "Cube",
            "bbox_2d": {
                "x_min": 668.4208983719877,
                "y_min": 321.01501845639746,
                "x_max": 1211.0133867077784,
                "y_max": 765.6615277347746,
                "width": 542.5924883357907,
                "height": 444.64650927837715,
                "center_x": 939.7171425398831,
                "center_y": 543.338273095586
            },
            "visible_vertices": 8,
            "total_vertices": 8
        }
    ],
    "metadata": {
        "total_objects": 1,
        "render_settings": {
            "resolution_percentage": 50,
            "file_format": "PNG"
        }
    }
}