{
    "frame": "531",
    "image_filename": "render_531.png",
    "image_resolution": {
        "width": 1920,
        "height": 1080
    },
    "camera_parameters": {
        "intrinsic_matrix": [
            [
                2666.666666666667,
                0,
                960.0
            ],
            [
                0,
                2250.0,
                540.0
            ],
            [
                0,
                0,
                1
            ]
        ],
        "extrinsic_matrix": [
            [
                0.9986686706542969,
                0.0515829361975193,
                -1.1175871783564162e-08,
                4.898082495152778e-10
            ],
            [
                -0.0059576742351055145,
                0.11534339934587479,
                0.9933078289031982,
                1.6709359442756977e-06
            ],
            [
                0.05123773217201233,
                -0.9919854402542114,
                0.1154971569776535,
                -11.256317138671875
            ],
            [
                -0.0,
                0.0,
                -0.0,
                1.0
            ]
        ],
        "camera_location": [
            0.5767481327056885,
            -11.166101455688477,
            1.300070881843567
        ],
        "camera_rotation_euler": [
            1.1093189716339111,
            0.0,
            0.8149281740188599
        ],
        "camera_rotation_quaternion": [
            0.7465770244598389,
            0.6647984981536865,
            0.017157552763819695,
            0.019268140196800232
        ],
        "focal_length": 50.0,
        "sensor_width": 36.0,
        "sensor_height": 24.0
    },
    "objects": [
        {
            "object_name": "Cube",
            "bbox_2d": {
                "x_min": 709.8848549884344,
                "y_min": 297.19184258571295,
                "x_max": 1234.5736365834105,
                "y_max": 745.8326417640408,
                "width": 524.688781594976,
                "height": 448.6407991783278,
                "center_x": 972.2292457859224,
                "center_y": 521.5122421748769
            },
            "visible_vertices": 8,
            "total_vertices": 8
        }
    ],
    "metadata": {
        "total_objects": 1,
        "render_settings": {
            "resolution_percentage": 50,
            "file_format": "PNG"
        }
    }
}