{
    "frame": "314",
    "image_filename": "render_314.png",
    "image_resolution": {
        "width": 1920,
        "height": 1080
    },
    "camera_parameters": {
        "intrinsic_matrix": [
            [
                2666.666666666667,
                0,
                960.0
            ],
            [
                0,
                2250.0,
                540.0
            ],
            [
                0,
                0,
                1
            ]
        ],
        "extrinsic_matrix": [
            [
                -0.9885129928588867,
                0.15113544464111328,
                -3.725289943190546e-08,
                -1.1866223559309219e-07
            ],
            [
                0.014462307095527649,
                0.09459210932254791,
                0.9954109787940979,
                -4.9155007524732085e-15
            ],
            [
                0.15044188499450684,
                0.9839767813682556,
                -0.0956912487745285,
                -11.256316184997559
            ],
            [
                -0.0,
                0.0,
                0.0,
                1.0
            ]
        ],
        "camera_location": [
            1.693421483039856,
            11.07595443725586,
            -1.0771316289901733
        ],
        "camera_rotation_euler": [
            1.1093189716339111,
            0.0,
            0.8149281740188599
        ],
        "camera_rotation_quaternion": [
            0.05096013844013214,
            0.056093961000442505,
            0.7380373477935791,
            0.6704904437065125
        ],
        "focal_length": 50.0,
        "sensor_width": 36.0,
        "sensor_height": 24.0
    },
    "objects": [
        {
            "object_name": "Cube",
            "bbox_2d": {
                "x_min": 665.7194132514721,
                "y_min": 337.8822130912682,
                "x_max": 1213.37855208606,
                "y_max": 783.2126808092054,
                "width": 547.6591388345878,
                "height": 445.33046771793715,
                "center_x": 939.548982668766,
                "center_y": 560.5474469502368
            },
            "visible_vertices": 8,
            "total_vertices": 8
        }
    ],
    "metadata": {
        "total_objects": 1,
        "render_settings": {
            "resolution_percentage": 50,
            "file_format": "PNG"
        }
    }
}