{
    "frame": "444",
    "image_filename": "render_444.png",
    "image_resolution": {
        "width": 1920,
        "height": 1080
    },
    "camera_parameters": {
        "intrinsic_matrix": [
            [
                2666.666666666667,
                0,
                960.0
            ],
            [
                0,
                2250.0,
                540.0
            ],
            [
                0,
                0,
                1
            ]
        ],
        "extrinsic_matrix": [
            [
                -0.8345763087272644,
                0.5508924722671509,
                7.986091077327728e-08,
                1.430518409506476e-06
            ],
            [
                -0.0014390560099855065,
                -0.0021802133414894342,
                0.9999966621398926,
                -1.3537274412556144e-07
            ],
            [
                0.5508905649185181,
                0.8345734477043152,
                0.002612382173538208,
                -11.256317138671875
            ],
            [
                -0.0,
                0.0,
                -0.0,
                1.0
            ]
        ],
        "camera_location": [
            6.2009992599487305,
            9.394221305847168,
            0.029405226930975914
        ],
        "camera_rotation_euler": [
            1.1093189716339111,
            0.0,
            0.8149281740188599
        ],
        "camera_rotation_quaternion": [
            0.20362702012062073,
            0.20309580862522125,
            0.6763474941253662,
            0.6781166791915894
        ],
        "focal_length": 50.0,
        "sensor_width": 36.0,
        "sensor_height": 24.0
    },
    "objects": [
        {
            "object_name": "Cube",
            "bbox_2d": {
                "x_min": 623.2105822803092,
                "y_min": 311.29243991087094,
                "x_max": 1280.2266831147983,
                "y_max": 767.1781681259422,
                "width": 657.0161008344892,
                "height": 455.88572821507125,
                "center_x": 951.7186326975537,
                "center_y": 539.2353040184066
            },
            "visible_vertices": 8,
            "total_vertices": 8
        }
    ],
    "metadata": {
        "total_objects": 1,
        "render_settings": {
            "resolution_percentage": 50,
            "file_format": "PNG"
        }
    }
}