{
    "frame": "549",
    "image_filename": "render_549.png",
    "image_resolution": {
        "width": 1920,
        "height": 1080
    },
    "camera_parameters": {
        "intrinsic_matrix": [
            [
                2666.666666666667,
                0,
                960.0
            ],
            [
                0,
                2250.0,
                540.0
            ],
            [
                0,
                0,
                1
            ]
        ],
        "extrinsic_matrix": [
            [
                0.9172208309173584,
                -0.3983790874481201,
                -4.097818262494002e-08,
                4.77099320050911e-07
            ],
            [
                -0.06421452760696411,
                -0.14784635603427887,
                0.986923336982727,
                2.4242768859039643e-07
            ],
            [
                -0.39316967129707336,
                -0.9052266478538513,
                -0.161189466714859,
                -11.256314277648926
            ],
            [
                -0.0,
                0.0,
                -0.0,
                1.0
            ]
        ],
        "camera_location": [
            -4.425642967224121,
            -10.189518928527832,
            -1.8144004344940186
        ],
        "camera_rotation_euler": [
            1.1093189716339111,
            0.0,
            0.8149281740188599
        ],
        "camera_rotation_quaternion": [
            0.6340712308883667,
            0.7460322976112366,
            -0.15501797199249268,
            -0.1317535936832428
        ],
        "focal_length": 50.0,
        "sensor_width": 36.0,
        "sensor_height": 24.0
    },
    "objects": [
        {
            "object_name": "Cube",
            "bbox_2d": {
                "x_min": 628.5018223746497,
                "y_min": 322.32868663340037,
                "x_max": 1262.2495308251005,
                "y_max": 806.596159892327,
                "width": 633.7477084504508,
                "height": 484.26747325892666,
                "center_x": 945.3756765998751,
                "center_y": 564.4624232628637
            },
            "visible_vertices": 8,
            "total_vertices": 8
        }
    ],
    "metadata": {
        "total_objects": 1,
        "render_settings": {
            "resolution_percentage": 50,
            "file_format": "PNG"
        }
    }
}