{
    "frame": "198",
    "image_filename": "render_198.png",
    "image_resolution": {
        "width": 1920,
        "height": 1080
    },
    "camera_parameters": {
        "intrinsic_matrix": [
            [
                2666.666666666667,
                0,
                960.0
            ],
            [
                0,
                2250.0,
                540.0
            ],
            [
                0,
                0,
                1
            ]
        ],
        "extrinsic_matrix": [
            [
                0.28847458958625793,
                0.9574875235557556,
                4.656612162534657e-08,
                -1.6702606444596313e-06
            ],
            [
                0.0348171629011631,
                -0.010489842854440212,
                0.9993385672569275,
                1.1354703843835523e-07
            ],
            [
                0.9568542838096619,
                -0.2882837951183319,
                -0.036363035440444946,
                -11.256314277648926
            ],
            [
                -0.0,
                0.0,
                -0.0,
                1.0
            ]
        ],
        "camera_location": [
            10.770654678344727,
            -3.245012044906616,
            -0.4093141257762909
        ],
        "camera_rotation_euler": [
            1.1093189716339111,
            0.0,
            0.8149281740188599
        ],
        "camera_rotation_quaternion": [
            0.5571404099464417,
            0.5777818560600281,
            0.4293595850467682,
            0.4140205979347229
        ],
        "focal_length": 50.0,
        "sensor_width": 36.0,
        "sensor_height": 24.0
    },
    "objects": [
        {
            "object_name": "Cube",
            "bbox_2d": {
                "x_min": 645.1065361825331,
                "y_min": 324.80090780019793,
                "x_max": 1239.4771396813476,
                "y_max": 773.9331857971557,
                "width": 594.3706034988145,
                "height": 449.1322779969578,
                "center_x": 942.2918379319403,
                "center_y": 549.3670467986768
            },
            "visible_vertices": 8,
            "total_vertices": 8
        }
    ],
    "metadata": {
        "total_objects": 1,
        "render_settings": {
            "resolution_percentage": 50,
            "file_format": "PNG"
        }
    }
}