{
    "frame": "96",
    "image_filename": "render_096.png",
    "image_resolution": {
        "width": 1920,
        "height": 1080
    },
    "camera_parameters": {
        "intrinsic_matrix": [
            [
                2666.666666666667,
                0,
                960.0
            ],
            [
                0,
                2250.0,
                540.0
            ],
            [
                0,
                0,
                1
            ]
        ],
        "extrinsic_matrix": [
            [
                -0.35524606704711914,
                0.9347728490829468,
                -1.862645149230957e-08,
                2.468958371082408e-07
            ],
            [
                -0.12292507290840149,
                -0.04671574383974075,
                0.9913159012794495,
                -7.956475087667059e-07
            ],
            [
                0.926655113697052,
                0.35216107964515686,
                0.1315026432275772,
                -11.256316184997559
            ],
            [
                -0.0,
                -0.0,
                -0.0,
                1.0
            ]
        ],
        "camera_location": [
            10.4307222366333,
            3.9640355110168457,
            1.4802354574203491
        ],
        "camera_rotation_euler": [
            1.1093189716339111,
            0.0,
            0.8149281740188599
        ],
        "camera_rotation_quaternion": [
            0.42706581950187683,
            0.3741547465324402,
            0.5424545407295227,
            0.6191656589508057
        ],
        "focal_length": 50.0,
        "sensor_width": 36.0,
        "sensor_height": 24.0
    },
    "objects": [
        {
            "object_name": "Cube",
            "bbox_2d": {
                "x_min": 665.9611352265514,
                "y_min": 281.6011986679696,
                "x_max": 1286.061191916365,
                "y_max": 750.5956832876268,
                "width": 620.1000566898136,
                "height": 468.9944846196572,
                "center_x": 976.0111635714582,
                "center_y": 516.0984409777982
            },
            "visible_vertices": 8,
            "total_vertices": 8
        }
    ],
    "metadata": {
        "total_objects": 1,
        "render_settings": {
            "resolution_percentage": 50,
            "file_format": "PNG"
        }
    }
}