{
    "frame": "889",
    "image_filename": "render_889.png",
    "image_resolution": {
        "width": 1920,
        "height": 1080
    },
    "camera_parameters": {
        "intrinsic_matrix": [
            [
                2666.666666666667,
                0,
                960.0
            ],
            [
                0,
                2250.0,
                540.0
            ],
            [
                0,
                0,
                1
            ]
        ],
        "extrinsic_matrix": [
            [
                -0.2783532738685608,
                -0.960478663444519,
                -1.9185240773822443e-07,
                9.577338460076135e-07
            ],
            [
                -0.0809101089835167,
                0.023448193445801735,
                0.9964454770088196,
                -1.5150003491726238e-06
            ],
            [
                -0.9570647478103638,
                0.27736398577690125,
                -0.08423922210931778,
                -11.256316184997559
            ],
            [
                -0.0,
                0.0,
                -0.0,
                1.0
            ]
        ],
        "camera_location": [
            -10.77302360534668,
            3.1220972537994385,
            -0.9482230544090271
        ],
        "camera_rotation_euler": [
            1.1093189716339111,
            0.0,
            0.8149281740188599
        ],
        "camera_rotation_quaternion": [
            0.4064651429653168,
            0.44227758049964905,
            -0.588651180267334,
            -0.5409865975379944
        ],
        "focal_length": 50.0,
        "sensor_width": 36.0,
        "sensor_height": 24.0
    },
    "objects": [
        {
            "object_name": "Cube",
            "bbox_2d": {
                "x_min": 645.1471249520014,
                "y_min": 338.0206547069929,
                "x_max": 1238.7386672610478,
                "y_max": 785.079567368894,
                "width": 593.5915423090464,
                "height": 447.0589126619011,
                "center_x": 941.9428961065246,
                "center_y": 561.5501110379435
            },
            "visible_vertices": 8,
            "total_vertices": 8
        }
    ],
    "metadata": {
        "total_objects": 1,
        "render_settings": {
            "resolution_percentage": 50,
            "file_format": "PNG"
        }
    }
}