{
    "frame": "132",
    "image_filename": "render_132.png",
    "image_resolution": {
        "width": 1920,
        "height": 1080
    },
    "camera_parameters": {
        "intrinsic_matrix": [
            [
                2666.666666666667,
                0,
                960.0
            ],
            [
                0,
                2250.0,
                540.0
            ],
            [
                0,
                0,
                1
            ]
        ],
        "extrinsic_matrix": [
            [
                0.23417839407920837,
                0.972193717956543,
                1.862645593320167e-09,
                9.540098062643665e-07
            ],
            [
                -0.03821508586406708,
                0.009205054491758347,
                0.9992272257804871,
                6.503206009256246e-07
            ],
            [
                0.9714424014091492,
                -0.23399746417999268,
                0.03930804133415222,
                -11.256317138671875
            ],
            [
                -0.0,
                0.0,
                -0.0,
                1.0
            ]
        ],
        "camera_location": [
            10.934861183166504,
            -2.6339492797851562,
            0.44246357679367065
        ],
        "camera_rotation_euler": [
            1.1093189716339111,
            0.0,
            0.8149281740188599
        ],
        "camera_rotation_quaternion": [
            0.5662798285484314,
            0.544441282749176,
            0.42887020111083984,
            0.4460730254650116
        ],
        "focal_length": 50.0,
        "sensor_width": 36.0,
        "sensor_height": 24.0
    },
    "objects": [
        {
            "object_name": "Cube",
            "bbox_2d": {
                "x_min": 653.0220561230973,
                "y_min": 306.60932694795986,
                "x_max": 1229.1038604977118,
                "y_max": 753.9092687759855,
                "width": 576.0818043746145,
                "height": 447.2999418280257,
                "center_x": 941.0629583104046,
                "center_y": 530.2592978619728
            },
            "visible_vertices": 8,
            "total_vertices": 8
        }
    ],
    "metadata": {
        "total_objects": 1,
        "render_settings": {
            "resolution_percentage": 50,
            "file_format": "PNG"
        }
    }
}