{
    "frame": "648",
    "image_filename": "render_648.png",
    "image_resolution": {
        "width": 1920,
        "height": 1080
    },
    "camera_parameters": {
        "intrinsic_matrix": [
            [
                2666.666666666667,
                0,
                960.0
            ],
            [
                0,
                2250.0,
                540.0
            ],
            [
                0,
                0,
                1
            ]
        ],
        "extrinsic_matrix": [
            [
                -0.5373340845108032,
                0.84336918592453,
                7.450576333667414e-08,
                -2.3870879886089824e-06
            ],
            [
                0.04433102160692215,
                0.028244616463780403,
                0.99861741065979,
                -1.7006498183036456e-06
            ],
            [
                0.8422032594680786,
                0.5365914702415466,
                -0.052563972771167755,
                -11.256315231323242
            ],
            [
                -0.0,
                0.0,
                -0.0,
                1.0
            ]
        ],
        "camera_location": [
            9.480107307434082,
            6.04004430770874,
            -0.5916779041290283
        ],
        "camera_rotation_euler": [
            1.1093189716339111,
            0.0,
            0.8149281740188599
        ],
        "camera_rotation_quaternion": [
            0.33103862404823303,
            0.34892168641090393,
            0.6360312700271606,
            0.6034330725669861
        ],
        "focal_length": 50.0,
        "sensor_width": 36.0,
        "sensor_height": 24.0
    },
    "objects": [
        {
            "object_name": "Cube",
            "bbox_2d": {
                "x_min": 640.0979502297535,
                "y_min": 327.9280502836575,
                "x_max": 1297.8450123110626,
                "y_max": 782.7150056355624,
                "width": 657.7470620813092,
                "height": 454.7869553519049,
                "center_x": 968.971481270408,
                "center_y": 555.32152795961
            },
            "visible_vertices": 8,
            "total_vertices": 8
        }
    ],
    "metadata": {
        "total_objects": 1,
        "render_settings": {
            "resolution_percentage": 50,
            "file_format": "PNG"
        }
    }
}