{
    "frame": "593",
    "image_filename": "render_593.png",
    "image_resolution": {
        "width": 1920,
        "height": 1080
    },
    "camera_parameters": {
        "intrinsic_matrix": [
            [
                2666.666666666667,
                0,
                960.0
            ],
            [
                0,
                2250.0,
                540.0
            ],
            [
                0,
                0,
                1
            ]
        ],
        "extrinsic_matrix": [
            [
                -0.3828786611557007,
                0.923798680305481,
                2.8777867555618286e-07,
                -9.538811127640656e-07
            ],
            [
                -0.014067381620407104,
                -0.0058306497521698475,
                0.9998841285705566,
                -1.1204937209186028e-06
            ],
            [
                0.9236915707588196,
                0.3828343152999878,
                0.015227921307086945,
                -11.256316184997559
            ],
            [
                -0.0,
                0.0,
                -0.0,
                1.0
            ]
        ],
        "camera_location": [
            10.397363662719727,
            4.309304237365723,
            0.1714107096195221
        ],
        "camera_rotation_euler": [
            1.1093189716339111,
            0.0,
            0.8149281740188599
        ],
        "camera_rotation_quaternion": [
            0.39576464891433716,
            0.3897833228111267,
            0.5834852457046509,
            0.5924392938613892
        ],
        "focal_length": 50.0,
        "sensor_width": 36.0,
        "sensor_height": 24.0
    },
    "objects": [
        {
            "object_name": "Cube",
            "bbox_2d": {
                "x_min": 664.2533354540584,
                "y_min": 309.7432890975367,
                "x_max": 1285.644834085784,
                "y_max": 761.9489994090511,
                "width": 621.3914986317255,
                "height": 452.2057103115144,
                "center_x": 974.9490847699212,
                "center_y": 535.8461442532939
            },
            "visible_vertices": 8,
            "total_vertices": 8
        }
    ],
    "metadata": {
        "total_objects": 1,
        "render_settings": {
            "resolution_percentage": 50,
            "file_format": "PNG"
        }
    }
}