{
    "frame": "631",
    "image_filename": "render_631.png",
    "image_resolution": {
        "width": 1920,
        "height": 1080
    },
    "camera_parameters": {
        "intrinsic_matrix": [
            [
                2666.666666666667,
                0,
                960.0
            ],
            [
                0,
                2250.0,
                540.0
            ],
            [
                0,
                0,
                1
            ]
        ],
        "extrinsic_matrix": [
            [
                -0.9275667667388916,
                -0.37365683913230896,
                -8.754427938129083e-08,
                -4.1462636102274075e-10
            ],
            [
                -0.022709395736455917,
                0.05637378245592117,
                0.9981513619422913,
                -1.7377452650180203e-06
            ],
            [
                -0.37296611070632935,
                0.9258522987365723,
                -0.06077572703361511,
                -11.256315231323242
            ],
            [
                -0.0,
                0.0,
                -0.0,
                1.0
            ]
        ],
        "camera_location": [
            -4.198225021362305,
            10.421686172485352,
            -0.6841119527816772
        ],
        "camera_rotation_euler": [
            1.1093189716339111,
            0.0,
            0.8149281740188599
        ],
        "camera_rotation_quaternion": [
            0.13041360676288605,
            0.1385958343744278,
            -0.7149679660797119,
            -0.6727588176727295
        ],
        "focal_length": 50.0,
        "sensor_width": 36.0,
        "sensor_height": 24.0
    },
    "objects": [
        {
            "object_name": "Cube",
            "bbox_2d": {
                "x_min": 664.6472567798487,
                "y_min": 331.05125810361756,
                "x_max": 1286.0398723458388,
                "y_max": 781.9353145954467,
                "width": 621.3926155659901,
                "height": 450.88405649182914,
                "center_x": 975.3435645628438,
                "center_y": 556.4932863495321
            },
            "visible_vertices": 8,
            "total_vertices": 8
        }
    ],
    "metadata": {
        "total_objects": 1,
        "render_settings": {
            "resolution_percentage": 50,
            "file_format": "PNG"
        }
    }
}