{
    "frame": "352",
    "image_filename": "render_352.png",
    "image_resolution": {
        "width": 1920,
        "height": 1080
    },
    "camera_parameters": {
        "intrinsic_matrix": [
            [
                2666.666666666667,
                0,
                960.0
            ],
            [
                0,
                2250.0,
                540.0
            ],
            [
                0,
                0,
                1
            ]
        ],
        "extrinsic_matrix": [
            [
                0.6537202000617981,
                0.7567363977432251,
                1.1175868053214799e-07,
                -4.773894488607766e-07
            ],
            [
                -0.018207881599664688,
                0.015729190781712532,
                0.9997104406356812,
                -1.035521179915122e-07
            ],
            [
                0.7565172910690308,
                -0.6535307765007019,
                0.024061104282736778,
                -11.256315231323242
            ],
            [
                -0.0,
                0.0,
                -0.0,
                1.0
            ]
        ],
        "camera_location": [
            8.51559829711914,
            -7.356349945068359,
            0.27083897590637207
        ],
        "camera_rotation_euler": [
            1.1093189716339111,
            0.0,
            0.8149281740188599
        ],
        "camera_rotation_quaternion": [
            0.6506748199462891,
            0.6352027058601379,
            0.29066646099090576,
            0.2977464497089386
        ],
        "focal_length": 50.0,
        "sensor_width": 36.0,
        "sensor_height": 24.0
    },
    "objects": [
        {
            "object_name": "Cube",
            "bbox_2d": {
                "x_min": 622.042769980356,
                "y_min": 304.3738648923181,
                "x_max": 1291.8164049425336,
                "y_max": 761.2323565586305,
                "width": 669.7736349621777,
                "height": 456.8584916663124,
                "center_x": 956.9295874614447,
                "center_y": 532.8031107254743
            },
            "visible_vertices": 8,
            "total_vertices": 8
        }
    ],
    "metadata": {
        "total_objects": 1,
        "render_settings": {
            "resolution_percentage": 50,
            "file_format": "PNG"
        }
    }
}