{
    "frame": "347",
    "image_filename": "render_347.png",
    "image_resolution": {
        "width": 1920,
        "height": 1080
    },
    "camera_parameters": {
        "intrinsic_matrix": [
            [
                2666.666666666667,
                0,
                960.0
            ],
            [
                0,
                2250.0,
                540.0
            ],
            [
                0,
                0,
                1
            ]
        ],
        "extrinsic_matrix": [
            [
                -0.5684057474136353,
                -0.8227482438087463,
                -5.797481605895882e-08,
                1.4305219337984454e-06
            ],
            [
                0.006778562907129526,
                -0.0046830736100673676,
                0.999966025352478,
                -1.8061789432977093e-06
            ],
            [
                -0.8227203488349915,
                0.5683864951133728,
                0.00823901779949665,
                -11.256314277648926
            ],
            [
                0.0,
                0.0,
                -0.0,
                1.0
            ]
        ],
        "camera_location": [
            -9.2608003616333,
            6.397939205169678,
            0.09274189919233322
        ],
        "camera_rotation_euler": [
            1.1093189716339111,
            0.0,
            0.8149281740188599
        ],
        "camera_rotation_quaternion": [
            0.32982954382896423,
            0.3271231949329376,
            -0.6235951781272888,
            -0.6287543177604675
        ],
        "focal_length": 50.0,
        "sensor_width": 36.0,
        "sensor_height": 24.0
    },
    "objects": [
        {
            "object_name": "Cube",
            "bbox_2d": {
                "x_min": 622.5582119518372,
                "y_min": 309.51146455844594,
                "x_max": 1282.5185547536237,
                "y_max": 765.6404369079607,
                "width": 659.9603428017865,
                "height": 456.1289723495148,
                "center_x": 952.5383833527304,
                "center_y": 537.5759507332034
            },
            "visible_vertices": 8,
            "total_vertices": 8
        }
    ],
    "metadata": {
        "total_objects": 1,
        "render_settings": {
            "resolution_percentage": 50,
            "file_format": "PNG"
        }
    }
}