{
    "frame": "530",
    "image_filename": "render_530.png",
    "image_resolution": {
        "width": 1920,
        "height": 1080
    },
    "camera_parameters": {
        "intrinsic_matrix": [
            [
                2666.666666666667,
                0,
                960.0
            ],
            [
                0,
                2250.0,
                540.0
            ],
            [
                0,
                0,
                1
            ]
        ],
        "extrinsic_matrix": [
            [
                0.7241404056549072,
                0.6896526217460632,
                4.0978189730367376e-08,
                9.54059828472964e-07
            ],
            [
                -0.021477049216628075,
                0.02255105786025524,
                0.9995149374008179,
                -6.844256290605699e-07
            ],
            [
                0.6893181204795837,
                -0.7237891554832458,
                0.031141849234700203,
                -11.256316184997559
            ],
            [
                -0.0,
                0.0,
                -0.0,
                1.0
            ]
        ],
        "camera_location": [
            7.759181499481201,
            -8.147200584411621,
            0.3505430221557617
        ],
        "camera_rotation_euler": [
            1.1093189716339111,
            0.0,
            0.8149281740188599
        ],
        "camera_rotation_quaternion": [
            0.6666771173477173,
            0.6462289690971375,
            0.2584902346134186,
            0.26666945219039917
        ],
        "focal_length": 50.0,
        "sensor_width": 36.0,
        "sensor_height": 24.0
    },
    "objects": [
        {
            "object_name": "Cube",
            "bbox_2d": {
                "x_min": 625.1655281221098,
                "y_min": 302.2149117003687,
                "x_max": 1296.8967888420812,
                "y_max": 759.1020261382928,
                "width": 671.7312607199714,
                "height": 456.8871144379241,
                "center_x": 961.0311584820954,
                "center_y": 530.6584689193307
            },
            "visible_vertices": 8,
            "total_vertices": 8
        }
    ],
    "metadata": {
        "total_objects": 1,
        "render_settings": {
            "resolution_percentage": 50,
            "file_format": "PNG"
        }
    }
}