{
    "frame": "840",
    "image_filename": "render_840.png",
    "image_resolution": {
        "width": 1920,
        "height": 1080
    },
    "camera_parameters": {
        "intrinsic_matrix": [
            [
                2666.666666666667,
                0,
                960.0
            ],
            [
                0,
                2250.0,
                540.0
            ],
            [
                0,
                0,
                1
            ]
        ],
        "extrinsic_matrix": [
            [
                0.5824416875839233,
                0.8128724694252014,
                2.1047884501967928e-07,
                -2.3383289748935e-10
            ],
            [
                0.020130351185798645,
                -0.01442402508109808,
                0.9996931552886963,
                -5.248506340649328e-07
            ],
            [
                0.812623143196106,
                -0.5822629928588867,
                -0.0247645266354084,
                -11.256314277648926
            ],
            [
                -0.0,
                0.0,
                -0.0,
                1.0
            ]
        ],
        "camera_location": [
            9.147143363952637,
            -6.554136753082275,
            -0.278757244348526
        ],
        "camera_rotation_euler": [
            1.1093189716339111,
            0.0,
            0.8149281740188599
        ],
        "camera_rotation_quaternion": [
            0.6211387515068054,
            0.6367162466049194,
            0.32706987857818604,
            0.3190681040287018
        ],
        "focal_length": 50.0,
        "sensor_width": 36.0,
        "sensor_height": 24.0
    },
    "objects": [
        {
            "object_name": "Cube",
            "bbox_2d": {
                "x_min": 621.7786316767288,
                "y_min": 319.23779264537484,
                "x_max": 1284.6263623094399,
                "y_max": 775.3844398270802,
                "width": 662.8477306327111,
                "height": 456.14664718170536,
                "center_x": 953.2024969930843,
                "center_y": 547.3111162362275
            },
            "visible_vertices": 8,
            "total_vertices": 8
        }
    ],
    "metadata": {
        "total_objects": 1,
        "render_settings": {
            "resolution_percentage": 50,
            "file_format": "PNG"
        }
    }
}