{
    "frame": "770",
    "image_filename": "render_770.png",
    "image_resolution": {
        "width": 1920,
        "height": 1080
    },
    "camera_parameters": {
        "intrinsic_matrix": [
            [
                2666.666666666667,
                0,
                960.0
            ],
            [
                0,
                2250.0,
                540.0
            ],
            [
                0,
                0,
                1
            ]
        ],
        "extrinsic_matrix": [
            [
                0.15934187173843384,
                -0.9872234463691711,
                -7.776544208581981e-08,
                7.154645231821632e-07
            ],
            [
                -0.026117514818906784,
                -0.004215587861835957,
                0.9996500611305237,
                7.575018798888777e-07
            ],
            [
                -0.9868779182434082,
                -0.15928615629673004,
                -0.026455571874976158,
                -11.256316184997559
            ],
            [
                -0.0,
                0.0,
                -0.0,
                1.0
            ]
        ],
        "camera_location": [
            -11.108610153198242,
            -1.7929739952087402,
            -0.2977927029132843
        ],
        "camera_rotation_euler": [
            1.1093189716339111,
            0.0,
            0.8149281740188599
        ],
        "camera_rotation_quaternion": [
            0.5311946272850037,
            0.5454386472702026,
            -0.4644615948200226,
            -0.45233237743377686
        ],
        "focal_length": 50.0,
        "sensor_width": 36.0,
        "sensor_height": 24.0
    },
    "objects": [
        {
            "object_name": "Cube",
            "bbox_2d": {
                "x_min": 706.4215748890737,
                "y_min": 323.71409291293855,
                "x_max": 1253.926783013398,
                "y_max": 768.623194021754,
                "width": 547.5052081243244,
                "height": 444.90910110881543,
                "center_x": 980.174178951236,
                "center_y": 546.1686434673463
            },
            "visible_vertices": 8,
            "total_vertices": 8
        }
    ],
    "metadata": {
        "total_objects": 1,
        "render_settings": {
            "resolution_percentage": 50,
            "file_format": "PNG"
        }
    }
}