{
    "frame": "780",
    "image_filename": "render_780.png",
    "image_resolution": {
        "width": 1920,
        "height": 1080
    },
    "camera_parameters": {
        "intrinsic_matrix": [
            [
                2666.666666666667,
                0,
                960.0
            ],
            [
                0,
                2250.0,
                540.0
            ],
            [
                0,
                0,
                1
            ]
        ],
        "extrinsic_matrix": [
            [
                -0.3932482600212097,
                0.9194323420524597,
                5.587935802964239e-08,
                2.7171298544459432e-09
            ],
            [
                0.1050952896475792,
                0.044950004667043686,
                0.9934458136558533,
                3.991329151631362e-07
            ],
            [
                0.9134061932563782,
                0.3906708359718323,
                -0.11430450528860092,
                -11.256316184997559
            ],
            [
                -0.0,
                -0.0,
                -0.0,
                1.0
            ]
        ],
        "camera_location": [
            10.281588554382324,
            4.397514343261719,
            -1.286648154258728
        ],
        "camera_rotation_euler": [
            1.1093189716339111,
            0.0,
            0.8149281740188599
        ],
        "camera_rotation_quaternion": [
            0.3665369153022766,
            0.4111284017562866,
            0.6229973435401917,
            0.5554263591766357
        ],
        "focal_length": 50.0,
        "sensor_width": 36.0,
        "sensor_height": 24.0
    },
    "objects": [
        {
            "object_name": "Cube",
            "bbox_2d": {
                "x_min": 659.9093478786602,
                "y_min": 333.2801175150395,
                "x_max": 1289.6346747290868,
                "y_max": 795.5848360045383,
                "width": 629.7253268504265,
                "height": 462.3047184894988,
                "center_x": 974.7720113038736,
                "center_y": 564.4324767597889
            },
            "visible_vertices": 8,
            "total_vertices": 8
        }
    ],
    "metadata": {
        "total_objects": 1,
        "render_settings": {
            "resolution_percentage": 50,
            "file_format": "PNG"
        }
    }
}