{
    "frame": "768",
    "image_filename": "render_768.png",
    "image_resolution": {
        "width": 1920,
        "height": 1080
    },
    "camera_parameters": {
        "intrinsic_matrix": [
            [
                2666.666666666667,
                0,
                960.0
            ],
            [
                0,
                2250.0,
                540.0
            ],
            [
                0,
                0,
                1
            ]
        ],
        "extrinsic_matrix": [
            [
                0.9999979734420776,
                -0.00199580448679626,
                -1.5279509602006414e-10,
                3.7251854934083894e-09
            ],
            [
                7.486858521588147e-05,
                0.037512898445129395,
                0.9992961287498474,
                -2.0861651250925206e-07
            ],
            [
                -0.001994399819523096,
                -0.999294102191925,
                0.037512972950935364,
                -11.256317138671875
            ],
            [
                -0.0,
                0.0,
                -0.0,
                1.0
            ]
        ],
        "camera_location": [
            -0.022449595853686333,
            -11.248371124267578,
            0.4222581088542938
        ],
        "camera_rotation_euler": [
            1.1093189716339111,
            0.0,
            0.8149281740188599
        ],
        "camera_rotation_quaternion": [
            0.720247209072113,
            0.693716824054718,
            -0.000692262256052345,
            -0.0007187370210886002
        ],
        "focal_length": 50.0,
        "sensor_width": 36.0,
        "sensor_height": 24.0
    },
    "objects": [
        {
            "object_name": "Cube",
            "bbox_2d": {
                "x_min": 698.5919581196433,
                "y_min": 313.3320623132038,
                "x_max": 1220.4683113054434,
                "y_max": 751.7778235505994,
                "width": 521.8763531858001,
                "height": 438.4457612373956,
                "center_x": 959.5301347125434,
                "center_y": 532.5549429319016
            },
            "visible_vertices": 8,
            "total_vertices": 8
        }
    ],
    "metadata": {
        "total_objects": 1,
        "render_settings": {
            "resolution_percentage": 50,
            "file_format": "PNG"
        }
    }
}