{
    "frame": "381",
    "image_filename": "render_381.png",
    "image_resolution": {
        "width": 1920,
        "height": 1080
    },
    "camera_parameters": {
        "intrinsic_matrix": [
            [
                2666.666666666667,
                0,
                960.0
            ],
            [
                0,
                2250.0,
                540.0
            ],
            [
                0,
                0,
                1
            ]
        ],
        "extrinsic_matrix": [
            [
                0.49417757987976074,
                0.8693608641624451,
                2.3515886482528003e-07,
                9.5381153641938e-07
            ],
            [
                -0.011531580239534378,
                0.0065548596903681755,
                0.999911904335022,
                -2.818643224600237e-06
            ],
            [
                0.869284451007843,
                -0.49413397908210754,
                0.013264444656670094,
                -11.256314277648926
            ],
            [
                -0.0,
                0.0,
                -0.0,
                1.0
            ]
        ],
        "camera_location": [
            9.784939765930176,
            -5.562131404876709,
            0.14931078255176544
        ],
        "camera_rotation_euler": [
            1.1093189716339111,
            0.0,
            0.8149281740188599
        ],
        "camera_rotation_quaternion": [
            0.6152229905128479,
            0.6071158051490784,
            0.35323959589004517,
            0.3579567074775696
        ],
        "focal_length": 50.0,
        "sensor_width": 36.0,
        "sensor_height": 24.0
    },
    "objects": [
        {
            "object_name": "Cube",
            "bbox_2d": {
                "x_min": 625.4270013789269,
                "y_min": 308.77996971223297,
                "x_max": 1272.965812511639,
                "y_max": 763.6015694199474,
                "width": 647.538811132712,
                "height": 454.8215997077144,
                "center_x": 949.1964069452829,
                "center_y": 536.1907695660902
            },
            "visible_vertices": 8,
            "total_vertices": 8
        }
    ],
    "metadata": {
        "total_objects": 1,
        "render_settings": {
            "resolution_percentage": 50,
            "file_format": "PNG"
        }
    }
}