{
    "frame": "321",
    "image_filename": "render_321.png",
    "image_resolution": {
        "width": 1920,
        "height": 1080
    },
    "camera_parameters": {
        "intrinsic_matrix": [
            [
                2666.666666666667,
                0,
                960.0
            ],
            [
                0,
                2250.0,
                540.0
            ],
            [
                0,
                0,
                1
            ]
        ],
        "extrinsic_matrix": [
            [
                -0.9740278124809265,
                0.22642865777015686,
                6.519258910486769e-09,
                -7.153388992264809e-07
            ],
            [
                0.004358334466814995,
                0.018748195841908455,
                0.9998148083686829,
                6.757369419574388e-07
            ],
            [
                0.22638669610023499,
                0.9738474488258362,
                -0.019248148426413536,
                -11.256317138671875
            ],
            [
                -0.0,
                -0.0,
                -0.0,
                1.0
            ]
        ],
        "camera_location": [
            2.548279285430908,
            10.961933135986328,
            -0.21666352450847626
        ],
        "camera_rotation_euler": [
            1.1093189716339111,
            0.0,
            0.8149281740188599
        ],
        "camera_rotation_quaternion": [
            0.07980024814605713,
            0.08135133236646652,
            0.7092291712760925,
            0.6957067251205444
        ],
        "focal_length": 50.0,
        "sensor_width": 36.0,
        "sensor_height": 24.0
    },
    "objects": [
        {
            "object_name": "Cube",
            "bbox_2d": {
                "x_min": 654.8202941602796,
                "y_min": 321.0473010819445,
                "x_max": 1227.112634008372,
                "y_max": 768.4366288837881,
                "width": 572.2923398480924,
                "height": 447.3893278018436,
                "center_x": 940.9664640843257,
                "center_y": 544.7419649828663
            },
            "visible_vertices": 8,
            "total_vertices": 8
        }
    ],
    "metadata": {
        "total_objects": 1,
        "render_settings": {
            "resolution_percentage": 50,
            "file_format": "PNG"
        }
    }
}