{
    "frame": "137",
    "image_filename": "render_137.png",
    "image_resolution": {
        "width": 1920,
        "height": 1080
    },
    "camera_parameters": {
        "intrinsic_matrix": [
            [
                2666.666666666667,
                0,
                960.0
            ],
            [
                0,
                2250.0,
                540.0
            ],
            [
                0,
                0,
                1
            ]
        ],
        "extrinsic_matrix": [
            [
                -0.5013433694839478,
                -0.8652483224868774,
                -1.2293455142753373e-07,
                -4.769091219714028e-07
            ],
            [
                0.016499070450663567,
                -0.00955995824187994,
                0.9998182058334351,
                -1.3825745099893538e-06
            ],
            [
                -0.86509108543396,
                0.501252293586731,
                0.01906876638531685,
                -11.256315231323242
            ],
            [
                0.0,
                0.0,
                -0.0,
                1.0
            ]
        ],
        "camera_location": [
            -9.737738609313965,
            5.642253398895264,
            0.21464374661445618
        ],
        "camera_rotation_euler": [
            1.1093189716339111,
            0.0,
            0.8149281740188599
        ],
        "camera_rotation_quaternion": [
            0.3564285933971405,
            0.3496955633163452,
            -0.6067773103713989,
            -0.6184602379798889
        ],
        "focal_length": 50.0,
        "sensor_width": 36.0,
        "sensor_height": 24.0
    },
    "objects": [
        {
            "object_name": "Cube",
            "bbox_2d": {
                "x_min": 624.8481197745975,
                "y_min": 307.0584741253979,
                "x_max": 1274.1297467573997,
                "y_max": 761.9609547759158,
                "width": 649.2816269828022,
                "height": 454.9024806505179,
                "center_x": 949.4889332659986,
                "center_y": 534.5097144506568
            },
            "visible_vertices": 8,
            "total_vertices": 8
        }
    ],
    "metadata": {
        "total_objects": 1,
        "render_settings": {
            "resolution_percentage": 50,
            "file_format": "PNG"
        }
    }
}