{
    "frame": "701",
    "image_filename": "render_701.png",
    "image_resolution": {
        "width": 1920,
        "height": 1080
    },
    "camera_parameters": {
        "intrinsic_matrix": [
            [
                2666.666666666667,
                0,
                960.0
            ],
            [
                0,
                2250.0,
                540.0
            ],
            [
                0,
                0,
                1
            ]
        ],
        "extrinsic_matrix": [
            [
                -0.24936991930007935,
                0.9684080481529236,
                5.94881939264269e-08,
                1.4305156810223707e-06
            ],
            [
                0.0025062886998057365,
                0.0006454851827584207,
                0.9999964237213135,
                -1.3050205325271236e-06
            ],
            [
                0.9684048295021057,
                0.24936924874782562,
                -0.0025878697633743286,
                -11.256315231323242
            ],
            [
                -0.0,
                0.0,
                -0.0,
                1.0
            ]
        ],
        "camera_location": [
            10.900673866271973,
            2.806976795196533,
            -0.02913089655339718
        ],
        "camera_rotation_euler": [
            1.1093189716339111,
            0.0,
            0.8149281740188599
        ],
        "camera_rotation_quaternion": [
            0.4326336979866028,
            0.43375471234321594,
            0.5595988631248474,
            0.5581524968147278
        ],
        "focal_length": 50.0,
        "sensor_width": 36.0,
        "sensor_height": 24.0
    },
    "objects": [
        {
            "object_name": "Cube",
            "bbox_2d": {
                "x_min": 688.7667256740929,
                "y_min": 316.51317271125663,
                "x_max": 1268.2581016030074,
                "y_max": 764.783534812369,
                "width": 579.4913759289145,
                "height": 448.27036210111237,
                "center_x": 978.5124136385501,
                "center_y": 540.6483537618128
            },
            "visible_vertices": 8,
            "total_vertices": 8
        }
    ],
    "metadata": {
        "total_objects": 1,
        "render_settings": {
            "resolution_percentage": 50,
            "file_format": "PNG"
        }
    }
}