{
    "frame": "224",
    "image_filename": "render_224.png",
    "image_resolution": {
        "width": 1920,
        "height": 1080
    },
    "camera_parameters": {
        "intrinsic_matrix": [
            [
                2666.666666666667,
                0,
                960.0
            ],
            [
                0,
                2250.0,
                540.0
            ],
            [
                0,
                0,
                1
            ]
        ],
        "extrinsic_matrix": [
            [
                0.7020119428634644,
                0.7121652364730835,
                2.2351740014414645e-08,
                9.67603000390227e-07
            ],
            [
                -0.12564966082572937,
                0.12385831773281097,
                0.9843125343322754,
                -6.75542480621516e-07
            ],
            [
                0.7009931206703186,
                -0.6909991502761841,
                0.17643336951732635,
                -11.256316184997559
            ],
            [
                -0.0,
                0.0,
                -0.0,
                1.0
            ]
        ],
        "camera_location": [
            7.890599727630615,
            -7.778105735778809,
            1.9859901666641235
        ],
        "camera_rotation_euler": [
            1.1093189716339111,
            0.0,
            0.8149281740188599
        ],
        "camera_rotation_quaternion": [
            0.7075139284133911,
            0.5919713377952576,
            0.2476958930492401,
            0.2960418462753296
        ],
        "focal_length": 50.0,
        "sensor_width": 36.0,
        "sensor_height": 24.0
    },
    "objects": [
        {
            "object_name": "Cube",
            "bbox_2d": {
                "x_min": 619.3333804288332,
                "y_min": 263.517106715232,
                "x_max": 1300.0521536924962,
                "y_max": 762.588392106752,
                "width": 680.718773263663,
                "height": 499.07128539152006,
                "center_x": 959.6927670606647,
                "center_y": 513.052749410992
            },
            "visible_vertices": 8,
            "total_vertices": 8
        }
    ],
    "metadata": {
        "total_objects": 1,
        "render_settings": {
            "resolution_percentage": 50,
            "file_format": "PNG"
        }
    }
}