{
    "frame": "856",
    "image_filename": "render_856.png",
    "image_resolution": {
        "width": 1920,
        "height": 1080
    },
    "camera_parameters": {
        "intrinsic_matrix": [
            [
                2666.666666666667,
                0,
                960.0
            ],
            [
                0,
                2250.0,
                540.0
            ],
            [
                0,
                0,
                1
            ]
        ],
        "extrinsic_matrix": [
            [
                -0.9978418350219727,
                0.0656624361872673,
                -4.423781874152155e-08,
                -1.1933299504107708e-07
            ],
            [
                -0.006328128278255463,
                -0.09616495668888092,
                0.9953452348709106,
                -1.1993046200586832e-07
            ],
            [
                0.0653567910194397,
                0.9931972622871399,
                0.09637300670146942,
                -11.256316184997559
            ],
            [
                -0.0,
                -0.0,
                -0.0,
                1.0
            ]
        ],
        "camera_location": [
            0.735676646232605,
            11.179741859436035,
            1.0848044157028198
        ],
        "camera_rotation_euler": [
            1.1093189716339111,
            0.0,
            0.8149281740188599
        ],
        "camera_rotation_quaternion": [
            0.02432125061750412,
            0.022080084308981895,
            0.6718080043792725,
            0.739996612071991
        ],
        "focal_length": 50.0,
        "sensor_width": 36.0,
        "sensor_height": 24.0
    },
    "objects": [
        {
            "object_name": "Cube",
            "bbox_2d": {
                "x_min": 682.83204138413,
                "y_min": 300.04429885985815,
                "x_max": 1206.0861772680214,
                "y_max": 742.1636385994624,
                "width": 523.2541358838914,
                "height": 442.11933973960424,
                "center_x": 944.4591093260757,
                "center_y": 521.1039687296602
            },
            "visible_vertices": 8,
            "total_vertices": 8
        }
    ],
    "metadata": {
        "total_objects": 1,
        "render_settings": {
            "resolution_percentage": 50,
            "file_format": "PNG"
        }
    }
}