{
    "frame": "443",
    "image_filename": "render_443.png",
    "image_resolution": {
        "width": 1920,
        "height": 1080
    },
    "camera_parameters": {
        "intrinsic_matrix": [
            [
                2666.666666666667,
                0,
                960.0
            ],
            [
                0,
                2250.0,
                540.0
            ],
            [
                0,
                0,
                1
            ]
        ],
        "extrinsic_matrix": [
            [
                -0.9914324283599854,
                -0.13061951100826263,
                -4.842875611643649e-08,
                3.6144072623756074e-07
            ],
            [
                -0.022316016256809235,
                0.16938349604606628,
                0.9852975010871887,
                -1.315638655796647e-06
            ],
            [
                -0.12869907915592194,
                0.9768560528755188,
                -0.17084699869155884,
                -11.256316184997559
            ],
            [
                -0.0,
                0.0,
                -0.0,
                1.0
            ]
        ],
        "camera_location": [
            -1.44867742061615,
            10.995800971984863,
            -1.9231090545654297
        ],
        "camera_rotation_euler": [
            1.1093189716339111,
            0.0,
            0.8149281740188599
        ],
        "camera_rotation_quaternion": [
            0.04214174300432205,
            0.050077833235263824,
            -0.7634892463684082,
            -0.6424955725669861
        ],
        "focal_length": 50.0,
        "sensor_width": 36.0,
        "sensor_height": 24.0
    },
    "objects": [
        {
            "object_name": "Cube",
            "bbox_2d": {
                "x_min": 709.2682061149694,
                "y_min": 322.7708174140216,
                "x_max": 1252.277619411374,
                "y_max": 796.5724790469177,
                "width": 543.0094132964045,
                "height": 473.80166163289607,
                "center_x": 980.7729127631717,
                "center_y": 559.6716482304696
            },
            "visible_vertices": 8,
            "total_vertices": 8
        }
    ],
    "metadata": {
        "total_objects": 1,
        "render_settings": {
            "resolution_percentage": 50,
            "file_format": "PNG"
        }
    }
}