{
    "frame": "242",
    "image_filename": "render_242.png",
    "image_resolution": {
        "width": 1920,
        "height": 1080
    },
    "camera_parameters": {
        "intrinsic_matrix": [
            [
                2666.666666666667,
                0,
                960.0
            ],
            [
                0,
                2250.0,
                540.0
            ],
            [
                0,
                0,
                1
            ]
        ],
        "extrinsic_matrix": [
            [
                0.9871082305908203,
                -0.16005413234233856,
                1.8626449271863521e-09,
                -3.6240291478861764e-07
            ],
            [
                -0.02165938913822174,
                -0.13358072936534882,
                0.9908011555671692,
                -2.043361746473238e-06
            ],
            [
                -0.15858183801174164,
                -0.9780279994010925,
                -0.13532529771327972,
                -11.256316184997559
            ],
            [
                -0.0,
                0.0,
                -0.0,
                1.0
            ]
        ],
        "camera_location": [
            -1.7850468158721924,
            -11.008993148803711,
            -1.5232625007629395
        ],
        "camera_rotation_euler": [
            1.1093189716339111,
            0.0,
            0.8149281740188599
        ],
        "camera_rotation_quaternion": [
            0.6554011106491089,
            0.7510017156600952,
            -0.060490380972623825,
            -0.05279010161757469
        ],
        "focal_length": 50.0,
        "sensor_width": 36.0,
        "sensor_height": 24.0
    },
    "objects": [
        {
            "object_name": "Cube",
            "bbox_2d": {
                "x_min": 663.0446870734086,
                "y_min": 329.63277791548853,
                "x_max": 1216.196685914102,
                "y_max": 791.4461594151684,
                "width": 553.1519988406935,
                "height": 461.81338149967985,
                "center_x": 939.6206864937553,
                "center_y": 560.5394686653285
            },
            "visible_vertices": 8,
            "total_vertices": 8
        }
    ],
    "metadata": {
        "total_objects": 1,
        "render_settings": {
            "resolution_percentage": 50,
            "file_format": "PNG"
        }
    }
}