{
    "frame": "914",
    "image_filename": "render_914.png",
    "image_resolution": {
        "width": 1920,
        "height": 1080
    },
    "camera_parameters": {
        "intrinsic_matrix": [
            [
                2666.666666666667,
                0,
                960.0
            ],
            [
                0,
                2250.0,
                540.0
            ],
            [
                0,
                0,
                1
            ]
        ],
        "extrinsic_matrix": [
            [
                0.8488374352455139,
                -0.5286539196968079,
                -2.2351740014414645e-08,
                -4.959857164976711e-07
            ],
            [
                -0.09332463890314102,
                -0.14984744787216187,
                0.9842947721481323,
                -4.67777624635346e-07
            ],
            [
                -0.5203512907028198,
                -0.8355062007904053,
                -0.1765325516462326,
                -11.256314277648926
            ],
            [
                -0.0,
                0.0,
                -0.0,
                1.0
            ]
        ],
        "camera_location": [
            -5.857238292694092,
            -9.404723167419434,
            -1.9871058464050293
        ],
        "camera_rotation_euler": [
            1.1093189716339111,
            0.0,
            0.8149281740188599
        ],
        "camera_rotation_quaternion": [
            0.6169395446777344,
            0.7374309301376343,
            -0.21085993945598602,
            -0.17640680074691772
        ],
        "focal_length": 50.0,
        "sensor_width": 36.0,
        "sensor_height": 24.0
    },
    "objects": [
        {
            "object_name": "Cube",
            "bbox_2d": {
                "x_min": 618.7611277307312,
                "y_min": 317.912390594793,
                "x_max": 1282.3634929040072,
                "y_max": 814.0698861750577,
                "width": 663.602365173276,
                "height": 496.1574955802647,
                "center_x": 950.5623103173692,
                "center_y": 565.9911383849253
            },
            "visible_vertices": 8,
            "total_vertices": 8
        }
    ],
    "metadata": {
        "total_objects": 1,
        "render_settings": {
            "resolution_percentage": 50,
            "file_format": "PNG"
        }
    }
}