{
    "frame": "19",
    "image_filename": "render_019.png",
    "image_resolution": {
        "width": 1920,
        "height": 1080
    },
    "camera_parameters": {
        "intrinsic_matrix": [
            [
                2666.666666666667,
                0,
                960.0
            ],
            [
                0,
                2250.0,
                540.0
            ],
            [
                0,
                0,
                1
            ]
        ],
        "extrinsic_matrix": [
            [
                -0.14967477321624756,
                -0.9887351393699646,
                1.8626444386882213e-08,
                6.008419859426795e-07
            ],
            [
                0.13702410459518433,
                -0.020742597058415413,
                0.9903503656387329,
                -1.7969903183256974e-06
            ],
            [
                -0.9791943430900574,
                0.14823061227798462,
                0.13858535885810852,
                -11.256315231323242
            ],
            [
                -0.0,
                0.0,
                -0.0,
                1.0
            ]
        ],
        "camera_location": [
            -11.022122383117676,
            1.6685302257537842,
            1.559960961341858
        ],
        "camera_rotation_euler": [
            1.1093189716339111,
            0.0,
            0.8149281740188599
        ],
        "camera_rotation_quaternion": [
            0.49197766184806824,
            0.4279259741306305,
            -0.497580885887146,
            -0.5720583200454712
        ],
        "focal_length": 50.0,
        "sensor_width": 36.0,
        "sensor_height": 24.0
    },
    "objects": [
        {
            "object_name": "Cube",
            "bbox_2d": {
                "x_min": 664.8866961802221,
                "y_min": 288.40287915573776,
                "x_max": 1214.0661098674743,
                "y_max": 750.9617644310056,
                "width": 549.1794136872522,
                "height": 462.5588852752678,
                "center_x": 939.4764030238482,
                "center_y": 519.6823217933717
            },
            "visible_vertices": 8,
            "total_vertices": 8
        }
    ],
    "metadata": {
        "total_objects": 1,
        "render_settings": {
            "resolution_percentage": 50,
            "file_format": "PNG"
        }
    }
}