{
    "frame": "851",
    "image_filename": "render_851.png",
    "image_resolution": {
        "width": 1920,
        "height": 1080
    },
    "camera_parameters": {
        "intrinsic_matrix": [
            [
                2666.666666666667,
                0,
                960.0
            ],
            [
                0,
                2250.0,
                540.0
            ],
            [
                0,
                0,
                1
            ]
        ],
        "extrinsic_matrix": [
            [
                0.9068846106529236,
                0.42137908935546875,
                2.7939677238464355e-09,
                -4.7623649379602284e-07
            ],
            [
                -0.014637304469943047,
                0.031502172350883484,
                0.9993965029716492,
                1.0802709766721819e-06
            ],
            [
                0.42112478613853455,
                -0.906337320804596,
                0.034736696630716324,
                -11.256316184997559
            ],
            [
                -0.0,
                0.0,
                -0.0,
                1.0
            ]
        ],
        "camera_location": [
            4.740313529968262,
            -10.202018737792969,
            0.3910060524940491
        ],
        "camera_rotation_euler": [
            1.1093189716339111,
            0.0,
            0.8149281740188599
        ],
        "camera_rotation_quaternion": [
            0.7023395895957947,
            0.6783519983291626,
            0.14990070462226868,
            0.15520142018795013
        ],
        "focal_length": 50.0,
        "sensor_width": 36.0,
        "sensor_height": 24.0
    },
    "objects": [
        {
            "object_name": "Cube",
            "bbox_2d": {
                "x_min": 657.4375680609198,
                "y_min": 303.89501537293506,
                "x_max": 1289.910254700915,
                "y_max": 756.778378667347,
                "width": 632.4726866399951,
                "height": 452.883363294412,
                "center_x": 973.6739113809174,
                "center_y": 530.3366970201411
            },
            "visible_vertices": 8,
            "total_vertices": 8
        }
    ],
    "metadata": {
        "total_objects": 1,
        "render_settings": {
            "resolution_percentage": 50,
            "file_format": "PNG"
        }
    }
}