{
    "frame": "472",
    "image_filename": "render_472.png",
    "image_resolution": {
        "width": 1920,
        "height": 1080
    },
    "camera_parameters": {
        "intrinsic_matrix": [
            [
                2666.666666666667,
                0,
                960.0
            ],
            [
                0,
                2250.0,
                540.0
            ],
            [
                0,
                0,
                1
            ]
        ],
        "extrinsic_matrix": [
            [
                0.5442852973937988,
                -0.8389002680778503,
                -1.4901162970204496e-08,
                -4.818909360437829e-07
            ],
            [
                0.13845525681972504,
                0.08983081579208374,
                0.9862862825393677,
                3.297770945209777e-07
            ],
            [
                -0.8273957967758179,
                -0.5368211269378662,
                0.1650436967611313,
                -11.256316184997559
            ],
            [
                -0.0,
                0.0,
                -0.0,
                1.0
            ]
        ],
        "camera_location": [
            -9.313427925109863,
            -6.042628288269043,
            1.8577840328216553
        ],
        "camera_rotation_euler": [
            1.1093189716339111,
            0.0,
            0.8149281740188599
        ],
        "camera_rotation_quaternion": [
            0.6706637740135193,
            0.5677611231803894,
            -0.3084241449832916,
            -0.3643238842487335
        ],
        "focal_length": 50.0,
        "sensor_width": 36.0,
        "sensor_height": 24.0
    },
    "objects": [
        {
            "object_name": "Cube",
            "bbox_2d": {
                "x_min": 635.9319214988097,
                "y_min": 268.27401334233673,
                "x_max": 1301.5053523423655,
                "y_max": 759.4043500312047,
                "width": 665.5734308435558,
                "height": 491.13033668886794,
                "center_x": 968.7186369205876,
                "center_y": 513.8391816867706
            },
            "visible_vertices": 8,
            "total_vertices": 8
        }
    ],
    "metadata": {
        "total_objects": 1,
        "render_settings": {
            "resolution_percentage": 50,
            "file_format": "PNG"
        }
    }
}