{
    "frame": "229",
    "image_filename": "render_229.png",
    "image_resolution": {
        "width": 1920,
        "height": 1080
    },
    "camera_parameters": {
        "intrinsic_matrix": [
            [
                2666.666666666667,
                0,
                960.0
            ],
            [
                0,
                2250.0,
                540.0
            ],
            [
                0,
                0,
                1
            ]
        ],
        "extrinsic_matrix": [
            [
                0.8370999693870544,
                0.5470500588417053,
                1.862645149230957e-08,
                -2.1119950233128293e-09
            ],
            [
                -0.05999352037906647,
                0.09180250018835068,
                0.9939683675765991,
                2.974003336930764e-07
            ],
            [
                0.5437504053115845,
                -0.8320508599281311,
                0.1096673235297203,
                -11.256316184997559
            ],
            [
                -0.0,
                0.0,
                -0.0,
                1.0
            ]
        ],
        "camera_location": [
            6.120626449584961,
            -9.365827560424805,
            1.2344497442245483
        ],
        "camera_rotation_euler": [
            1.1093189716339111,
            0.0,
            0.8149281740188599
        ],
        "camera_rotation_quaternion": [
            0.7138924598693848,
            0.6394587755203247,
            0.19041746854782104,
            0.2125822752714157
        ],
        "focal_length": 50.0,
        "sensor_width": 36.0,
        "sensor_height": 24.0
    },
    "objects": [
        {
            "object_name": "Cube",
            "bbox_2d": {
                "x_min": 637.2117857825247,
                "y_min": 281.94971893849106,
                "x_max": 1299.928914989227,
                "y_max": 745.8679014192726,
                "width": 662.7171292067023,
                "height": 463.9181824807815,
                "center_x": 968.5703503858758,
                "center_y": 513.9088101788818
            },
            "visible_vertices": 8,
            "total_vertices": 8
        }
    ],
    "metadata": {
        "total_objects": 1,
        "render_settings": {
            "resolution_percentage": 50,
            "file_format": "PNG"
        }
    }
}