{
    "frame": "328",
    "image_filename": "render_328.png",
    "image_resolution": {
        "width": 1920,
        "height": 1080
    },
    "camera_parameters": {
        "intrinsic_matrix": [
            [
                2666.666666666667,
                0,
                960.0
            ],
            [
                0,
                2250.0,
                540.0
            ],
            [
                0,
                0,
                1
            ]
        ],
        "extrinsic_matrix": [
            [
                -0.7259929180145264,
                0.6877021789550781,
                1.4901161193847656e-08,
                9.535713729746931e-07
            ],
            [
                0.09258057177066803,
                0.09773537516593933,
                0.9908968210220337,
                7.606474810017971e-07
            ],
            [
                0.6814419031143188,
                0.7193841934204102,
                -0.13462306559085846,
                -11.256317138671875
            ],
            [
                -0.0,
                -0.0,
                -0.0,
                1.0
            ]
        ],
        "camera_location": [
            7.670526027679443,
            8.097614288330078,
            -1.5153603553771973
        ],
        "camera_rotation_euler": [
            1.1093189716339111,
            0.0,
            0.8149281740188599
        ],
        "camera_rotation_quaternion": [
            0.24347451329231262,
            0.2787896692752838,
            0.6997055411338806,
            0.6110717058181763
        ],
        "focal_length": 50.0,
        "sensor_width": 36.0,
        "sensor_height": 24.0
    },
    "objects": [
        {
            "object_name": "Cube",
            "bbox_2d": {
                "x_min": 619.8754425025213,
                "y_min": 327.764214389146,
                "x_max": 1297.81127634693,
                "y_max": 806.036034658935,
                "width": 677.9358338444088,
                "height": 478.27182026978903,
                "center_x": 958.8433594247257,
                "center_y": 566.9001245240405
            },
            "visible_vertices": 8,
            "total_vertices": 8
        }
    ],
    "metadata": {
        "total_objects": 1,
        "render_settings": {
            "resolution_percentage": 50,
            "file_format": "PNG"
        }
    }
}