{
    "frame": "286",
    "image_filename": "render_286.png",
    "image_resolution": {
        "width": 1920,
        "height": 1080
    },
    "camera_parameters": {
        "intrinsic_matrix": [
            [
                2666.666666666667,
                0,
                960.0
            ],
            [
                0,
                2250.0,
                540.0
            ],
            [
                0,
                0,
                1
            ]
        ],
        "extrinsic_matrix": [
            [
                0.08001686632633209,
                0.9967935085296631,
                5.308537254222756e-08,
                4.786764407072042e-07
            ],
            [
                0.08103495836257935,
                -0.006504981312900782,
                0.9966899752616882,
                -1.6178768191821291e-06
            ],
            [
                0.9934940934181213,
                -0.07975191622972488,
                -0.08129554986953735,
                -11.256316184997559
            ],
            [
                -0.0,
                0.0,
                -0.0,
                1.0
            ]
        ],
        "camera_location": [
            11.183084487915039,
            -0.897714376449585,
            -0.9150877594947815
        ],
        "camera_rotation_euler": [
            1.1093189716339111,
            0.0,
            0.8149281740188599
        ],
        "camera_rotation_quaternion": [
            0.4980503022670746,
            0.5403280258178711,
            0.49869173765182495,
            0.4596717953681946
        ],
        "focal_length": 50.0,
        "sensor_width": 36.0,
        "sensor_height": 24.0
    },
    "objects": [
        {
            "object_name": "Cube",
            "bbox_2d": {
                "x_min": 680.161999108404,
                "y_min": 337.50178322296256,
                "x_max": 1202.0106198631395,
                "y_max": 777.6682191659402,
                "width": 521.8486207547355,
                "height": 440.1664359429776,
                "center_x": 941.0863094857717,
                "center_y": 557.5850011944514
            },
            "visible_vertices": 8,
            "total_vertices": 8
        }
    ],
    "metadata": {
        "total_objects": 1,
        "render_settings": {
            "resolution_percentage": 50,
            "file_format": "PNG"
        }
    }
}