{
    "frame": "643",
    "image_filename": "render_643.png",
    "image_resolution": {
        "width": 1920,
        "height": 1080
    },
    "camera_parameters": {
        "intrinsic_matrix": [
            [
                2666.666666666667,
                0,
                960.0
            ],
            [
                0,
                2250.0,
                540.0
            ],
            [
                0,
                0,
                1
            ]
        ],
        "extrinsic_matrix": [
            [
                -0.9932703971862793,
                0.11581636965274811,
                4.284081711602994e-08,
                1.206253728014417e-07
            ],
            [
                0.014595498330891132,
                0.12517446279525757,
                0.9920272827148438,
                -4.822572350349219e-07
            ],
            [
                0.11489300429821014,
                0.9853515625,
                -0.12602226436138153,
                -11.25631332397461
            ],
            [
                -0.0,
                -0.0,
                -0.0,
                1.0
            ]
        ],
        "camera_location": [
            1.2932723760604858,
            11.091429710388184,
            -1.4185489416122437
        ],
        "camera_rotation_euler": [
            1.1093189716339111,
            0.0,
            0.8149281740188599
        ],
        "camera_rotation_quaternion": [
            0.038344841450452805,
            0.04352417215704918,
            0.7490773797035217,
            0.6599382758140564
        ],
        "focal_length": 50.0,
        "sensor_width": 36.0,
        "sensor_height": 24.0
    },
    "objects": [
        {
            "object_name": "Cube",
            "bbox_2d": {
                "x_min": 671.7335956817119,
                "y_min": 331.7879590009736,
                "x_max": 1206.4483016041868,
                "y_max": 787.667773008418,
                "width": 534.7147059224749,
                "height": 455.87981400744434,
                "center_x": 939.0909486429493,
                "center_y": 559.7278660046958
            },
            "visible_vertices": 8,
            "total_vertices": 8
        }
    ],
    "metadata": {
        "total_objects": 1,
        "render_settings": {
            "resolution_percentage": 50,
            "file_format": "PNG"
        }
    }
}