{
    "frame": "432",
    "image_filename": "render_432.png",
    "image_resolution": {
        "width": 1920,
        "height": 1080
    },
    "camera_parameters": {
        "intrinsic_matrix": [
            [
                2666.666666666667,
                0,
                960.0
            ],
            [
                0,
                2250.0,
                540.0
            ],
            [
                0,
                0,
                1
            ]
        ],
        "extrinsic_matrix": [
            [
                0.11749744415283203,
                -0.9930731654167175,
                -1.1175870895385742e-08,
                1.6879013173820567e-06
            ],
            [
                0.14844879508018494,
                0.01756402477622032,
                0.9887641668319702,
                -1.4989883823091077e-07
            ],
            [
                -0.9819151759147644,
                -0.11617723852396011,
                0.14948424696922302,
                -11.256316184997559
            ],
            [
                -0.0,
                0.0,
                -0.0,
                1.0
            ]
        ],
        "camera_location": [
            -11.052746772766113,
            -1.307726263999939,
            1.682641863822937
        ],
        "camera_rotation_euler": [
            1.1093189716339111,
            0.0,
            0.8149281740188599
        ],
        "camera_rotation_quaternion": [
            0.5666890144348145,
            0.48745492100715637,
            -0.4331807792186737,
            -0.5035927891731262
        ],
        "focal_length": 50.0,
        "sensor_width": 36.0,
        "sensor_height": 24.0
    },
    "objects": [
        {
            "object_name": "Cube",
            "bbox_2d": {
                "x_min": 712.6407139716651,
                "y_min": 287.9314815123216,
                "x_max": 1249.1797616037775,
                "y_max": 752.8852012429332,
                "width": 536.5390476321123,
                "height": 464.9537197306116,
                "center_x": 980.9102377877214,
                "center_y": 520.4083413776275
            },
            "visible_vertices": 8,
            "total_vertices": 8
        }
    ],
    "metadata": {
        "total_objects": 1,
        "render_settings": {
            "resolution_percentage": 50,
            "file_format": "PNG"
        }
    }
}