{
    "frame": "890",
    "image_filename": "render_890.png",
    "image_resolution": {
        "width": 1920,
        "height": 1080
    },
    "camera_parameters": {
        "intrinsic_matrix": [
            [
                2666.666666666667,
                0,
                960.0
            ],
            [
                0,
                2250.0,
                540.0
            ],
            [
                0,
                0,
                1
            ]
        ],
        "extrinsic_matrix": [
            [
                -0.35408154129981995,
                -0.9352143406867981,
                -1.8626442610525373e-08,
                -1.447731733605906e-06
            ],
            [
                0.126179039478302,
                -0.047772567719221115,
                0.9908563494682312,
                4.248401239692612e-07
            ],
            [
                -0.9266631603240967,
                0.3508441150188446,
                0.13492003083229065,
                -11.25631332397461
            ],
            [
                -0.0,
                0.0,
                -0.0,
                1.0
            ]
        ],
        "camera_location": [
            -10.430816650390625,
            3.9492106437683105,
            1.518700361251831
        ],
        "camera_rotation_euler": [
            1.1093189716339111,
            0.0,
            0.8149281740188599
        ],
        "camera_rotation_quaternion": [
            0.4280962646007538,
            0.37375491857528687,
            -0.541153609752655,
            -0.6198334693908691
        ],
        "focal_length": 50.0,
        "sensor_width": 36.0,
        "sensor_height": 24.0
    },
    "objects": [
        {
            "object_name": "Cube",
            "bbox_2d": {
                "x_min": 633.9752395194382,
                "y_min": 280.8653256809753,
                "x_max": 1253.926978641953,
                "y_max": 751.375095760465,
                "width": 619.9517391225147,
                "height": 470.5097700794897,
                "center_x": 943.9511090806956,
                "center_y": 516.1202107207201
            },
            "visible_vertices": 8,
            "total_vertices": 8
        }
    ],
    "metadata": {
        "total_objects": 1,
        "render_settings": {
            "resolution_percentage": 50,
            "file_format": "PNG"
        }
    }
}