{
    "frame": "75",
    "image_filename": "render_075.png",
    "image_resolution": {
        "width": 1920,
        "height": 1080
    },
    "camera_parameters": {
        "intrinsic_matrix": [
            [
                2666.666666666667,
                0,
                960.0
            ],
            [
                0,
                2250.0,
                540.0
            ],
            [
                0,
                0,
                1
            ]
        ],
        "extrinsic_matrix": [
            [
                -0.9692249298095703,
                0.2461768090724945,
                -5.168840289115906e-08,
                -2.385432935625431e-07
            ],
            [
                -0.005018268246203661,
                -0.019757261499762535,
                0.999792218208313,
                3.514379613989149e-07
            ],
            [
                0.24612565338611603,
                0.9690235257148743,
                0.02038460597395897,
                -11.256316184997559
            ],
            [
                -0.0,
                -0.0,
                -0.0,
                1.0
            ]
        ],
        "camera_location": [
            2.77046799659729,
            10.907635688781738,
            0.22945529222488403
        ],
        "camera_rotation_euler": [
            1.1093189716339111,
            0.0,
            0.8149281740188599
        ],
        "camera_rotation_quaternion": [
            0.08860363066196442,
            0.0868154838681221,
            0.6944571733474731,
            0.708760678768158
        ],
        "focal_length": 50.0,
        "sensor_width": 36.0,
        "sensor_height": 24.0
    },
    "objects": [
        {
            "object_name": "Cube",
            "bbox_2d": {
                "x_min": 651.7093133606351,
                "y_min": 310.882607199301,
                "x_max": 1231.0191591926957,
                "y_max": 758.9238496630804,
                "width": 579.3098458320607,
                "height": 448.04124246377944,
                "center_x": 941.3642362766655,
                "center_y": 534.9032284311907
            },
            "visible_vertices": 8,
            "total_vertices": 8
        }
    ],
    "metadata": {
        "total_objects": 1,
        "render_settings": {
            "resolution_percentage": 50,
            "file_format": "PNG"
        }
    }
}