{
    "frame": "250",
    "image_filename": "render_250.png",
    "image_resolution": {
        "width": 1920,
        "height": 1080
    },
    "camera_parameters": {
        "intrinsic_matrix": [
            [
                2666.666666666667,
                0,
                960.0
            ],
            [
                0,
                2250.0,
                540.0
            ],
            [
                0,
                0,
                1
            ]
        ],
        "extrinsic_matrix": [
            [
                0.6472703814506531,
                -0.7622604370117188,
                -8.940694584680386e-08,
                4.7579743522874196e-07
            ],
            [
                0.10099580883979797,
                0.085760198533535,
                0.9911835193634033,
                -2.3661159502808005e-06
            ],
            [
                -0.7555400729179382,
                -0.6415637731552124,
                0.1324951946735382,
                -11.256314277648926
            ],
            [
                -0.0,
                0.0,
                -0.0,
                1.0
            ]
        ],
        "camera_location": [
            -8.504597663879395,
            -7.221645355224609,
            1.4914097785949707
        ],
        "camera_rotation_euler": [
            1.1093189716339111,
            0.0,
            0.8149281740188599
        ],
        "camera_rotation_quaternion": [
            0.6829213500022888,
            0.5977070927619934,
            -0.27658388018608093,
            -0.3160160481929779
        ],
        "focal_length": 50.0,
        "sensor_width": 36.0,
        "sensor_height": 24.0
    },
    "objects": [
        {
            "object_name": "Cube",
            "bbox_2d": {
                "x_min": 625.5260498776147,
                "y_min": 274.7430614619766,
                "x_max": 1301.3988537439152,
                "y_max": 751.6743836934013,
                "width": 675.8728038663005,
                "height": 476.9313222314247,
                "center_x": 963.462451810765,
                "center_y": 513.208722577689
            },
            "visible_vertices": 8,
            "total_vertices": 8
        }
    ],
    "metadata": {
        "total_objects": 1,
        "render_settings": {
            "resolution_percentage": 50,
            "file_format": "PNG"
        }
    }
}