{
    "frame": "13",
    "image_filename": "render_013.png",
    "image_resolution": {
        "width": 1920,
        "height": 1080
    },
    "camera_parameters": {
        "intrinsic_matrix": [
            [
                2666.666666666667,
                0,
                960.0
            ],
            [
                0,
                2250.0,
                540.0
            ],
            [
                0,
                0,
                1
            ]
        ],
        "extrinsic_matrix": [
            [
                0.7536641359329224,
                -0.6572597622871399,
                2.9802322387695312e-08,
                -9.497907740296796e-07
            ],
            [
                0.1081162691116333,
                0.12397440522909164,
                0.9863778352737427,
                4.2623426566024136e-07
            ],
            [
                -0.6483064293861389,
                -0.7433976531028748,
                0.1644955277442932,
                -11.256316184997559
            ],
            [
                -0.0,
                0.0,
                -0.0,
                1.0
            ]
        ],
        "camera_location": [
            -7.297541618347168,
            -8.367918968200684,
            1.8516132831573486
        ],
        "camera_rotation_euler": [
            1.1093189716339111,
            0.0,
            0.8149281740188599
        ],
        "camera_rotation_quaternion": [
            0.7145163416862488,
            0.6052260994911194,
            -0.22683405876159668,
            -0.2677951753139496
        ],
        "focal_length": 50.0,
        "sensor_width": 36.0,
        "sensor_height": 24.0
    },
    "objects": [
        {
            "object_name": "Cube",
            "bbox_2d": {
                "x_min": 617.8563449807837,
                "y_min": 266.6403807210571,
                "x_max": 1296.3275095968481,
                "y_max": 759.6138657871504,
                "width": 678.4711646160645,
                "height": 492.9734850660933,
                "center_x": 957.0919272888159,
                "center_y": 513.1271232541037
            },
            "visible_vertices": 8,
            "total_vertices": 8
        }
    ],
    "metadata": {
        "total_objects": 1,
        "render_settings": {
            "resolution_percentage": 50,
            "file_format": "PNG"
        }
    }
}