{
    "frame": "881",
    "image_filename": "render_881.png",
    "image_resolution": {
        "width": 1920,
        "height": 1080
    },
    "camera_parameters": {
        "intrinsic_matrix": [
            [
                2666.666666666667,
                0,
                960.0
            ],
            [
                0,
                2250.0,
                540.0
            ],
            [
                0,
                0,
                1
            ]
        ],
        "extrinsic_matrix": [
            [
                -0.7305994629859924,
                -0.6828063130378723,
                5.960465188081798e-08,
                4.7257739765882434e-07
            ],
            [
                -0.07213922590017319,
                0.07718867808580399,
                0.9944032430648804,
                8.017570962692844e-07
            ],
            [
                -0.6789848208427429,
                0.7265104651451111,
                -0.10565118491649628,
                -11.256316184997559
            ],
            [
                0.0,
                0.0,
                -0.0,
                1.0
            ]
        ],
        "camera_location": [
            -7.642867088317871,
            8.177831649780273,
            -1.1892433166503906
        ],
        "camera_rotation_euler": [
            1.1093189716339111,
            0.0,
            0.8149281740188599
        ],
        "camera_rotation_quaternion": [
            0.2454272210597992,
            0.2728841304779053,
            -0.6916356086730957,
            -0.6220449209213257
        ],
        "focal_length": 50.0,
        "sensor_width": 36.0,
        "sensor_height": 24.0
    },
    "objects": [
        {
            "object_name": "Cube",
            "bbox_2d": {
                "x_min": 623.4203571167607,
                "y_min": 335.04932957306687,
                "x_max": 1299.4608625220476,
                "y_max": 798.4647241295548,
                "width": 676.0405054052869,
                "height": 463.41539455648797,
                "center_x": 961.4406098194041,
                "center_y": 566.7570268513109
            },
            "visible_vertices": 8,
            "total_vertices": 8
        }
    ],
    "metadata": {
        "total_objects": 1,
        "render_settings": {
            "resolution_percentage": 50,
            "file_format": "PNG"
        }
    }
}