{
    "frame": "572",
    "image_filename": "render_572.png",
    "image_resolution": {
        "width": 1920,
        "height": 1080
    },
    "camera_parameters": {
        "intrinsic_matrix": [
            [
                2666.666666666667,
                0,
                960.0
            ],
            [
                0,
                2250.0,
                540.0
            ],
            [
                0,
                0,
                1
            ]
        ],
        "extrinsic_matrix": [
            [
                0.2526323199272156,
                -0.9675623774528503,
                6.891787762697277e-08,
                -7.167321314227593e-07
            ],
            [
                -0.04714333266019821,
                -0.012309164740145206,
                0.9988123178482056,
                4.1875659917423036e-07
            ],
            [
                -0.9664131999015808,
                -0.25233229994773865,
                -0.04872382432222366,
                -11.256317138671875
            ],
            [
                -0.0,
                0.0,
                -0.0,
                1.0
            ]
        ],
        "camera_location": [
            -10.878252029418945,
            -2.840332269668579,
            -0.5484509468078613
        ],
        "camera_rotation_euler": [
            1.1093189716339111,
            0.0,
            0.8149281740188599
        ],
        "camera_rotation_quaternion": [
            0.5458020567893982,
            0.5730762481689453,
            -0.442657470703125,
            -0.4215902090072632
        ],
        "focal_length": 50.0,
        "sensor_width": 36.0,
        "sensor_height": 24.0
    },
    "objects": [
        {
            "object_name": "Cube",
            "bbox_2d": {
                "x_min": 687.0643063554722,
                "y_min": 328.40815615444853,
                "x_max": 1270.082525654932,
                "y_max": 776.0724815712039,
                "width": 583.0182192994597,
                "height": 447.66432541675533,
                "center_x": 978.573416005202,
                "center_y": 552.2403188628261
            },
            "visible_vertices": 8,
            "total_vertices": 8
        }
    ],
    "metadata": {
        "total_objects": 1,
        "render_settings": {
            "resolution_percentage": 50,
            "file_format": "PNG"
        }
    }
}