{
    "frame": "936",
    "image_filename": "render_936.png",
    "image_resolution": {
        "width": 1920,
        "height": 1080
    },
    "camera_parameters": {
        "intrinsic_matrix": [
            [
                2666.666666666667,
                0,
                960.0
            ],
            [
                0,
                2250.0,
                540.0
            ],
            [
                0,
                0,
                1
            ]
        ],
        "extrinsic_matrix": [
            [
                -0.7030888199806213,
                -0.7111020088195801,
                -7.450579886381092e-08,
                1.4671995562931528e-10
            ],
            [
                0.07282339036464691,
                -0.07200285792350769,
                0.9947422742843628,
                2.5287701532761275e-07
            ],
            [
                -0.7073632478713989,
                0.6993922591209412,
                0.10240929573774338,
                -11.256316184997559
            ],
            [
                0.0,
                0.0,
                -0.0,
                1.0
            ]
        ],
        "camera_location": [
            -7.962304592132568,
            7.872580051422119,
            1.152750849723816
        ],
        "camera_rotation_euler": [
            1.1093189716339111,
            0.0,
            0.8149281740188599
        ],
        "camera_rotation_quaternion": [
            0.28605836629867554,
            0.25812047719955444,
            -0.6181983351707458,
            -0.6851096749305725
        ],
        "focal_length": 50.0,
        "sensor_width": 36.0,
        "sensor_height": 24.0
    },
    "objects": [
        {
            "object_name": "Cube",
            "bbox_2d": {
                "x_min": 621.6546712298867,
                "y_min": 282.3596821472149,
                "x_max": 1297.8621255937853,
                "y_max": 744.1317374657851,
                "width": 676.2074543638986,
                "height": 461.7720553185702,
                "center_x": 959.758398411836,
                "center_y": 513.2457098065
            },
            "visible_vertices": 8,
            "total_vertices": 8
        }
    ],
    "metadata": {
        "total_objects": 1,
        "render_settings": {
            "resolution_percentage": 50,
            "file_format": "PNG"
        }
    }
}