{
    "frame": "16",
    "image_filename": "render_016.png",
    "image_resolution": {
        "width": 1920,
        "height": 1080
    },
    "camera_parameters": {
        "intrinsic_matrix": [
            [
                2666.666666666667,
                0,
                960.0
            ],
            [
                0,
                2250.0,
                540.0
            ],
            [
                0,
                0,
                1
            ]
        ],
        "extrinsic_matrix": [
            [
                0.9100221991539001,
                0.41455963253974915,
                1.862644793959589e-08,
                -4.008753329287629e-09
            ],
            [
                -0.05304669588804245,
                0.11644573509693146,
                0.9917793273925781,
                -2.081664661091054e-06
            ],
            [
                0.4111517071723938,
                -0.9025411009788513,
                0.1279592365026474,
                -11.256316184997559
            ],
            [
                -0.0,
                0.0,
                -0.0,
                1.0
            ]
        ],
        "camera_location": [
            4.628053665161133,
            -10.15929126739502,
            1.4403518438339233
        ],
        "camera_rotation_euler": [
            1.1093189716339111,
            0.0,
            0.8149281740188599
        ],
        "camera_rotation_quaternion": [
            0.7338984608650208,
            0.6452939510345459,
            0.14005744457244873,
            0.15928852558135986
        ],
        "focal_length": 50.0,
        "sensor_width": 36.0,
        "sensor_height": 24.0
    },
    "objects": [
        {
            "object_name": "Cube",
            "bbox_2d": {
                "x_min": 656.015882443914,
                "y_min": 280.5446842786648,
                "x_max": 1292.0700420044143,
                "y_max": 750.0021097717499,
                "width": 636.0541595605002,
                "height": 469.4574254930851,
                "center_x": 974.0429622241642,
                "center_y": 515.2733970252074
            },
            "visible_vertices": 8,
            "total_vertices": 8
        }
    ],
    "metadata": {
        "total_objects": 1,
        "render_settings": {
            "resolution_percentage": 50,
            "file_format": "PNG"
        }
    }
}