{
    "frame": "702",
    "image_filename": "render_702.png",
    "image_resolution": {
        "width": 1920,
        "height": 1080
    },
    "camera_parameters": {
        "intrinsic_matrix": [
            [
                2666.666666666667,
                0,
                960.0
            ],
            [
                0,
                2250.0,
                540.0
            ],
            [
                0,
                0,
                1
            ]
        ],
        "extrinsic_matrix": [
            [
                -0.00458498252555728,
                0.9999895691871643,
                -2.0820885993089178e-07,
                4.842396492676926e-07
            ],
            [
                0.12319349497556686,
                0.0005649638478644192,
                0.9923825860023499,
                1.4308000118035125e-06
            ],
            [
                0.9923721551895142,
                0.00454995222389698,
                -0.1231948733329773,
                -11.256319046020508
            ],
            [
                -0.0,
                0.0,
                0.0,
                1.0
            ]
        ],
        "camera_location": [
            11.170454025268555,
            0.051216091960668564,
            -1.3867207765579224
        ],
        "camera_rotation_euler": [
            1.1093189716339111,
            0.0,
            0.8149281740188599
        ],
        "camera_rotation_quaternion": [
            0.4671148955821991,
            0.5286882519721985,
            0.5311179161071777,
            0.4692614674568176
        ],
        "focal_length": 50.0,
        "sensor_width": 36.0,
        "sensor_height": 24.0
    },
    "objects": [
        {
            "object_name": "Cube",
            "bbox_2d": {
                "x_min": 698.1253792056348,
                "y_min": 332.9674598198403,
                "x_max": 1224.0496629103638,
                "y_max": 781.8780013607134,
                "width": 525.9242837047291,
                "height": 448.91054154087306,
                "center_x": 961.0875210579993,
                "center_y": 557.4227305902768
            },
            "visible_vertices": 8,
            "total_vertices": 8
        }
    ],
    "metadata": {
        "total_objects": 1,
        "render_settings": {
            "resolution_percentage": 50,
            "file_format": "PNG"
        }
    }
}