{
    "frame": "307",
    "image_filename": "render_307.png",
    "image_resolution": {
        "width": 1920,
        "height": 1080
    },
    "camera_parameters": {
        "intrinsic_matrix": [
            [
                2666.666666666667,
                0,
                960.0
            ],
            [
                0,
                2250.0,
                540.0
            ],
            [
                0,
                0,
                1
            ]
        ],
        "extrinsic_matrix": [
            [
                0.8909047842025757,
                -0.4541899859905243,
                -1.2293455142753373e-07,
                -4.7651562340433884e-07
            ],
            [
                -0.05450562760233879,
                -0.10691427439451218,
                0.9927730560302734,
                -3.331898597025429e-06
            ],
            [
                -0.4509076178073883,
                -0.8844662308692932,
                -0.12000633776187897,
                -11.256314277648926
            ],
            [
                -0.0,
                0.0,
                -0.0,
                1.0
            ]
        ],
        "camera_location": [
            -5.075558662414551,
            -9.955833435058594,
            -1.3508261442184448
        ],
        "camera_rotation_euler": [
            1.1093189716339111,
            0.0,
            0.8149281740188599
        ],
        "camera_rotation_quaternion": [
            0.6449776291847229,
            0.727637529373169,
            -0.17477646470069885,
            -0.15492184460163116
        ],
        "focal_length": 50.0,
        "sensor_width": 36.0,
        "sensor_height": 24.0
    },
    "objects": [
        {
            "object_name": "Cube",
            "bbox_2d": {
                "x_min": 624.8600814222718,
                "y_min": 331.77294011564595,
                "x_max": 1270.0226367699088,
                "y_max": 798.6336308883835,
                "width": 645.162555347637,
                "height": 466.8606907727376,
                "center_x": 947.4413590960903,
                "center_y": 565.2032855020148
            },
            "visible_vertices": 8,
            "total_vertices": 8
        }
    ],
    "metadata": {
        "total_objects": 1,
        "render_settings": {
            "resolution_percentage": 50,
            "file_format": "PNG"
        }
    }
}