{
    "frame": "107",
    "image_filename": "render_107.png",
    "image_resolution": {
        "width": 1920,
        "height": 1080
    },
    "camera_parameters": {
        "intrinsic_matrix": [
            [
                2666.666666666667,
                0,
                960.0
            ],
            [
                0,
                2250.0,
                540.0
            ],
            [
                0,
                0,
                1
            ]
        ],
        "extrinsic_matrix": [
            [
                -0.8348196744918823,
                0.550523579120636,
                -9.872020001466808e-08,
                -1.0548895784667778e-10
            ],
            [
                -0.02275603637099266,
                -0.03450732305645943,
                0.9991453289985657,
                1.1406906423871987e-06
            ],
            [
                0.550053060054779,
                0.8341062068939209,
                0.04133510962128639,
                -11.256316184997559
            ],
            [
                -0.0,
                -0.0,
                -0.0,
                1.0
            ]
        ],
        "camera_location": [
            6.19157075881958,
            9.388962745666504,
            0.46528008580207825
        ],
        "camera_rotation_euler": [
            1.1093189716339111,
            0.0,
            0.8149281740188599
        ],
        "camera_rotation_quaternion": [
            0.20736932754516602,
            0.19896768033504486,
            0.6631321907043457,
            0.6911334991455078
        ],
        "focal_length": 50.0,
        "sensor_width": 36.0,
        "sensor_height": 24.0
    },
    "objects": [
        {
            "object_name": "Cube",
            "bbox_2d": {
                "x_min": 622.0370713697575,
                "y_min": 300.2341348766961,
                "x_max": 1281.2660175109868,
                "y_max": 755.5706763944307,
                "width": 659.2289461412292,
                "height": 455.33654151773464,
                "center_x": 951.6515444403722,
                "center_y": 527.9024056355634
            },
            "visible_vertices": 8,
            "total_vertices": 8
        }
    ],
    "metadata": {
        "total_objects": 1,
        "render_settings": {
            "resolution_percentage": 50,
            "file_format": "PNG"
        }
    }
}