{
    "frame": "713",
    "image_filename": "render_713.png",
    "image_resolution": {
        "width": 1920,
        "height": 1080
    },
    "camera_parameters": {
        "intrinsic_matrix": [
            [
                2666.666666666667,
                0,
                960.0
            ],
            [
                0,
                2250.0,
                540.0
            ],
            [
                0,
                0,
                1
            ]
        ],
        "extrinsic_matrix": [
            [
                -0.998938798904419,
                -0.04605410248041153,
                9.406355871988126e-08,
                6.013309672425748e-08
            ],
            [
                0.004819691646844149,
                -0.10453970730304718,
                0.9945089817047119,
                -9.550641379973968e-07
            ],
            [
                -0.04580121114850044,
                0.9934536814689636,
                0.1046508252620697,
                -11.256314277648926
            ],
            [
                -0.0,
                0.0,
                -0.0,
                1.0
            ]
        ],
        "camera_location": [
            -0.5155529379844666,
            11.182629585266113,
            1.177983045578003
        ],
        "camera_rotation_euler": [
            1.1093189716339111,
            0.0,
            0.8149281740188599
        ],
        "camera_rotation_quaternion": [
            0.017117958515882492,
            0.01541110873222351,
            -0.6689074039459229,
            -0.7429888248443604
        ],
        "focal_length": 50.0,
        "sensor_width": 36.0,
        "sensor_height": 24.0
    },
    "objects": [
        {
            "object_name": "Cube",
            "bbox_2d": {
                "x_min": 708.7219548452075,
                "y_min": 299.3707024781629,
                "x_max": 1233.0933442470543,
                "y_max": 743.7337698848418,
                "width": 524.3713894018468,
                "height": 444.36306740667885,
                "center_x": 970.9076495461309,
                "center_y": 521.5522361815024
            },
            "visible_vertices": 8,
            "total_vertices": 8
        }
    ],
    "metadata": {
        "total_objects": 1,
        "render_settings": {
            "resolution_percentage": 50,
            "file_format": "PNG"
        }
    }
}