{
    "frame": "743",
    "image_filename": "render_743.png",
    "image_resolution": {
        "width": 1920,
        "height": 1080
    },
    "camera_parameters": {
        "intrinsic_matrix": [
            [
                2666.666666666667,
                0,
                960.0
            ],
            [
                0,
                2250.0,
                540.0
            ],
            [
                0,
                0,
                1
            ]
        ],
        "extrinsic_matrix": [
            [
                -0.011418184265494347,
                -0.9999348521232605,
                -5.064066943560874e-09,
                -2.014701067309943e-06
            ],
            [
                -0.05497764050960541,
                0.0006277653737924993,
                0.9984874725341797,
                4.185239674825425e-07
            ],
            [
                -0.998422384262085,
                0.011400898918509483,
                -0.05498123914003372,
                -11.256316184997559
            ],
            [
                -0.0,
                0.0,
                -0.0,
                1.0
            ]
        ],
        "camera_location": [
            -11.238556861877441,
            0.1283302754163742,
            -0.618886411190033
        ],
        "camera_rotation_euler": [
            1.1093189716339111,
            0.0,
            0.8149281740188599
        ],
        "camera_rotation_quaternion": [
            0.48327744007110596,
            0.5106210112571716,
            -0.5164850354194641,
            -0.4888274669647217
        ],
        "focal_length": 50.0,
        "sensor_width": 36.0,
        "sensor_height": 24.0
    },
    "objects": [
        {
            "object_name": "Cube",
            "bbox_2d": {
                "x_min": 695.9650289068791,
                "y_min": 331.83818102385476,
                "x_max": 1218.6514856256565,
                "y_max": 770.2301265131742,
                "width": 522.6864567187774,
                "height": 438.3919454893195,
                "center_x": 957.3082572662678,
                "center_y": 551.0341537685144
            },
            "visible_vertices": 8,
            "total_vertices": 8
        }
    ],
    "metadata": {
        "total_objects": 1,
        "render_settings": {
            "resolution_percentage": 50,
            "file_format": "PNG"
        }
    }
}