{
    "frame": "910",
    "image_filename": "render_910.png",
    "image_resolution": {
        "width": 1920,
        "height": 1080
    },
    "camera_parameters": {
        "intrinsic_matrix": [
            [
                2666.666666666667,
                0,
                960.0
            ],
            [
                0,
                2250.0,
                540.0
            ],
            [
                0,
                0,
                1
            ]
        ],
        "extrinsic_matrix": [
            [
                -0.9173303246498108,
                0.3981269598007202,
                -5.681067705154419e-08,
                -4.76817348271652e-07
            ],
            [
                0.012631085701286793,
                0.029103627428412437,
                0.9994966387748718,
                6.202862437021395e-07
            ],
            [
                0.39792653918266296,
                0.9168685078620911,
                -0.031726397573947906,
                -11.256315231323242
            ],
            [
                -0.0,
                0.0,
                0.0,
                1.0
            ]
        ],
        "camera_location": [
            4.479186534881592,
            10.320562362670898,
            -0.35712316632270813
        ],
        "camera_rotation_euler": [
            1.1093189716339111,
            0.0,
            0.8149281740188599
        ],
        "camera_rotation_quaternion": [
            0.1414627879858017,
            0.14602436125278473,
            0.7032354474067688,
            0.681267261505127
        ],
        "focal_length": 50.0,
        "sensor_width": 36.0,
        "sensor_height": 24.0
    },
    "objects": [
        {
            "object_name": "Cube",
            "bbox_2d": {
                "x_min": 632.3331959103784,
                "y_min": 322.54210641494524,
                "x_max": 1258.708040762867,
                "y_max": 774.9056508037565,
                "width": 626.3748448524886,
                "height": 452.3635443888113,
                "center_x": 945.5206183366228,
                "center_y": 548.7238786093509
            },
            "visible_vertices": 8,
            "total_vertices": 8
        }
    ],
    "metadata": {
        "total_objects": 1,
        "render_settings": {
            "resolution_percentage": 50,
            "file_format": "PNG"
        }
    }
}