{
    "frame": "318",
    "image_filename": "render_318.png",
    "image_resolution": {
        "width": 1920,
        "height": 1080
    },
    "camera_parameters": {
        "intrinsic_matrix": [
            [
                2666.666666666667,
                0,
                960.0
            ],
            [
                0,
                2250.0,
                540.0
            ],
            [
                0,
                0,
                1
            ]
        ],
        "extrinsic_matrix": [
            [
                -0.09120068699121475,
                0.9958324432373047,
                9.685751223287298e-08,
                5.966689968772698e-07
            ],
            [
                -0.0451028048992157,
                -0.00413057766854763,
                0.9989737868309021,
                -6.010367314956966e-07
            ],
            [
                0.9948105812072754,
                0.09110724925994873,
                0.0452917143702507,
                -11.256315231323242
            ],
            [
                -0.0,
                -0.0,
                -0.0,
                1.0
            ]
        ],
        "camera_location": [
            11.19790267944336,
            1.0255297422409058,
            0.5098166465759277
        ],
        "camera_rotation_euler": [
            1.1093189716339111,
            0.0,
            0.8149281740188599
        ],
        "camera_rotation_quaternion": [
            0.4873296022415161,
            0.465735524892807,
            0.510337769985199,
            0.5339998006820679
        ],
        "focal_length": 50.0,
        "sensor_width": 36.0,
        "sensor_height": 24.0
    },
    "objects": [
        {
            "object_name": "Cube",
            "bbox_2d": {
                "x_min": 720.7245317168603,
                "y_min": 309.13279880760933,
                "x_max": 1241.2324638145656,
                "y_max": 751.0510853971807,
                "width": 520.5079320977053,
                "height": 441.9182865895714,
                "center_x": 980.978497765713,
                "center_y": 530.091942102395
            },
            "visible_vertices": 8,
            "total_vertices": 8
        }
    ],
    "metadata": {
        "total_objects": 1,
        "render_settings": {
            "resolution_percentage": 50,
            "file_format": "PNG"
        }
    }
}