{
    "frame": "590",
    "image_filename": "render_590.png",
    "image_resolution": {
        "width": 1920,
        "height": 1080
    },
    "camera_parameters": {
        "intrinsic_matrix": [
            [
                2666.666666666667,
                0,
                960.0
            ],
            [
                0,
                2250.0,
                540.0
            ],
            [
                0,
                0,
                1
            ]
        ],
        "extrinsic_matrix": [
            [
                -0.2890052795410156,
                -0.9573271870613098,
                -3.091989242420823e-07,
                -2.476701297382533e-07
            ],
            [
                0.16028957068920135,
                -0.04838962480425835,
                0.9858829379081726,
                -2.6377329049864784e-06
            ],
            [
                -0.9438128471374512,
                0.28492555022239685,
                0.1674346774816513,
                -11.256315231323242
            ],
            [
                0.0,
                0.0,
                -0.0,
                1.0
            ]
        ],
        "camera_location": [
            -10.623858451843262,
            3.2072110176086426,
            1.8846983909606934
        ],
        "camera_rotation_euler": [
            1.1093189716339111,
            0.0,
            0.8149281740188599
        ],
        "camera_rotation_quaternion": [
            0.4555325508117676,
            0.3846912980079651,
            -0.5179722309112549,
            -0.6133574843406677
        ],
        "focal_length": 50.0,
        "sensor_width": 36.0,
        "sensor_height": 24.0
    },
    "objects": [
        {
            "object_name": "Cube",
            "bbox_2d": {
                "x_min": 641.3467072141559,
                "y_min": 276.36410918216643,
                "x_max": 1242.9094710442062,
                "y_max": 758.204403215092,
                "width": 601.5627638300502,
                "height": 481.8402940329256,
                "center_x": 942.128089129181,
                "center_y": 517.2842561986292
            },
            "visible_vertices": 8,
            "total_vertices": 8
        }
    ],
    "metadata": {
        "total_objects": 1,
        "render_settings": {
            "resolution_percentage": 50,
            "file_format": "PNG"
        }
    }
}