{
    "frame": "270",
    "image_filename": "render_270.png",
    "image_resolution": {
        "width": 1920,
        "height": 1080
    },
    "camera_parameters": {
        "intrinsic_matrix": [
            [
                2666.666666666667,
                0,
                960.0
            ],
            [
                0,
                2250.0,
                540.0
            ],
            [
                0,
                0,
                1
            ]
        ],
        "extrinsic_matrix": [
            [
                0.769579291343689,
                0.6385511159896851,
                1.1548392819804576e-07,
                -4.833694333683525e-07
            ],
            [
                0.08026686310768127,
                -0.09673725068569183,
                0.992067813873291,
                -2.7014141323888907e-06
            ],
            [
                0.6334862112998962,
                -0.7634747624397278,
                -0.125701442360878,
                -11.256312370300293
            ],
            [
                -0.0,
                0.0,
                -0.0,
                1.0
            ]
        ],
        "camera_location": [
            7.130722522735596,
            -8.593916893005371,
            -1.414933443069458
        ],
        "camera_rotation_euler": [
            1.1093189716339111,
            0.0,
            0.8149281740188599
        ],
        "camera_rotation_quaternion": [
            0.621920645236969,
            0.7056943774223328,
            0.25464922189712524,
            0.22441953420639038
        ],
        "focal_length": 50.0,
        "sensor_width": 36.0,
        "sensor_height": 24.0
    },
    "objects": [
        {
            "object_name": "Cube",
            "bbox_2d": {
                "x_min": 626.5352540633313,
                "y_min": 330.029700856669,
                "x_max": 1301.345766924153,
                "y_max": 803.4343170930672,
                "width": 674.8105128608216,
                "height": 473.40461623639817,
                "center_x": 963.9405104937421,
                "center_y": 566.7320089748681
            },
            "visible_vertices": 8,
            "total_vertices": 8
        }
    ],
    "metadata": {
        "total_objects": 1,
        "render_settings": {
            "resolution_percentage": 50,
            "file_format": "PNG"
        }
    }
}