{
    "frame": "440",
    "image_filename": "render_440.png",
    "image_resolution": {
        "width": 1920,
        "height": 1080
    },
    "camera_parameters": {
        "intrinsic_matrix": [
            [
                2666.666666666667,
                0,
                960.0
            ],
            [
                0,
                2250.0,
                540.0
            ],
            [
                0,
                0,
                1
            ]
        ],
        "extrinsic_matrix": [
            [
                -0.6161908507347107,
                -0.7875966429710388,
                4.097817907222634e-08,
                9.537728828945546e-07
            ],
            [
                -0.03146550431847572,
                0.02461777627468109,
                0.9992015361785889,
                -6.979586260058568e-07
            ],
            [
                -0.7869678735733032,
                0.6156989336013794,
                -0.03995121642947197,
                -11.256315231323242
            ],
            [
                0.0,
                0.0,
                -0.0,
                1.0
            ]
        ],
        "camera_location": [
            -8.858360290527344,
            6.930502891540527,
            -0.44970470666885376
        ],
        "camera_rotation_euler": [
            1.1093189716339111,
            0.0,
            0.8149281740188599
        ],
        "camera_rotation_quaternion": [
            0.3035109341144562,
            0.3158887028694153,
            -0.6482206583023071,
            -0.6228206157684326
        ],
        "focal_length": 50.0,
        "sensor_width": 36.0,
        "sensor_height": 24.0
    },
    "objects": [
        {
            "object_name": "Cube",
            "bbox_2d": {
                "x_min": 621.0770926559336,
                "y_min": 323.76980436731026,
                "x_max": 1288.7277230499121,
                "y_max": 779.9924636292121,
                "width": 667.6506303939785,
                "height": 456.22265926190187,
                "center_x": 954.9024078529228,
                "center_y": 551.8811339982612
            },
            "visible_vertices": 8,
            "total_vertices": 8
        }
    ],
    "metadata": {
        "total_objects": 1,
        "render_settings": {
            "resolution_percentage": 50,
            "file_format": "PNG"
        }
    }
}