{
    "frame": "160",
    "image_filename": "render_160.png",
    "image_resolution": {
        "width": 1920,
        "height": 1080
    },
    "camera_parameters": {
        "intrinsic_matrix": [
            [
                2666.666666666667,
                0,
                960.0
            ],
            [
                0,
                2250.0,
                540.0
            ],
            [
                0,
                0,
                1
            ]
        ],
        "extrinsic_matrix": [
            [
                0.8997592926025391,
                -0.4363865256309509,
                6.332993507385254e-08,
                -9.57381985244865e-07
            ],
            [
                0.029821040108799934,
                0.061486344784498215,
                0.9976623058319092,
                -5.720972353628895e-07
            ],
            [
                -0.4353663921356201,
                -0.8976559042930603,
                0.06833641231060028,
                -11.256315231323242
            ],
            [
                -0.0,
                0.0,
                -0.0,
                1.0
            ]
        ],
        "camera_location": [
            -4.900620937347412,
            -10.104299545288086,
            0.769216775894165
        ],
        "camera_rotation_euler": [
            1.1093189716339111,
            0.0,
            0.8149281740188599
        ],
        "camera_rotation_quaternion": [
            0.7123169898986816,
            0.6651948094367981,
            -0.15279941260814667,
            -0.1636236310005188
        ],
        "focal_length": 50.0,
        "sensor_width": 36.0,
        "sensor_height": 24.0
    },
    "objects": [
        {
            "object_name": "Cube",
            "bbox_2d": {
                "x_min": 627.8019330114612,
                "y_min": 294.7764197717988,
                "x_max": 1265.834829707981,
                "y_max": 746.9311316738263,
                "width": 638.0328966965199,
                "height": 452.15471190202743,
                "center_x": 946.8183813597211,
                "center_y": 520.8537757228125
            },
            "visible_vertices": 8,
            "total_vertices": 8
        }
    ],
    "metadata": {
        "total_objects": 1,
        "render_settings": {
            "resolution_percentage": 50,
            "file_format": "PNG"
        }
    }
}