{
    "frame": "525",
    "image_filename": "render_525.png",
    "image_resolution": {
        "width": 1920,
        "height": 1080
    },
    "camera_parameters": {
        "intrinsic_matrix": [
            [
                2666.666666666667,
                0,
                960.0
            ],
            [
                0,
                2250.0,
                540.0
            ],
            [
                0,
                0,
                1
            ]
        ],
        "extrinsic_matrix": [
            [
                -0.6425898671150208,
                -0.7662100195884705,
                -1.7136325425326504e-07,
                -4.820426511287224e-07
            ],
            [
                0.09115730971097946,
                -0.07645008713006973,
                0.9928974509239197,
                -1.3052348322162288e-06
            ],
            [
                -0.7607680559158325,
                0.6380261182785034,
                0.11897197365760803,
                -11.256314277648926
            ],
            [
                0.0,
                0.0,
                -0.0,
                1.0
            ]
        ],
        "camera_location": [
            -8.563448905944824,
            7.181823253631592,
            1.3391848802566528
        ],
        "camera_rotation_euler": [
            1.1093189716339111,
            0.0,
            0.8149281740188599
        ],
        "camera_rotation_quaternion": [
            0.31620079278945923,
            0.2805745601654053,
            -0.6014915108680725,
            -0.6778665781021118
        ],
        "focal_length": 50.0,
        "sensor_width": 36.0,
        "sensor_height": 24.0
    },
    "objects": [
        {
            "object_name": "Cube",
            "bbox_2d": {
                "x_min": 618.9256213278456,
                "y_min": 278.2708461386985,
                "x_max": 1293.6388286753552,
                "y_max": 748.2884837359829,
                "width": 674.7132073475095,
                "height": 470.0176375972844,
                "center_x": 956.2822250016004,
                "center_y": 513.2796649373407
            },
            "visible_vertices": 8,
            "total_vertices": 8
        }
    ],
    "metadata": {
        "total_objects": 1,
        "render_settings": {
            "resolution_percentage": 50,
            "file_format": "PNG"
        }
    }
}