{
    "frame": "592",
    "image_filename": "render_592.png",
    "image_resolution": {
        "width": 1920,
        "height": 1080
    },
    "camera_parameters": {
        "intrinsic_matrix": [
            [
                2666.666666666667,
                0,
                960.0
            ],
            [
                0,
                2250.0,
                540.0
            ],
            [
                0,
                0,
                1
            ]
        ],
        "extrinsic_matrix": [
            [
                0.9392749071121216,
                -0.34316566586494446,
                -3.445892815534535e-08,
                -4.768712642544415e-07
            ],
            [
                -0.0037773502990603447,
                -0.010338916443288326,
                0.9999393224716187,
                -1.893717694656516e-06
            ],
            [
                -0.34314486384391785,
                -0.9392179250717163,
                -0.011007334105670452,
                -11.256315231323242
            ],
            [
                -0.0,
                0.0,
                -0.0,
                1.0
            ]
        ],
        "camera_location": [
            -3.862546920776367,
            -10.572134971618652,
            -0.12390024214982986
        ],
        "camera_rotation_euler": [
            1.1093189716339111,
            0.0,
            0.8149281740188599
        ],
        "camera_rotation_quaternion": [
            0.6924465894699097,
            0.700110912322998,
            -0.12388858944177628,
            -0.12253233790397644
        ],
        "focal_length": 50.0,
        "sensor_width": 36.0,
        "sensor_height": 24.0
    },
    "objects": [
        {
            "object_name": "Cube",
            "bbox_2d": {
                "x_min": 638.8651421348484,
                "y_min": 317.3644113974426,
                "x_max": 1248.8043800760724,
                "y_max": 768.5057647863814,
                "width": 609.9392379412241,
                "height": 451.1413533889388,
                "center_x": 943.8347611054604,
                "center_y": 542.935088091912
            },
            "visible_vertices": 8,
            "total_vertices": 8
        }
    ],
    "metadata": {
        "total_objects": 1,
        "render_settings": {
            "resolution_percentage": 50,
            "file_format": "PNG"
        }
    }
}