{
    "frame": "345",
    "image_filename": "render_345.png",
    "image_resolution": {
        "width": 1920,
        "height": 1080
    },
    "camera_parameters": {
        "intrinsic_matrix": [
            [
                2666.666666666667,
                0,
                960.0
            ],
            [
                0,
                2250.0,
                540.0
            ],
            [
                0,
                0,
                1
            ]
        ],
        "extrinsic_matrix": [
            [
                -0.5732410550117493,
                0.8193866014480591,
                2.682208162241295e-07,
                4.788131491295644e-07
            ],
            [
                -0.12129981070756912,
                -0.08486130833625793,
                0.9889816641807556,
                -3.416791827248744e-08
            ],
            [
                0.8103584051132202,
                0.5669249892234802,
                0.14803758263587952,
                -11.256315231323242
            ],
            [
                -0.0,
                0.0,
                -0.0,
                1.0
            ]
        ],
        "camera_location": [
            9.121652603149414,
            6.381485939025879,
            1.6663565635681152
        ],
        "camera_rotation_euler": [
            1.1093189716339111,
            0.0,
            0.8149281740188599
        ],
        "camera_rotation_quaternion": [
            0.3499768376350403,
            0.30148911476135254,
            0.5788657665252686,
            0.6719635725021362
        ],
        "focal_length": 50.0,
        "sensor_width": 36.0,
        "sensor_height": 24.0
    },
    "objects": [
        {
            "object_name": "Cube",
            "bbox_2d": {
                "x_min": 632.8532176797389,
                "y_min": 271.81879749316727,
                "x_max": 1301.8062490481773,
                "y_max": 755.3744712444031,
                "width": 668.9530313684384,
                "height": 483.5556737512359,
                "center_x": 967.3297333639581,
                "center_y": 513.5966343687852
            },
            "visible_vertices": 8,
            "total_vertices": 8
        }
    ],
    "metadata": {
        "total_objects": 1,
        "render_settings": {
            "resolution_percentage": 50,
            "file_format": "PNG"
        }
    }
}