{
    "frame": "871",
    "image_filename": "render_871.png",
    "image_resolution": {
        "width": 1920,
        "height": 1080
    },
    "camera_parameters": {
        "intrinsic_matrix": [
            [
                2666.666666666667,
                0,
                960.0
            ],
            [
                0,
                2250.0,
                540.0
            ],
            [
                0,
                0,
                1
            ]
        ],
        "extrinsic_matrix": [
            [
                0.6093084812164307,
                -0.7929333448410034,
                -8.754432201385498e-08,
                -4.767050825194019e-07
            ],
            [
                0.03808039426803589,
                0.029261788353323936,
                0.998846173286438,
                -7.450071848325024e-07
            ],
            [
                -0.7920184135437012,
                -0.6086053252220154,
                0.04802468419075012,
                -11.256317138671875
            ],
            [
                -0.0,
                0.0,
                -0.0,
                1.0
            ]
        ],
        "camera_location": [
            -8.91520881652832,
            -6.850654602050781,
            0.5405815839767456
        ],
        "camera_rotation_euler": [
            1.1093189716339111,
            0.0,
            0.8149281740188599
        ],
        "camera_rotation_quaternion": [
            0.6493448615074158,
            0.6188743710517883,
            -0.30492979288101196,
            -0.3199431598186493
        ],
        "focal_length": 50.0,
        "sensor_width": 36.0,
        "sensor_height": 24.0
    },
    "objects": [
        {
            "object_name": "Cube",
            "bbox_2d": {
                "x_min": 631.7515263690259,
                "y_min": 297.77527537600383,
                "x_max": 1299.1704318111515,
                "y_max": 753.6983159587542,
                "width": 667.4189054421256,
                "height": 455.92304058275033,
                "center_x": 965.4609790900887,
                "center_y": 525.736795667379
            },
            "visible_vertices": 8,
            "total_vertices": 8
        }
    ],
    "metadata": {
        "total_objects": 1,
        "render_settings": {
            "resolution_percentage": 50,
            "file_format": "PNG"
        }
    }
}