{
    "frame": "262",
    "image_filename": "render_262.png",
    "image_resolution": {
        "width": 1920,
        "height": 1080
    },
    "camera_parameters": {
        "intrinsic_matrix": [
            [
                2666.666666666667,
                0,
                960.0
            ],
            [
                0,
                2250.0,
                540.0
            ],
            [
                0,
                0,
                1
            ]
        ],
        "extrinsic_matrix": [
            [
                0.1543188989162445,
                0.9880211353302002,
                4.284083843231201e-08,
                3.5801292597170686e-07
            ],
            [
                0.045233115553855896,
                -0.007064955774694681,
                0.9989515542984009,
                -6.6619338667806e-07
            ],
            [
                0.9869852066040039,
                -0.15415705740451813,
                -0.045781493186950684,
                -11.256316184997559
            ],
            [
                -0.0,
                0.0,
                -0.0,
                1.0
            ]
        ],
        "camera_location": [
            11.109816551208496,
            -1.7352412939071655,
            -0.5153306722640991
        ],
        "camera_rotation_euler": [
            1.1093189716339111,
            0.0,
            0.8149281740188599
        ],
        "camera_rotation_quaternion": [
            0.5247552990913391,
            0.5493553876876831,
            0.47021210193634033,
            0.4491560459136963
        ],
        "focal_length": 50.0,
        "sensor_width": 36.0,
        "sensor_height": 24.0
    },
    "objects": [
        {
            "object_name": "Cube",
            "bbox_2d": {
                "x_min": 666.4630033191156,
                "y_min": 328.4706669555012,
                "x_max": 1212.9392590652226,
                "y_max": 772.7842159732186,
                "width": 546.476255746107,
                "height": 444.3135490177174,
                "center_x": 939.7011311921691,
                "center_y": 550.6274414643599
            },
            "visible_vertices": 8,
            "total_vertices": 8
        }
    ],
    "metadata": {
        "total_objects": 1,
        "render_settings": {
            "resolution_percentage": 50,
            "file_format": "PNG"
        }
    }
}