{
    "frame": "324",
    "image_filename": "render_324.png",
    "image_resolution": {
        "width": 1920,
        "height": 1080
    },
    "camera_parameters": {
        "intrinsic_matrix": [
            [
                2666.666666666667,
                0,
                960.0
            ],
            [
                0,
                2250.0,
                540.0
            ],
            [
                0,
                0,
                1
            ]
        ],
        "extrinsic_matrix": [
            [
                0.3151969611644745,
                -0.9490261673927307,
                -3.352760558072987e-08,
                -1.6929004686971894e-06
            ],
            [
                -0.1535850167274475,
                -0.0510096400976181,
                0.9868178367614746,
                -1.2248536904735374e-06
            ],
            [
                -0.9365160465240479,
                -0.3110419511795044,
                -0.1618342250585556,
                -11.256314277648926
            ],
            [
                -0.0,
                0.0,
                -0.0,
                1.0
            ]
        ],
        "camera_location": [
            -10.54172134399414,
            -3.5011892318725586,
            -1.8216568231582642
        ],
        "camera_rotation_euler": [
            1.1093189716339111,
            0.0,
            0.8149281740188599
        ],
        "camera_rotation_quaternion": [
            0.5249650478363037,
            0.6180697679519653,
            -0.44598981738090515,
            -0.37880682945251465
        ],
        "focal_length": 50.0,
        "sensor_width": 36.0,
        "sensor_height": 24.0
    },
    "objects": [
        {
            "object_name": "Cube",
            "bbox_2d": {
                "x_min": 672.3489558866684,
                "y_min": 322.8007881002027,
                "x_max": 1282.0235217069119,
                "y_max": 803.5712600907091,
                "width": 609.6745658202435,
                "height": 480.7704719905064,
                "center_x": 977.1862387967901,
                "center_y": 563.1860240954559
            },
            "visible_vertices": 8,
            "total_vertices": 8
        }
    ],
    "metadata": {
        "total_objects": 1,
        "render_settings": {
            "resolution_percentage": 50,
            "file_format": "PNG"
        }
    }
}