{
    "frame": "474",
    "image_filename": "render_474.png",
    "image_resolution": {
        "width": 1920,
        "height": 1080
    },
    "camera_parameters": {
        "intrinsic_matrix": [
            [
                2666.666666666667,
                0,
                960.0
            ],
            [
                0,
                2250.0,
                540.0
            ],
            [
                0,
                0,
                1
            ]
        ],
        "extrinsic_matrix": [
            [
                -0.9946505427360535,
                0.10329632461071014,
                -4.2840827774170975e-08,
                -1.576018759941178e-09
            ],
            [
                -0.010983913205564022,
                -0.1057647317647934,
                0.9943304061889648,
                -1.5392350727339021e-09
            ],
            [
                0.10271067917346954,
                0.9890114068984985,
                0.1063336580991745,
                -11.256316184997559
            ],
            [
                -0.0,
                -0.0,
                -0.0,
                1.0
            ]
        ],
        "camera_location": [
            1.1561439037322998,
            11.132625579833984,
            1.1969242095947266
        ],
        "camera_rotation_euler": [
            1.1093189716339111,
            0.0,
            0.8149281740188599
        ],
        "camera_rotation_quaternion": [
            0.03846491128206253,
            0.03457076475024223,
            0.6675612926483154,
            0.7427565455436707
        ],
        "focal_length": 50.0,
        "sensor_width": 36.0,
        "sensor_height": 24.0
    },
    "objects": [
        {
            "object_name": "Cube",
            "bbox_2d": {
                "x_min": 674.7360449720086,
                "y_min": 296.6015352537937,
                "x_max": 1203.2526912774767,
                "y_max": 744.2140355348456,
                "width": 528.5166463054682,
                "height": 447.6125002810519,
                "center_x": 938.9943681247427,
                "center_y": 520.4077853943197
            },
            "visible_vertices": 8,
            "total_vertices": 8
        }
    ],
    "metadata": {
        "total_objects": 1,
        "render_settings": {
            "resolution_percentage": 50,
            "file_format": "PNG"
        }
    }
}