{
    "frame": "843",
    "image_filename": "render_843.png",
    "image_resolution": {
        "width": 1920,
        "height": 1080
    },
    "camera_parameters": {
        "intrinsic_matrix": [
            [
                2666.666666666667,
                0,
                960.0
            ],
            [
                0,
                2250.0,
                540.0
            ],
            [
                0,
                0,
                1
            ]
        ],
        "extrinsic_matrix": [
            [
                -0.8355603814125061,
                -0.5493985414505005,
                1.862644793959589e-08,
                -4.7280130388571706e-07
            ],
            [
                0.07132803648710251,
                -0.10848011821508408,
                0.9915363788604736,
                2.932007596239371e-14
            ],
            [
                -0.5447486639022827,
                0.8284885883331299,
                0.12982936203479767,
                -11.256316184997559
            ],
            [
                -0.0,
                0.0,
                -0.0,
                1.0
            ]
        ],
        "camera_location": [
            -6.131863594055176,
            9.325728416442871,
            1.4613986015319824
        ],
        "camera_rotation_euler": [
            1.1093189716339111,
            0.0,
            0.8149281740188599
        ],
        "camera_rotation_quaternion": [
            0.2155160903930664,
            0.1891365349292755,
            -0.6319119930267334,
            -0.720046877861023
        ],
        "focal_length": 50.0,
        "sensor_width": 36.0,
        "sensor_height": 24.0
    },
    "objects": [
        {
            "object_name": "Cube",
            "bbox_2d": {
                "x_min": 636.3234649645185,
                "y_min": 276.7872378573991,
                "x_max": 1300.6170961394419,
                "y_max": 750.8466623066258,
                "width": 664.2936311749233,
                "height": 474.05942444922675,
                "center_x": 968.4702805519802,
                "center_y": 513.8169500820125
            },
            "visible_vertices": 8,
            "total_vertices": 8
        }
    ],
    "metadata": {
        "total_objects": 1,
        "render_settings": {
            "resolution_percentage": 50,
            "file_format": "PNG"
        }
    }
}