{
    "frame": "95",
    "image_filename": "render_095.png",
    "image_resolution": {
        "width": 1920,
        "height": 1080
    },
    "camera_parameters": {
        "intrinsic_matrix": [
            [
                2666.666666666667,
                0,
                960.0
            ],
            [
                0,
                2250.0,
                540.0
            ],
            [
                0,
                0,
                1
            ]
        ],
        "extrinsic_matrix": [
            [
                0.9982569813728333,
                -0.05901619419455528,
                4.6566112077428556e-10,
                5.980827211260475e-08
            ],
            [
                -0.0040128822438418865,
                -0.06787759810686111,
                0.997685432434082,
                7.162072961364174e-07
            ],
            [
                -0.058879606425762177,
                -0.99594646692276,
                -0.06799611449241638,
                -11.256314277648926
            ],
            [
                -0.0,
                0.0,
                -0.0,
                1.0
            ]
        ],
        "camera_location": [
            -0.6627675890922546,
            -11.21069049835205,
            -0.7653865814208984
        ],
        "camera_rotation_euler": [
            1.1093189716339111,
            0.0,
            0.8149281740188599
        ],
        "camera_rotation_quaternion": [
            0.6823459267616272,
            0.7304332256317139,
            -0.021572500467300415,
            -0.020152291283011436
        ],
        "focal_length": 50.0,
        "sensor_width": 36.0,
        "sensor_height": 24.0
    },
    "objects": [
        {
            "object_name": "Cube",
            "bbox_2d": {
                "x_min": 684.9706087091995,
                "y_min": 334.44036152504054,
                "x_max": 1207.1647378435962,
                "y_max": 774.3396489568721,
                "width": 522.1941291343967,
                "height": 439.89928743183157,
                "center_x": 946.0676732763978,
                "center_y": 554.3900052409563
            },
            "visible_vertices": 8,
            "total_vertices": 8
        }
    ],
    "metadata": {
        "total_objects": 1,
        "render_settings": {
            "resolution_percentage": 50,
            "file_format": "PNG"
        }
    }
}