{
    "frame": "627",
    "image_filename": "render_627.png",
    "image_resolution": {
        "width": 1920,
        "height": 1080
    },
    "camera_parameters": {
        "intrinsic_matrix": [
            [
                2666.666666666667,
                0,
                960.0
            ],
            [
                0,
                2250.0,
                540.0
            ],
            [
                0,
                0,
                1
            ]
        ],
        "extrinsic_matrix": [
            [
                -0.3297830820083618,
                -0.9440568089485168,
                4.6566135836201283e-08,
                -2.380149197733772e-07
            ],
            [
                0.06660659611225128,
                -0.023267365992069244,
                0.9975080490112305,
                1.8846711213882372e-07
            ],
            [
                -0.9417042136192322,
                0.32896122336387634,
                0.07055354118347168,
                -11.256317138671875
            ],
            [
                -0.0,
                0.0,
                -0.0,
                1.0
            ]
        ],
        "camera_location": [
            -10.600119590759277,
            3.7028915882110596,
            0.7941732406616211
        ],
        "camera_rotation_euler": [
            1.1093189716339111,
            0.0,
            0.8149281740188599
        ],
        "camera_rotation_quaternion": [
            0.4235277771949768,
            0.3946298062801361,
            -0.5558691620826721,
            -0.5965743660926819
        ],
        "focal_length": 50.0,
        "sensor_width": 36.0,
        "sensor_height": 24.0
    },
    "objects": [
        {
            "object_name": "Cube",
            "bbox_2d": {
                "x_min": 638.7194577678165,
                "y_min": 296.70651213714575,
                "x_max": 1247.9098964396853,
                "y_max": 745.9664001214228,
                "width": 609.1904386718688,
                "height": 449.25988798427704,
                "center_x": 943.3146771037509,
                "center_y": 521.3364561292842
            },
            "visible_vertices": 8,
            "total_vertices": 8
        }
    ],
    "metadata": {
        "total_objects": 1,
        "render_settings": {
            "resolution_percentage": 50,
            "file_format": "PNG"
        }
    }
}