{
    "frame": "34",
    "image_filename": "render_034.png",
    "image_resolution": {
        "width": 1920,
        "height": 1080
    },
    "camera_parameters": {
        "intrinsic_matrix": [
            [
                2666.666666666667,
                0,
                960.0
            ],
            [
                0,
                2250.0,
                540.0
            ],
            [
                0,
                0,
                1
            ]
        ],
        "extrinsic_matrix": [
            [
                -0.7541906833648682,
                -0.6566553711891174,
                5.215405707303944e-08,
                -8.063868461860579e-10
            ],
            [
                -0.02531086839735508,
                0.02907049097120762,
                0.9992568492889404,
                6.140342634353146e-07
            ],
            [
                -0.6561673283576965,
                0.7536303400993347,
                -0.03854517266154289,
                -11.256316184997559
            ],
            [
                0.0,
                0.0,
                -0.0,
                1.0
            ]
        ],
        "camera_location": [
            -7.3860273361206055,
            8.483100891113281,
            -0.43387776613235474
        ],
        "camera_rotation_euler": [
            1.1093189716339111,
            0.0,
            0.8149281740188599
        ],
        "camera_rotation_quaternion": [
            0.24307122826576233,
            0.2526281476020813,
            -0.674871563911438,
            -0.6493410468101501
        ],
        "focal_length": 50.0,
        "sensor_width": 36.0,
        "sensor_height": 24.0
    },
    "objects": [
        {
            "object_name": "Cube",
            "bbox_2d": {
                "x_min": 627.5052477691239,
                "y_min": 323.2407872647956,
                "x_max": 1298.3230330211452,
                "y_max": 779.825185323718,
                "width": 670.8177852520213,
                "height": 456.5843980589224,
                "center_x": 962.9141403951346,
                "center_y": 551.5329862942567
            },
            "visible_vertices": 8,
            "total_vertices": 8
        }
    ],
    "metadata": {
        "total_objects": 1,
        "render_settings": {
            "resolution_percentage": 50,
            "file_format": "PNG"
        }
    }
}