{
    "frame": "413",
    "image_filename": "render_413.png",
    "image_resolution": {
        "width": 1920,
        "height": 1080
    },
    "camera_parameters": {
        "intrinsic_matrix": [
            [
                2666.666666666667,
                0,
                960.0
            ],
            [
                0,
                2250.0,
                540.0
            ],
            [
                0,
                0,
                1
            ]
        ],
        "extrinsic_matrix": [
            [
                -0.842573881149292,
                0.5385802984237671,
                -5.2154039309471045e-08,
                9.701032013254007e-07
            ],
            [
                -0.08011869341135025,
                -0.12534034252166748,
                0.988873302936554,
                -1.7230786397703923e-06
            ],
            [
                0.5325878262519836,
                0.8331990838050842,
                0.14875905215740204,
                -11.25631332397461
            ],
            [
                -0.0,
                -0.0,
                -0.0,
                1.0
            ]
        ],
        "camera_location": [
            5.994978427886963,
            9.378752708435059,
            1.6744788885116577
        ],
        "camera_rotation_euler": [
            1.1093189716339111,
            0.0,
            0.8149281740188599
        ],
        "camera_rotation_quaternion": [
            0.21262907981872559,
            0.18303507566452026,
            0.6261938214302063,
            0.7274396419525146
        ],
        "focal_length": 50.0,
        "sensor_width": 36.0,
        "sensor_height": 24.0
    },
    "objects": [
        {
            "object_name": "Cube",
            "bbox_2d": {
                "x_min": 619.1931339087178,
                "y_min": 272.3264165493647,
                "x_max": 1282.8455205782532,
                "y_max": 755.4389743682473,
                "width": 663.6523866695354,
                "height": 483.1125578188826,
                "center_x": 951.0193272434855,
                "center_y": 513.882695458806
            },
            "visible_vertices": 8,
            "total_vertices": 8
        }
    ],
    "metadata": {
        "total_objects": 1,
        "render_settings": {
            "resolution_percentage": 50,
            "file_format": "PNG"
        }
    }
}