{
    "frame": "288",
    "image_filename": "render_288.png",
    "image_resolution": {
        "width": 1920,
        "height": 1080
    },
    "camera_parameters": {
        "intrinsic_matrix": [
            [
                2666.666666666667,
                0,
                960.0
            ],
            [
                0,
                2250.0,
                540.0
            ],
            [
                0,
                0,
                1
            ]
        ],
        "extrinsic_matrix": [
            [
                0.8434837460517883,
                -0.5371545553207397,
                -9.685753354915505e-08,
                -4.6988714075268945e-07
            ],
            [
                -0.06948179751634598,
                -0.10910610854625702,
                0.9915987253189087,
                -2.9715295113419415e-07
            ],
            [
                -0.5326418280601501,
                -0.8363974094390869,
                -0.1293516904115677,
                -11.256315231323242
            ],
            [
                -0.0,
                0.0,
                -0.0,
                1.0
            ]
        ],
        "camera_location": [
            -5.995584487915039,
            -9.414754867553711,
            -1.4560234546661377
        ],
        "camera_rotation_euler": [
            1.1093189716339111,
            0.0,
            0.8149281740188599
        ],
        "camera_rotation_quaternion": [
            0.6334481239318848,
            0.7214467525482178,
            -0.210215225815773,
            -0.18457423150539398
        ],
        "focal_length": 50.0,
        "sensor_width": 36.0,
        "sensor_height": 24.0
    },
    "objects": [
        {
            "object_name": "Cube",
            "bbox_2d": {
                "x_min": 619.8327341005345,
                "y_min": 329.2989908844602,
                "x_max": 1282.0884993003215,
                "y_max": 802.8548563080092,
                "width": 662.255765199787,
                "height": 473.555865423549,
                "center_x": 950.960616700428,
                "center_y": 566.0769235962347
            },
            "visible_vertices": 8,
            "total_vertices": 8
        }
    ],
    "metadata": {
        "total_objects": 1,
        "render_settings": {
            "resolution_percentage": 50,
            "file_format": "PNG"
        }
    }
}