{
    "frame": "826",
    "image_filename": "render_826.png",
    "image_resolution": {
        "width": 1920,
        "height": 1080
    },
    "camera_parameters": {
        "intrinsic_matrix": [
            [
                2666.666666666667,
                0,
                960.0
            ],
            [
                0,
                2250.0,
                540.0
            ],
            [
                0,
                0,
                1
            ]
        ],
        "extrinsic_matrix": [
            [
                -0.268149733543396,
                -0.9633771181106567,
                -1.7392443396602175e-07,
                -2.38428583543282e-07
            ],
            [
                -0.009100387804210186,
                0.002532984595745802,
                0.9999552965164185,
                -1.1749237955882563e-06
            ],
            [
                -0.9633341431617737,
                0.2681379020214081,
                -0.00944615714251995,
                -11.256315231323242
            ],
            [
                -0.0,
                0.0,
                -0.0,
                1.0
            ]
        ],
        "camera_location": [
            -10.843594551086426,
            3.0182433128356934,
            -0.10632964968681335
        ],
        "camera_rotation_euler": [
            1.1093189716339111,
            0.0,
            0.8149281740188599
        ],
        "camera_rotation_quaternion": [
            0.42571619153022766,
            0.4297567903995514,
            -0.5657139420509338,
            -0.5603951215744019
        ],
        "focal_length": 50.0,
        "sensor_width": 36.0,
        "sensor_height": 24.0
    },
    "objects": [
        {
            "object_name": "Cube",
            "bbox_2d": {
                "x_min": 648.7629756344265,
                "y_min": 317.96916666547645,
                "x_max": 1235.0003334088528,
                "y_max": 766.829404118055,
                "width": 586.2373577744263,
                "height": 448.86023745257853,
                "center_x": 941.8816545216397,
                "center_y": 542.3992853917657
            },
            "visible_vertices": 8,
            "total_vertices": 8
        }
    ],
    "metadata": {
        "total_objects": 1,
        "render_settings": {
            "resolution_percentage": 50,
            "file_format": "PNG"
        }
    }
}