{
    "frame": "461",
    "image_filename": "render_461.png",
    "image_resolution": {
        "width": 1920,
        "height": 1080
    },
    "camera_parameters": {
        "intrinsic_matrix": [
            [
                2666.666666666667,
                0,
                960.0
            ],
            [
                0,
                2250.0,
                540.0
            ],
            [
                0,
                0,
                1
            ]
        ],
        "extrinsic_matrix": [
            [
                -0.9876013398170471,
                -0.15698149800300598,
                -1.2526284365321771e-07,
                1.2714269741198603e-11
            ],
            [
                0.004369969479739666,
                -0.02749304473400116,
                0.9996123313903809,
                -8.751892437430797e-07
            ],
            [
                -0.1569206714630127,
                0.9872186779975891,
                0.027838345617055893,
                -11.256315231323242
            ],
            [
                0.0,
                0.0,
                -0.0,
                1.0
            ]
        ],
        "camera_location": [
            -1.7663490772247314,
            11.112446784973145,
            0.3133562505245209
        ],
        "camera_rotation_euler": [
            1.1093189716339111,
            0.0,
            0.8149281740188599
        ],
        "camera_rotation_quaternion": [
            0.056443773210048676,
            0.05489382892847061,
            -0.6950306296348572,
            -0.7146560549736023
        ],
        "focal_length": 50.0,
        "sensor_width": 36.0,
        "sensor_height": 24.0
    },
    "objects": [
        {
            "object_name": "Cube",
            "bbox_2d": {
                "x_min": 706.8879985266897,
                "y_min": 311.12246246817335,
                "x_max": 1253.5342123164578,
                "y_max": 755.9223746155026,
                "width": 546.6462137897681,
                "height": 444.7999121473292,
                "center_x": 980.2111054215737,
                "center_y": 533.522418541838
            },
            "visible_vertices": 8,
            "total_vertices": 8
        }
    ],
    "metadata": {
        "total_objects": 1,
        "render_settings": {
            "resolution_percentage": 50,
            "file_format": "PNG"
        }
    }
}