{
    "frame": "953",
    "image_filename": "render_953.png",
    "image_resolution": {
        "width": 1920,
        "height": 1080
    },
    "camera_parameters": {
        "intrinsic_matrix": [
            [
                2666.666666666667,
                0,
                960.0
            ],
            [
                0,
                2250.0,
                540.0
            ],
            [
                0,
                0,
                1
            ]
        ],
        "extrinsic_matrix": [
            [
                0.9924363493919373,
                0.12276004254817963,
                1.30385116037246e-08,
                2.3989460373741167e-07
            ],
            [
                0.014639647677540779,
                -0.11835211515426636,
                0.9928635954856873,
                -2.278941792610567e-06
            ],
            [
                0.12188399583101273,
                -0.9853540062904358,
                -0.11925410479307175,
                -11.25631332397461
            ],
            [
                -0.0,
                0.0,
                -0.0,
                1.0
            ]
        ],
        "camera_location": [
            1.3719645738601685,
            -11.09145736694336,
            -1.3423597812652588
        ],
        "camera_rotation_euler": [
            1.1093189716339111,
            0.0,
            0.8149281740188599
        ],
        "camera_rotation_quaternion": [
            0.6623501181602478,
            0.7466663718223572,
            0.04600438103079796,
            0.04080939665436745
        ],
        "focal_length": 50.0,
        "sensor_width": 36.0,
        "sensor_height": 24.0
    },
    "objects": [
        {
            "object_name": "Cube",
            "bbox_2d": {
                "x_min": 712.1894668085777,
                "y_min": 333.1135143603792,
                "x_max": 1249.4661496902786,
                "y_max": 786.6973190798211,
                "width": 537.2766828817009,
                "height": 453.5838047194419,
                "center_x": 980.8278082494281,
                "center_y": 559.9054167201002
            },
            "visible_vertices": 8,
            "total_vertices": 8
        }
    ],
    "metadata": {
        "total_objects": 1,
        "render_settings": {
            "resolution_percentage": 50,
            "file_format": "PNG"
        }
    }
}