{
    "frame": "221",
    "image_filename": "render_221.png",
    "image_resolution": {
        "width": 1920,
        "height": 1080
    },
    "camera_parameters": {
        "intrinsic_matrix": [
            [
                2666.666666666667,
                0,
                960.0
            ],
            [
                0,
                2250.0,
                540.0
            ],
            [
                0,
                0,
                1
            ]
        ],
        "extrinsic_matrix": [
            [
                -0.7968328595161438,
                0.6041994094848633,
                4.097817551951266e-08,
                -4.799862267645949e-07
            ],
            [
                0.07834289968013763,
                0.10332060605287552,
                0.9915579557418823,
                -1.4540821666741977e-06
            ],
            [
                0.599098801612854,
                0.7901061773300171,
                -0.12966378033161163,
                -11.256314277648926
            ],
            [
                -0.0,
                0.0,
                -0.0,
                1.0
            ]
        ],
        "camera_location": [
            6.743646144866943,
            8.893685340881348,
            -1.4595378637313843
        ],
        "camera_rotation_euler": [
            1.1093189716339111,
            0.0,
            0.8149281740188599
        ],
        "camera_rotation_quaternion": [
            0.21025198698043823,
            0.23953621089458466,
            0.7123583555221558,
            0.6252697110176086
        ],
        "focal_length": 50.0,
        "sensor_width": 36.0,
        "sensor_height": 24.0
    },
    "objects": [
        {
            "object_name": "Cube",
            "bbox_2d": {
                "x_min": 618.357121464218,
                "y_min": 329.08741294268907,
                "x_max": 1290.1113760380238,
                "y_max": 804.0597268930251,
                "width": 671.7542545738057,
                "height": 474.972313950336,
                "center_x": 954.234248751121,
                "center_y": 566.5735699178571
            },
            "visible_vertices": 8,
            "total_vertices": 8
        }
    ],
    "metadata": {
        "total_objects": 1,
        "render_settings": {
            "resolution_percentage": 50,
            "file_format": "PNG"
        }
    }
}