{
    "frame": "225",
    "image_filename": "render_225.png",
    "image_resolution": {
        "width": 1920,
        "height": 1080
    },
    "camera_parameters": {
        "intrinsic_matrix": [
            [
                2666.666666666667,
                0,
                960.0
            ],
            [
                0,
                2250.0,
                540.0
            ],
            [
                0,
                0,
                1
            ]
        ],
        "extrinsic_matrix": [
            [
                -0.9840827584266663,
                -0.1777104288339615,
                2.0489094865183688e-08,
                -4.0000086576341687e-10
            ],
            [
                0.021906858310103416,
                -0.12131047248840332,
                0.9923728108406067,
                4.851357857660332e-07
            ],
            [
                -0.1763550043106079,
                0.9765770435333252,
                0.12327270209789276,
                -11.256317138671875
            ],
            [
                -0.0,
                0.0,
                -0.0,
                1.0
            ]
        ],
        "camera_location": [
            -1.985107660293579,
            10.992660522460938,
            1.387595295906067
        ],
        "camera_rotation_euler": [
            1.1093189716339111,
            0.0,
            0.8149281740188599
        ],
        "camera_rotation_quaternion": [
            0.06685681641101837,
            0.05906568467617035,
            -0.6594504714012146,
            -0.7464358806610107
        ],
        "focal_length": 50.0,
        "sensor_width": 36.0,
        "sensor_height": 24.0
    },
    "objects": [
        {
            "object_name": "Cube",
            "bbox_2d": {
                "x_min": 700.3799497005912,
                "y_min": 290.1552675133362,
                "x_max": 1259.8323911488499,
                "y_max": 747.9671104567492,
                "width": 559.4524414482587,
                "height": 457.811842943413,
                "center_x": 980.1061704247205,
                "center_y": 519.0611889850427
            },
            "visible_vertices": 8,
            "total_vertices": 8
        }
    ],
    "metadata": {
        "total_objects": 1,
        "render_settings": {
            "resolution_percentage": 50,
            "file_format": "PNG"
        }
    }
}