{
    "frame": "246",
    "image_filename": "render_246.png",
    "image_resolution": {
        "width": 1920,
        "height": 1080
    },
    "camera_parameters": {
        "intrinsic_matrix": [
            [
                2666.666666666667,
                0,
                960.0
            ],
            [
                0,
                2250.0,
                540.0
            ],
            [
                0,
                0,
                1
            ]
        ],
        "extrinsic_matrix": [
            [
                0.948887050151825,
                0.31561559438705444,
                5.960463056453591e-08,
                -2.3776546242970653e-07
            ],
            [
                -0.038698066025972366,
                0.11634421348571777,
                0.9924545884132385,
                -1.2252219505626272e-07
            ],
            [
                0.31323421001434326,
                -0.941727340221405,
                0.12261123955249786,
                -11.25631332397461
            ],
            [
                -0.0,
                0.0,
                -0.0,
                1.0
            ]
        ],
        "camera_location": [
            3.5258636474609375,
            -10.600382804870605,
            1.3801511526107788
        ],
        "camera_rotation_euler": [
            1.1093189716339111,
            0.0,
            0.8149281740188599
        ],
        "camera_rotation_quaternion": [
            0.7395679354667664,
            0.6538217663764954,
            0.10588420182466507,
            0.11977052688598633
        ],
        "focal_length": 50.0,
        "sensor_width": 36.0,
        "sensor_height": 24.0
    },
    "objects": [
        {
            "object_name": "Cube",
            "bbox_2d": {
                "x_min": 673.3182568487682,
                "y_min": 284.9745696133432,
                "x_max": 1280.9843211980199,
                "y_max": 748.4056620803506,
                "width": 607.6660643492517,
                "height": 463.4310924670074,
                "center_x": 977.151289023394,
                "center_y": 516.6901158468469
            },
            "visible_vertices": 8,
            "total_vertices": 8
        }
    ],
    "metadata": {
        "total_objects": 1,
        "render_settings": {
            "resolution_percentage": 50,
            "file_format": "PNG"
        }
    }
}