{
    "frame": "503",
    "image_filename": "render_503.png",
    "image_resolution": {
        "width": 1920,
        "height": 1080
    },
    "camera_parameters": {
        "intrinsic_matrix": [
            [
                2666.666666666667,
                0,
                960.0
            ],
            [
                0,
                2250.0,
                540.0
            ],
            [
                0,
                0,
                1
            ]
        ],
        "extrinsic_matrix": [
            [
                -0.9638634920120239,
                -0.2663972079753876,
                9.685758328714655e-08,
                2.4689785504961037e-07
            ],
            [
                -0.04644740745425224,
                0.16805367171764374,
                0.984683096408844,
                -4.754844837862038e-07
            ],
            [
                -0.2623167932033539,
                0.9490999579429626,
                -0.1743544191122055,
                -11.256317138671875
            ],
            [
                0.0,
                0.0,
                -0.0,
                1.0
            ]
        ],
        "camera_location": [
            -2.9527201652526855,
            10.683367729187012,
            -1.962585687637329
        ],
        "camera_rotation_euler": [
            1.1093189716339111,
            0.0,
            0.8149281740188599
        ],
        "camera_rotation_quaternion": [
            0.08636563271284103,
            0.10300148278474808,
            -0.7593207359313965,
            -0.6366819143295288
        ],
        "focal_length": 50.0,
        "sensor_width": 36.0,
        "sensor_height": 24.0
    },
    "objects": [
        {
            "object_name": "Cube",
            "bbox_2d": {
                "x_min": 681.2365906822433,
                "y_min": 320.51882201548847,
                "x_max": 1275.5976830625477,
                "y_max": 804.0274133709854,
                "width": 594.3610923803044,
                "height": 483.50859135549695,
                "center_x": 978.4171368723955,
                "center_y": 562.2731176932369
            },
            "visible_vertices": 8,
            "total_vertices": 8
        }
    ],
    "metadata": {
        "total_objects": 1,
        "render_settings": {
            "resolution_percentage": 50,
            "file_format": "PNG"
        }
    }
}