{
    "frame": "618",
    "image_filename": "render_618.png",
    "image_resolution": {
        "width": 1920,
        "height": 1080
    },
    "camera_parameters": {
        "intrinsic_matrix": [
            [
                2666.666666666667,
                0,
                960.0
            ],
            [
                0,
                2250.0,
                540.0
            ],
            [
                0,
                0,
                1
            ]
        ],
        "extrinsic_matrix": [
            [
                -0.20446085929870605,
                0.9788746237754822,
                2.440064292841271e-07,
                4.788091700902442e-07
            ],
            [
                0.11301888525485992,
                0.023606494069099426,
                0.9933121800422668,
                -1.8173915350416792e-06
            ],
            [
                0.9723281860351562,
                0.20309363305568695,
                -0.11545781791210175,
                -11.256315231323242
            ],
            [
                -0.0,
                -0.0,
                -0.0,
                1.0
            ]
        ],
        "camera_location": [
            10.944835662841797,
            2.2860848903656006,
            -1.2996293306350708
        ],
        "camera_rotation_euler": [
            1.1093189716339111,
            0.0,
            0.8149281740188599
        ],
        "camera_rotation_quaternion": [
            0.4194304943084717,
            0.4710070490837097,
            0.5795527100563049,
            0.5160902738571167
        ],
        "focal_length": 50.0,
        "sensor_width": 36.0,
        "sensor_height": 24.0
    },
    "objects": [
        {
            "object_name": "Cube",
            "bbox_2d": {
                "x_min": 695.0514444984401,
                "y_min": 333.5769902640857,
                "x_max": 1264.2494698679486,
                "y_max": 789.3397300079716,
                "width": 569.1980253695085,
                "height": 455.76273974388596,
                "center_x": 979.6504571831944,
                "center_y": 561.4583601360287
            },
            "visible_vertices": 8,
            "total_vertices": 8
        }
    ],
    "metadata": {
        "total_objects": 1,
        "render_settings": {
            "resolution_percentage": 50,
            "file_format": "PNG"
        }
    }
}