{
    "frame": "490",
    "image_filename": "render_490.png",
    "image_resolution": {
        "width": 1920,
        "height": 1080
    },
    "camera_parameters": {
        "intrinsic_matrix": [
            [
                2666.666666666667,
                0,
                960.0
            ],
            [
                0,
                2250.0,
                540.0
            ],
            [
                0,
                0,
                1
            ]
        ],
        "extrinsic_matrix": [
            [
                -0.2734224200248718,
                -0.9618939757347107,
                -2.607702853651972e-08,
                5.609022135644182e-09
            ],
            [
                0.1655273735523224,
                -0.04705185443162918,
                0.9850820302963257,
                -1.1466669747051128e-07
            ],
            [
                -0.9475445747375488,
                0.2693435847759247,
                0.17208486795425415,
                -11.256316184997559
            ],
            [
                0.0,
                0.0,
                -0.0,
                1.0
            ]
        ],
        "camera_location": [
            -10.665862083435059,
            3.0318164825439453,
            1.9370414018630981
        ],
        "camera_rotation_euler": [
            1.1093189716339111,
            0.0,
            0.8149281740188599
        ],
        "camera_rotation_quaternion": [
            0.46141374111175537,
            0.3877965211868286,
            -0.5133920907974243,
            -0.6108517050743103
        ],
        "focal_length": 50.0,
        "sensor_width": 36.0,
        "sensor_height": 24.0
    },
    "objects": [
        {
            "object_name": "Cube",
            "bbox_2d": {
                "x_min": 643.4357725243261,
                "y_min": 276.10783590303174,
                "x_max": 1240.0591772011296,
                "y_max": 759.0644149519729,
                "width": 596.6234046768035,
                "height": 482.9565790489412,
                "center_x": 941.7474748627278,
                "center_y": 517.5861254275023
            },
            "visible_vertices": 8,
            "total_vertices": 8
        }
    ],
    "metadata": {
        "total_objects": 1,
        "render_settings": {
            "resolution_percentage": 50,
            "file_format": "PNG"
        }
    }
}