{
    "frame": "965",
    "image_filename": "render_965.png",
    "image_resolution": {
        "width": 1920,
        "height": 1080
    },
    "camera_parameters": {
        "intrinsic_matrix": [
            [
                2666.666666666667,
                0,
                960.0
            ],
            [
                0,
                2250.0,
                540.0
            ],
            [
                0,
                0,
                1
            ]
        ],
        "extrinsic_matrix": [
            [
                0.9762592911720276,
                0.21660514175891876,
                3.725289587919178e-08,
                2.3745369048810971e-07
            ],
            [
                0.03356839343905449,
                -0.15129588544368744,
                0.9879182577133179,
                -1.70677208188863e-06
            ],
            [
                0.21398821473121643,
                -0.9644643664360046,
                -0.15497510135173798,
                -11.256314277648926
            ],
            [
                -0.0,
                0.0,
                -0.0,
                1.0
            ]
        ],
        "camera_location": [
            2.4087188243865967,
            -10.856317520141602,
            -1.7444472312927246
        ],
        "camera_rotation_euler": [
            1.1093189716339111,
            0.0,
            0.8149281740188599
        ],
        "camera_rotation_quaternion": [
            0.6461402177810669,
            0.7554022669792175,
            0.08279480785131454,
            0.07081930339336395
        ],
        "focal_length": 50.0,
        "sensor_width": 36.0,
        "sensor_height": 24.0
    },
    "objects": [
        {
            "object_name": "Cube",
            "bbox_2d": {
                "x_min": 691.6046228229816,
                "y_min": 325.1132570549215,
                "x_max": 1267.3145693524593,
                "y_max": 797.8715005404986,
                "width": 575.7099465294777,
                "height": 472.75824348557705,
                "center_x": 979.4595960877205,
                "center_y": 561.49237879771
            },
            "visible_vertices": 8,
            "total_vertices": 8
        }
    ],
    "metadata": {
        "total_objects": 1,
        "render_settings": {
            "resolution_percentage": 50,
            "file_format": "PNG"
        }
    }
}