{
    "frame": "84",
    "image_filename": "render_084.png",
    "image_resolution": {
        "width": 1920,
        "height": 1080
    },
    "camera_parameters": {
        "intrinsic_matrix": [
            [
                2666.666666666667,
                0,
                960.0
            ],
            [
                0,
                2250.0,
                540.0
            ],
            [
                0,
                0,
                1
            ]
        ],
        "extrinsic_matrix": [
            [
                -0.9018275737762451,
                0.4320954978466034,
                3.352759847530251e-08,
                -4.800940587301739e-07
            ],
            [
                0.04073837399482727,
                0.08502519130706787,
                0.9955453872680664,
                -1.3606093034468358e-06
            ],
            [
                0.4301707446575165,
                0.8978105783462524,
                -0.09428075700998306,
                -11.25631332397461
            ],
            [
                -0.0,
                0.0,
                -0.0,
                1.0
            ]
        ],
        "camera_location": [
            4.84213924407959,
            10.10604190826416,
            -1.0612550973892212
        ],
        "camera_rotation_euler": [
            1.1093189716339111,
            0.0,
            0.8149281740188599
        ],
        "camera_rotation_quaternion": [
            0.14909429848194122,
            0.16388101875782013,
            0.7213068008422852,
            0.6562244296073914
        ],
        "focal_length": 50.0,
        "sensor_width": 36.0,
        "sensor_height": 24.0
    },
    "objects": [
        {
            "object_name": "Cube",
            "bbox_2d": {
                "x_min": 627.3839620004392,
                "y_min": 338.0027660914416,
                "x_max": 1265.8667111672562,
                "y_max": 791.7249976235721,
                "width": 638.482749166817,
                "height": 453.72223153213054,
                "center_x": 946.6253365838477,
                "center_y": 564.8638818575068
            },
            "visible_vertices": 8,
            "total_vertices": 8
        }
    ],
    "metadata": {
        "total_objects": 1,
        "render_settings": {
            "resolution_percentage": 50,
            "file_format": "PNG"
        }
    }
}