{
    "frame": "421",
    "image_filename": "render_421.png",
    "image_resolution": {
        "width": 1920,
        "height": 1080
    },
    "camera_parameters": {
        "intrinsic_matrix": [
            [
                2666.666666666667,
                0,
                960.0
            ],
            [
                0,
                2250.0,
                540.0
            ],
            [
                0,
                0,
                1
            ]
        ],
        "extrinsic_matrix": [
            [
                -0.45786765217781067,
                -0.8890202641487122,
                1.2665985593685036e-07,
                -9.570417205395643e-07
            ],
            [
                0.07156277447938919,
                -0.036856457591056824,
                0.9967548847198486,
                2.569883328362721e-08
            ],
            [
                -0.8861353397369385,
                0.4563818871974945,
                0.0804961770772934,
                -11.256316184997559
            ],
            [
                -0.0,
                0.0,
                -0.0,
                1.0
            ]
        ],
        "camera_location": [
            -9.974620819091797,
            5.137178421020508,
            0.9060900807380676
        ],
        "camera_rotation_euler": [
            1.1093189716339111,
            0.0,
            0.8149281740188599
        ],
        "camera_rotation_quaternion": [
            0.38267871737480164,
            0.353020042181015,
            -0.578903079032898,
            -0.6275389194488525
        ],
        "focal_length": 50.0,
        "sensor_width": 36.0,
        "sensor_height": 24.0
    },
    "objects": [
        {
            "object_name": "Cube",
            "bbox_2d": {
                "x_min": 625.7661572891487,
                "y_min": 291.19389456532383,
                "x_max": 1269.4809030508345,
                "y_max": 743.263891885968,
                "width": 643.7147457616858,
                "height": 452.0699973206441,
                "center_x": 947.6235301699917,
                "center_y": 517.2288932256458
            },
            "visible_vertices": 8,
            "total_vertices": 8
        }
    ],
    "metadata": {
        "total_objects": 1,
        "render_settings": {
            "resolution_percentage": 50,
            "file_format": "PNG"
        }
    }
}