{
    "frame": "532",
    "image_filename": "render_532.png",
    "image_resolution": {
        "width": 1920,
        "height": 1080
    },
    "camera_parameters": {
        "intrinsic_matrix": [
            [
                2666.666666666667,
                0,
                960.0
            ],
            [
                0,
                2250.0,
                540.0
            ],
            [
                0,
                0,
                1
            ]
        ],
        "extrinsic_matrix": [
            [
                -0.998484194278717,
                0.055034469813108444,
                9.346690887923614e-08,
                4.519993456126095e-14
            ],
            [
                -0.0001435118610970676,
                -0.0026053208857774734,
                0.9999964833259583,
                -1.5483291804230248e-07
            ],
            [
                0.05503427982330322,
                0.9984809160232544,
                0.0026094652712345123,
                -11.256314277648926
            ],
            [
                -0.0,
                0.0,
                -0.0,
                1.0
            ]
        ],
        "camera_location": [
            0.6194834113121033,
            11.239218711853027,
            0.029370933771133423
        ],
        "camera_rotation_euler": [
            1.1093189716339111,
            0.0,
            0.8149281740188599
        ],
        "camera_rotation_quaternion": [
            0.019490351900458336,
            0.01943962275981903,
            0.7059160470962524,
            0.7077604532241821
        ],
        "focal_length": 50.0,
        "sensor_width": 36.0,
        "sensor_height": 24.0
    },
    "objects": [
        {
            "object_name": "Cube",
            "bbox_2d": {
                "x_min": 687.5157017022059,
                "y_min": 318.92335374641186,
                "x_max": 1206.6489099549344,
                "y_max": 759.9769811724815,
                "width": 519.1332082527285,
                "height": 441.0536274260696,
                "center_x": 947.0823058285702,
                "center_y": 539.4501674594467
            },
            "visible_vertices": 8,
            "total_vertices": 8
        }
    ],
    "metadata": {
        "total_objects": 1,
        "render_settings": {
            "resolution_percentage": 50,
            "file_format": "PNG"
        }
    }
}