{
    "frame": "678",
    "image_filename": "render_678.png",
    "image_resolution": {
        "width": 1920,
        "height": 1080
    },
    "camera_parameters": {
        "intrinsic_matrix": [
            [
                2666.666666666667,
                0,
                960.0
            ],
            [
                0,
                2250.0,
                540.0
            ],
            [
                0,
                0,
                1
            ]
        ],
        "extrinsic_matrix": [
            [
                -0.1753930002450943,
                -0.9844985604286194,
                2.4482145022375335e-07,
                -5.960953330941265e-07
            ],
            [
                0.009737233631312847,
                -0.0017345339292660356,
                0.9999510645866394,
                -6.194752444343976e-08
            ],
            [
                -0.9844503998756409,
                0.17538437247276306,
                0.009890458546578884,
                -11.256316184997559
            ],
            [
                -0.0,
                0.0,
                -0.0,
                1.0
            ]
        ],
        "camera_location": [
            -11.081284523010254,
            1.9741820096969604,
            0.11133085191249847
        ],
        "camera_rotation_euler": [
            1.1093189716339111,
            0.0,
            0.8149281740188599
        ],
        "camera_rotation_quaternion": [
            0.45627927780151367,
            0.45178845524787903,
            -0.5393904447555542,
            -0.5447518229484558
        ],
        "focal_length": 50.0,
        "sensor_width": 36.0,
        "sensor_height": 24.0
    },
    "objects": [
        {
            "object_name": "Cube",
            "bbox_2d": {
                "x_min": 663.6565392327466,
                "y_min": 314.8250816080588,
                "x_max": 1216.5673285210407,
                "y_max": 760.4985191542012,
                "width": 552.9107892882942,
                "height": 445.6734375461424,
                "center_x": 940.1119338768937,
                "center_y": 537.66180038113
            },
            "visible_vertices": 8,
            "total_vertices": 8
        }
    ],
    "metadata": {
        "total_objects": 1,
        "render_settings": {
            "resolution_percentage": 50,
            "file_format": "PNG"
        }
    }
}