{
    "frame": "859",
    "image_filename": "render_859.png",
    "image_resolution": {
        "width": 1920,
        "height": 1080
    },
    "camera_parameters": {
        "intrinsic_matrix": [
            [
                2666.666666666667,
                0,
                960.0
            ],
            [
                0,
                2250.0,
                540.0
            ],
            [
                0,
                0,
                1
            ]
        ],
        "extrinsic_matrix": [
            [
                -0.3919641673564911,
                -0.919980525970459,
                -7.82310962677002e-08,
                -2.4786808694443607e-07
            ],
            [
                -0.1511571854352951,
                0.0644015371799469,
                0.9864097237586975,
                -4.85406644656905e-07
            ],
            [
                -0.9074776768684387,
                0.38663727045059204,
                -0.164304718375206,
                -11.256317138671875
            ],
            [
                -0.0,
                0.0,
                -0.0,
                1.0
            ]
        ],
        "camera_location": [
            -10.214855194091797,
            4.352110862731934,
            -1.8494657278060913
        ],
        "camera_rotation_euler": [
            1.1093189716339111,
            0.0,
            0.8149281740188599
        ],
        "camera_rotation_quaternion": [
            0.35641711950302124,
            0.42069557309150696,
            -0.6365277767181396,
            -0.5392721891403198
        ],
        "focal_length": 50.0,
        "sensor_width": 36.0,
        "sensor_height": 24.0
    },
    "objects": [
        {
            "object_name": "Cube",
            "bbox_2d": {
                "x_min": 629.0510091844203,
                "y_min": 321.65653067695246,
                "x_max": 1261.262709898807,
                "y_max": 807.0642453410171,
                "width": 632.2117007143868,
                "height": 485.40771466406466,
                "center_x": 945.1568595416137,
                "center_y": 564.3603880089847
            },
            "visible_vertices": 8,
            "total_vertices": 8
        }
    ],
    "metadata": {
        "total_objects": 1,
        "render_settings": {
            "resolution_percentage": 50,
            "file_format": "PNG"
        }
    }
}