{
    "frame": "435",
    "image_filename": "render_435.png",
    "image_resolution": {
        "width": 1920,
        "height": 1080
    },
    "camera_parameters": {
        "intrinsic_matrix": [
            [
                2666.666666666667,
                0,
                960.0
            ],
            [
                0,
                2250.0,
                540.0
            ],
            [
                0,
                0,
                1
            ]
        ],
        "extrinsic_matrix": [
            [
                0.7178391218185425,
                -0.6962090730667114,
                -5.5879340266073996e-08,
                4.809693336937926e-07
            ],
            [
                0.07078516483306885,
                0.07298440486192703,
                0.994817852973938,
                -1.2655465297939372e-06
            ],
            [
                -0.6926012635231018,
                -0.7141191363334656,
                0.10167237371206284,
                -11.256315231323242
            ],
            [
                -0.0,
                0.0,
                -0.0,
                1.0
            ]
        ],
        "camera_location": [
            -7.796138763427734,
            -8.038351058959961,
            1.144457221031189
        ],
        "camera_rotation_euler": [
            1.1093189716339111,
            0.0,
            0.8149281740188599
        ],
        "camera_rotation_quaternion": [
            0.6878401637077332,
            0.6211244463920593,
            -0.2517305016517639,
            -0.2787691354751587
        ],
        "focal_length": 50.0,
        "sensor_width": 36.0,
        "sensor_height": 24.0
    },
    "objects": [
        {
            "object_name": "Cube",
            "bbox_2d": {
                "x_min": 621.2993786952715,
                "y_min": 282.5629883963636,
                "x_max": 1297.3961754933462,
                "y_max": 743.944334942813,
                "width": 676.0967967980747,
                "height": 461.38134654644944,
                "center_x": 959.3477770943089,
                "center_y": 513.2536616695884
            },
            "visible_vertices": 8,
            "total_vertices": 8
        }
    ],
    "metadata": {
        "total_objects": 1,
        "render_settings": {
            "resolution_percentage": 50,
            "file_format": "PNG"
        }
    }
}