{
    "frame": "467",
    "image_filename": "render_467.png",
    "image_resolution": {
        "width": 1920,
        "height": 1080
    },
    "camera_parameters": {
        "intrinsic_matrix": [
            [
                2666.666666666667,
                0,
                960.0
            ],
            [
                0,
                2250.0,
                540.0
            ],
            [
                0,
                0,
                1
            ]
        ],
        "extrinsic_matrix": [
            [
                -0.6887314915657043,
                -0.7250162959098816,
                -1.8626447229053156e-07,
                -4.762092373766791e-07
            ],
            [
                0.06175801530480385,
                -0.05866740271449089,
                0.9963654279708862,
                -5.055956648902793e-07
            ],
            [
                -0.7223812341690063,
                0.686228334903717,
                0.08518178761005402,
                -11.256316184997559
            ],
            [
                0.0,
                0.0,
                -0.0,
                1.0
            ]
        ],
        "camera_location": [
            -8.131352424621582,
            7.724402904510498,
            0.9588322639465332
        ],
        "camera_rotation_euler": [
            1.1093189716339111,
            0.0,
            0.8149281740188599
        ],
        "camera_rotation_quaternion": [
            0.2905953824520111,
            0.2668117880821228,
            -0.6214665174484253,
            -0.6768642663955688
        ],
        "focal_length": 50.0,
        "sensor_width": 36.0,
        "sensor_height": 24.0
    },
    "objects": [
        {
            "object_name": "Cube",
            "bbox_2d": {
                "x_min": 621.4280581193893,
                "y_min": 287.02417171112586,
                "x_max": 1296.38792893256,
                "y_max": 741.880551261929,
                "width": 674.9598708131707,
                "height": 454.8563795508031,
                "center_x": 958.9079935259747,
                "center_y": 514.4523614865275
            },
            "visible_vertices": 8,
            "total_vertices": 8
        }
    ],
    "metadata": {
        "total_objects": 1,
        "render_settings": {
            "resolution_percentage": 50,
            "file_format": "PNG"
        }
    }
}