{
    "frame": "316",
    "image_filename": "render_316.png",
    "image_resolution": {
        "width": 1920,
        "height": 1080
    },
    "camera_parameters": {
        "intrinsic_matrix": [
            [
                2666.666666666667,
                0,
                960.0
            ],
            [
                0,
                2250.0,
                540.0
            ],
            [
                0,
                0,
                1
            ]
        ],
        "extrinsic_matrix": [
            [
                -0.8063122630119324,
                0.5914897322654724,
                -2.9802311729554276e-08,
                -6.730542789767924e-10
            ],
            [
                0.05975672975182533,
                0.08145984262228012,
                0.9948835372924805,
                -1.621407704988087e-06
            ],
            [
                0.5884634852409363,
                0.8021869659423828,
                -0.10102743655443192,
                -11.256315231323242
            ],
            [
                -0.0,
                0.0,
                0.0,
                1.0
            ]
        ],
        "camera_location": [
            6.623932361602783,
            9.029670715332031,
            -1.1371970176696777
        ],
        "camera_rotation_euler": [
            1.1093189716339111,
            0.0,
            0.8149281740188599
        ],
        "camera_rotation_quaternion": [
            0.20863837003707886,
            0.23089788854122162,
            0.7051240801811218,
            0.6371470093727112
        ],
        "focal_length": 50.0,
        "sensor_width": 36.0,
        "sensor_height": 24.0
    },
    "objects": [
        {
            "object_name": "Cube",
            "bbox_2d": {
                "x_min": 619.3291601957117,
                "y_min": 336.25048554316595,
                "x_max": 1287.8624685911593,
                "y_max": 796.4764358758354,
                "width": 668.5333083954476,
                "height": 460.2259503326694,
                "center_x": 953.5958143934355,
                "center_y": 566.3634607095007
            },
            "visible_vertices": 8,
            "total_vertices": 8
        }
    ],
    "metadata": {
        "total_objects": 1,
        "render_settings": {
            "resolution_percentage": 50,
            "file_format": "PNG"
        }
    }
}