{
    "frame": "887",
    "image_filename": "render_887.png",
    "image_resolution": {
        "width": 1920,
        "height": 1080
    },
    "camera_parameters": {
        "intrinsic_matrix": [
            [
                2666.666666666667,
                0,
                960.0
            ],
            [
                0,
                2250.0,
                540.0
            ],
            [
                0,
                0,
                1
            ]
        ],
        "extrinsic_matrix": [
            [
                -0.7836875319480896,
                -0.6211549043655396,
                -1.2665981330428622e-07,
                4.808670155398431e-07
            ],
            [
                -0.10013394802808762,
                0.12633508443832397,
                0.9869206547737122,
                -2.3833345039747655e-06
            ],
            [
                -0.6130306720733643,
                0.7734376192092896,
                -0.16120575368404388,
                -11.25631332397461
            ],
            [
                -0.0,
                0.0,
                -0.0,
                1.0
            ]
        ],
        "camera_location": [
            -6.900468349456787,
            8.706059455871582,
            -1.8145831823349
        ],
        "camera_rotation_euler": [
            1.1093189716339111,
            0.0,
            0.8149281740188599
        ],
        "camera_rotation_quaternion": [
            0.2129797339439392,
            0.25059089064598083,
            -0.7195882201194763,
            -0.6115854382514954
        ],
        "focal_length": 50.0,
        "sensor_width": 36.0,
        "sensor_height": 24.0
    },
    "objects": [
        {
            "object_name": "Cube",
            "bbox_2d": {
                "x_min": 627.1632946294533,
                "y_min": 321.2670410511831,
                "x_max": 1302.601481295422,
                "y_max": 812.1670342475827,
                "width": 675.4381866659687,
                "height": 490.8999931963996,
                "center_x": 964.8823879624376,
                "center_y": 566.717037649383
            },
            "visible_vertices": 8,
            "total_vertices": 8
        }
    ],
    "metadata": {
        "total_objects": 1,
        "render_settings": {
            "resolution_percentage": 50,
            "file_format": "PNG"
        }
    }
}