{
    "frame": "150",
    "image_filename": "render_150.png",
    "image_resolution": {
        "width": 1920,
        "height": 1080
    },
    "camera_parameters": {
        "intrinsic_matrix": [
            [
                2666.666666666667,
                0,
                960.0
            ],
            [
                0,
                2250.0,
                540.0
            ],
            [
                0,
                0,
                1
            ]
        ],
        "extrinsic_matrix": [
            [
                -0.6617234945297241,
                0.7497479915618896,
                -1.30385160446167e-08,
                -9.536366292195453e-07
            ],
            [
                0.046146754175424576,
                0.04072892665863037,
                0.9981040954589844,
                -1.1383817763999104e-06
            ],
            [
                0.7483264803886414,
                0.6604689359664917,
                -0.06154967099428177,
                -11.256317138671875
            ],
            [
                -0.0,
                0.0,
                0.0,
                1.0
            ]
        ],
        "camera_location": [
            8.423398971557617,
            7.434446811676025,
            -0.6928219795227051
        ],
        "camera_rotation_euler": [
            1.1093189716339111,
            0.0,
            0.8149281740188599
        ],
        "camera_rotation_quaternion": [
            0.2817160487174988,
            0.29962363839149475,
            0.6640787124633789,
            0.6243886947631836
        ],
        "focal_length": 50.0,
        "sensor_width": 36.0,
        "sensor_height": 24.0
    },
    "objects": [
        {
            "object_name": "Cube",
            "bbox_2d": {
                "x_min": 626.3966626911306,
                "y_min": 330.4892263652829,
                "x_max": 1298.881524215256,
                "y_max": 786.3603110520909,
                "width": 672.4848615241253,
                "height": 455.871084686808,
                "center_x": 962.6390934531933,
                "center_y": 558.4247687086869
            },
            "visible_vertices": 8,
            "total_vertices": 8
        }
    ],
    "metadata": {
        "total_objects": 1,
        "render_settings": {
            "resolution_percentage": 50,
            "file_format": "PNG"
        }
    }
}