{
    "frame": "685",
    "image_filename": "render_685.png",
    "image_resolution": {
        "width": 1920,
        "height": 1080
    },
    "camera_parameters": {
        "intrinsic_matrix": [
            [
                2666.666666666667,
                0,
                960.0
            ],
            [
                0,
                2250.0,
                540.0
            ],
            [
                0,
                0,
                1
            ]
        ],
        "extrinsic_matrix": [
            [
                0.7445948123931885,
                -0.6675167679786682,
                3.725289943190546e-08,
                9.574066552886507e-07
            ],
            [
                -0.04434526711702347,
                -0.04946571961045265,
                0.9977908134460449,
                2.6428963337821187e-06
            ],
            [
                -0.6660420894622803,
                -0.7429498434066772,
                -0.06643311679363251,
                -11.256315231323242
            ],
            [
                -0.0,
                0.0,
                -0.0,
                1.0
            ]
        ],
        "camera_location": [
            -7.497181415557861,
            -8.36287784576416,
            -0.7477949261665344
        ],
        "camera_rotation_euler": [
            1.1093189716339111,
            0.0,
            0.8149281740188599
        ],
        "camera_rotation_quaternion": [
            0.6381018757820129,
            0.6819995641708374,
            -0.260946661233902,
            -0.24415048956871033
        ],
        "focal_length": 50.0,
        "sensor_width": 36.0,
        "sensor_height": 24.0
    },
    "objects": [
        {
            "object_name": "Cube",
            "bbox_2d": {
                "x_min": 621.1498228436924,
                "y_min": 332.04872934466607,
                "x_max": 1294.2237394319295,
                "y_max": 787.7476718625591,
                "width": 673.0739165882371,
                "height": 455.698942517893,
                "center_x": 957.686781137811,
                "center_y": 559.8982006036126
            },
            "visible_vertices": 8,
            "total_vertices": 8
        }
    ],
    "metadata": {
        "total_objects": 1,
        "render_settings": {
            "resolution_percentage": 50,
            "file_format": "PNG"
        }
    }
}