{
    "frame": "949",
    "image_filename": "render_949.png",
    "image_resolution": {
        "width": 1920,
        "height": 1080
    },
    "camera_parameters": {
        "intrinsic_matrix": [
            [
                2666.666666666667,
                0,
                960.0
            ],
            [
                0,
                2250.0,
                540.0
            ],
            [
                0,
                0,
                1
            ]
        ],
        "extrinsic_matrix": [
            [
                0.6489203572273254,
                0.7608563899993896,
                1.7881389169360773e-07,
                -9.62943317972531e-07
            ],
            [
                -0.1004173681139946,
                0.08564403653144836,
                0.9912524223327637,
                -1.6805843188194558e-06
            ],
            [
                0.7542007565498352,
                -0.6432437300682068,
                0.13197942078113556,
                -11.256314277648926
            ],
            [
                -0.0,
                0.0,
                -0.0,
                1.0
            ]
        ],
        "camera_location": [
            8.489521980285645,
            -7.240556240081787,
            1.4856029748916626
        ],
        "camera_rotation_euler": [
            1.1093189716339111,
            0.0,
            0.8149281740188599
        ],
        "camera_rotation_quaternion": [
            0.6831076741218567,
            0.5981841087341309,
            0.27601826190948486,
            0.31520432233810425
        ],
        "focal_length": 50.0,
        "sensor_width": 36.0,
        "sensor_height": 24.0
    },
    "objects": [
        {
            "object_name": "Cube",
            "bbox_2d": {
                "x_min": 618.6512744720089,
                "y_min": 274.86140324250334,
                "x_max": 1294.606959856545,
                "y_max": 751.5475997897036,
                "width": 675.9556853845361,
                "height": 476.6861965472002,
                "center_x": 956.629117164277,
                "center_y": 513.2045015161034
            },
            "visible_vertices": 8,
            "total_vertices": 8
        }
    ],
    "metadata": {
        "total_objects": 1,
        "render_settings": {
            "resolution_percentage": 50,
            "file_format": "PNG"
        }
    }
}