{
    "frame": "207",
    "image_filename": "render_207.png",
    "image_resolution": {
        "width": 1920,
        "height": 1080
    },
    "camera_parameters": {
        "intrinsic_matrix": [
            [
                2666.666666666667,
                0,
                960.0
            ],
            [
                0,
                2250.0,
                540.0
            ],
            [
                0,
                0,
                1
            ]
        ],
        "extrinsic_matrix": [
            [
                0.6560890674591064,
                0.7546833753585815,
                2.137384313982693e-07,
                1.90741798178351e-06
            ],
            [
                0.006016573868691921,
                -0.005230659153312445,
                0.9999679923057556,
                -2.7292323920846684e-06
            ],
            [
                0.7546593546867371,
                -0.6560680270195007,
                -0.00797232799232006,
                -11.25631332397461
            ],
            [
                -0.0,
                0.0,
                -0.0,
                1.0
            ]
        ],
        "camera_location": [
            8.494684219360352,
            -7.384913444519043,
            -0.08973699808120728
        ],
        "camera_rotation_euler": [
            1.1093189716339111,
            0.0,
            0.8149281740188599
        ],
        "camera_rotation_quaternion": [
            0.6408756971359253,
            0.6460054516792297,
            0.2943860590457916,
            0.29204848408699036
        ],
        "focal_length": 50.0,
        "sensor_width": 36.0,
        "sensor_height": 24.0
    },
    "objects": [
        {
            "object_name": "Cube",
            "bbox_2d": {
                "x_min": 622.5875575353651,
                "y_min": 313.865095885933,
                "x_max": 1291.5482335404054,
                "y_max": 770.9042001441126,
                "width": 668.9606760050402,
                "height": 457.0391042581796,
                "center_x": 957.0678955378853,
                "center_y": 542.3846480150228
            },
            "visible_vertices": 8,
            "total_vertices": 8
        }
    ],
    "metadata": {
        "total_objects": 1,
        "render_settings": {
            "resolution_percentage": 50,
            "file_format": "PNG"
        }
    }
}