{
    "frame": "786",
    "image_filename": "render_786.png",
    "image_resolution": {
        "width": 1920,
        "height": 1080
    },
    "camera_parameters": {
        "intrinsic_matrix": [
            [
                2666.666666666667,
                0,
                960.0
            ],
            [
                0,
                2250.0,
                540.0
            ],
            [
                0,
                0,
                1
            ]
        ],
        "extrinsic_matrix": [
            [
                0.7138765454292297,
                0.7002716660499573,
                3.7252898543727042e-09,
                -9.6096391644096e-07
            ],
            [
                -0.07795175164937973,
                0.07946628332138062,
                0.99378502368927,
                -8.019694064387295e-07
            ],
            [
                0.6959194540977478,
                -0.709439754486084,
                0.11131653189659119,
                -11.256316184997559
            ],
            [
                -0.0,
                0.0,
                -0.0,
                1.0
            ]
        ],
        "camera_location": [
            7.833489894866943,
            -7.985677242279053,
            1.2530145645141602
        ],
        "camera_rotation_euler": [
            1.1093189716339111,
            0.0,
            0.8149281740188599
        ],
        "camera_rotation_quaternion": [
            0.690047025680542,
            0.6170684099197388,
            0.25212758779525757,
            0.2819458246231079
        ],
        "focal_length": 50.0,
        "sensor_width": 36.0,
        "sensor_height": 24.0
    },
    "objects": [
        {
            "object_name": "Cube",
            "bbox_2d": {
                "x_min": 622.0466298068798,
                "y_min": 279.998235961571,
                "x_max": 1298.7747801714422,
                "y_max": 746.3849329844479,
                "width": 676.7281503645625,
                "height": 466.3866970228769,
                "center_x": 960.410704989161,
                "center_y": 513.1915844730095
            },
            "visible_vertices": 8,
            "total_vertices": 8
        }
    ],
    "metadata": {
        "total_objects": 1,
        "render_settings": {
            "resolution_percentage": 50,
            "file_format": "PNG"
        }
    }
}