{
    "frame": "657",
    "image_filename": "render_657.png",
    "image_resolution": {
        "width": 1920,
        "height": 1080
    },
    "camera_parameters": {
        "intrinsic_matrix": [
            [
                2666.666666666667,
                0,
                960.0
            ],
            [
                0,
                2250.0,
                540.0
            ],
            [
                0,
                0,
                1
            ]
        ],
        "extrinsic_matrix": [
            [
                -0.9117014408111572,
                0.4108527600765228,
                6.519255180137407e-08,
                5.61328483694723e-10
            ],
            [
                0.02996862307190895,
                0.06650172173976898,
                0.9973359704017639,
                -8.533737059224222e-07
            ],
            [
                0.4097583293914795,
                0.9092729091644287,
                -0.07294222712516785,
                -11.25631332397461
            ],
            [
                -0.0,
                -0.0,
                -0.0,
                1.0
            ]
        ],
        "camera_location": [
            4.612370491027832,
            10.235064506530762,
            -0.8210622668266296
        ],
        "camera_rotation_euler": [
            1.1093189716339111,
            0.0,
            0.8149281740188599
        ],
        "camera_rotation_quaternion": [
            0.14305388927459717,
            0.15389855206012726,
            0.7160910964012146,
            0.6656308770179749
        ],
        "focal_length": 50.0,
        "sensor_width": 36.0,
        "sensor_height": 24.0
    },
    "objects": [
        {
            "object_name": "Cube",
            "bbox_2d": {
                "x_min": 629.8934686419284,
                "y_min": 334.5174558732964,
                "x_max": 1261.878426658495,
                "y_max": 785.8548518546359,
                "width": 631.9849580165667,
                "height": 451.33739598133945,
                "center_x": 945.8859476502117,
                "center_y": 560.1861538639662
            },
            "visible_vertices": 8,
            "total_vertices": 8
        }
    ],
    "metadata": {
        "total_objects": 1,
        "render_settings": {
            "resolution_percentage": 50,
            "file_format": "PNG"
        }
    }
}