{
    "frame": "37",
    "image_filename": "render_037.png",
    "image_resolution": {
        "width": 1920,
        "height": 1080
    },
    "camera_parameters": {
        "intrinsic_matrix": [
            [
                2666.666666666667,
                0,
                960.0
            ],
            [
                0,
                2250.0,
                540.0
            ],
            [
                0,
                0,
                1
            ]
        ],
        "extrinsic_matrix": [
            [
                -0.1405714601278305,
                -0.9900705814361572,
                1.1909288133438167e-07,
                9.536807965560001e-07
            ],
            [
                -0.0036083587910979986,
                0.0005124154849909246,
                0.9999933838844299,
                1.094438516702212e-06
            ],
            [
                -0.9900639653205872,
                0.1405705064535141,
                -0.0036445881705731153,
                -11.256316184997559
            ],
            [
                0.0,
                0.0,
                -0.0,
                1.0
            ]
        ],
        "camera_location": [
            -11.1444730758667,
            1.58230721950531,
            -0.041025422513484955
        ],
        "camera_rotation_euler": [
            1.1093189716339111,
            0.0,
            0.8149281740188599
        ],
        "camera_rotation_quaternion": [
            0.4626814126968384,
            0.4643707275390625,
            -0.5349599123001099,
            -0.5330137014389038
        ],
        "focal_length": 50.0,
        "sensor_width": 36.0,
        "sensor_height": 24.0
    },
    "objects": [
        {
            "object_name": "Cube",
            "bbox_2d": {
                "x_min": 670.1801346830669,
                "y_min": 318.6304289964173,
                "x_max": 1209.132548045554,
                "y_max": 763.0414228421423,
                "width": 538.952413362487,
                "height": 444.410993845725,
                "center_x": 939.6563413643104,
                "center_y": 540.8359259192798
            },
            "visible_vertices": 8,
            "total_vertices": 8
        }
    ],
    "metadata": {
        "total_objects": 1,
        "render_settings": {
            "resolution_percentage": 50,
            "file_format": "PNG"
        }
    }
}