{
    "frame": "485",
    "image_filename": "render_485.png",
    "image_resolution": {
        "width": 1920,
        "height": 1080
    },
    "camera_parameters": {
        "intrinsic_matrix": [
            [
                2666.666666666667,
                0,
                960.0
            ],
            [
                0,
                2250.0,
                540.0
            ],
            [
                0,
                0,
                1
            ]
        ],
        "extrinsic_matrix": [
            [
                -0.6451106071472168,
                0.7640891671180725,
                -8.940696005765858e-08,
                4.891639378001855e-07
            ],
            [
                -0.11149635910987854,
                -0.09413477033376694,
                0.9892963171005249,
                -4.128825139559922e-07
            ],
            [
                0.7559105753898621,
                0.6382055878639221,
                0.14592058956623077,
                -11.256316184997559
            ],
            [
                -0.0,
                -0.0,
                -0.0,
                1.0
            ]
        ],
        "camera_location": [
            8.508769035339355,
            7.183843612670898,
            1.6425278186798096
        ],
        "camera_rotation_euler": [
            1.1093189716339111,
            0.0,
            0.8149281740188599
        ],
        "camera_rotation_quaternion": [
            0.3188554346561432,
            0.27527424693107605,
            0.5926751494407654,
            0.6865067481994629
        ],
        "focal_length": 50.0,
        "sensor_width": 36.0,
        "sensor_height": 24.0
    },
    "objects": [
        {
            "object_name": "Cube",
            "bbox_2d": {
                "x_min": 625.3158666748998,
                "y_min": 271.3593929785526,
                "x_max": 1301.8512299126755,
                "y_max": 755.0092490190805,
                "width": 676.5353632377758,
                "height": 483.6498560405279,
                "center_x": 963.5835482937877,
                "center_y": 513.1843209988165
            },
            "visible_vertices": 8,
            "total_vertices": 8
        }
    ],
    "metadata": {
        "total_objects": 1,
        "render_settings": {
            "resolution_percentage": 50,
            "file_format": "PNG"
        }
    }
}