{
    "frame": "100",
    "image_filename": "render_100.png",
    "image_resolution": {
        "width": 1920,
        "height": 1080
    },
    "camera_parameters": {
        "intrinsic_matrix": [
            [
                2666.666666666667,
                0,
                960.0
            ],
            [
                0,
                2250.0,
                540.0
            ],
            [
                0,
                0,
                1
            ]
        ],
        "extrinsic_matrix": [
            [
                0.8698264360427856,
                -0.49335795640945435,
                2.2351745343485163e-08,
                7.444676874968081e-09
            ],
            [
                0.07659150660037994,
                0.13503648340702057,
                0.9878759980201721,
                1.1235954389121616e-06
            ],
            [
                -0.48737648129463196,
                -0.8592806458473206,
                0.1552453190088272,
                -11.256318092346191
            ],
            [
                -0.0,
                0.0,
                -0.0,
                1.0
            ]
        ],
        "camera_location": [
            -5.486063480377197,
            -9.672333717346191,
            1.747489333152771
        ],
        "camera_rotation_euler": [
            1.1093189716339111,
            0.0,
            0.8149281740188599
        ],
        "camera_rotation_quaternion": [
            0.7348653078079224,
            0.628399670124054,
            -0.1658046841621399,
            -0.1938958764076233
        ],
        "focal_length": 50.0,
        "sensor_width": 36.0,
        "sensor_height": 24.0
    },
    "objects": [
        {
            "object_name": "Cube",
            "bbox_2d": {
                "x_min": 621.1891773312988,
                "y_min": 271.85230685214515,
                "x_max": 1276.8452547991092,
                "y_max": 756.8175595184055,
                "width": 655.6560774678104,
                "height": 484.9652526662603,
                "center_x": 949.0172160652039,
                "center_y": 514.3349331852753
            },
            "visible_vertices": 8,
            "total_vertices": 8
        }
    ],
    "metadata": {
        "total_objects": 1,
        "render_settings": {
            "resolution_percentage": 50,
            "file_format": "PNG"
        }
    }
}