{
    "frame": "880",
    "image_filename": "render_880.png",
    "image_resolution": {
        "width": 1920,
        "height": 1080
    },
    "camera_parameters": {
        "intrinsic_matrix": [
            [
                2666.666666666667,
                0,
                960.0
            ],
            [
                0,
                2250.0,
                540.0
            ],
            [
                0,
                0,
                1
            ]
        ],
        "extrinsic_matrix": [
            [
                -0.9867510199546814,
                0.16223983466625214,
                -4.842874545829545e-08,
                -2.407359431799705e-07
            ],
            [
                -0.021260075271129608,
                -0.12930448353290558,
                0.9913767576217651,
                -1.817634597500728e-06
            ],
            [
                0.16084082424640656,
                0.9782423973083496,
                0.13104084134101868,
                -11.256315231323242
            ],
            [
                -0.0,
                -0.0,
                -0.0,
                1.0
            ]
        ],
        "camera_location": [
            1.8104755878448486,
            11.011407852172852,
            1.47503662109375
        ],
        "camera_rotation_euler": [
            1.1093189716339111,
            0.0,
            0.8149281740188599
        ],
        "camera_rotation_quaternion": [
            0.061206161975860596,
            0.05364822596311569,
            0.6569638252258301,
            0.749515950679779
        ],
        "focal_length": 50.0,
        "sensor_width": 36.0,
        "sensor_height": 24.0
    },
    "objects": [
        {
            "object_name": "Cube",
            "bbox_2d": {
                "x_min": 662.7539274016797,
                "y_min": 289.28731947043457,
                "x_max": 1216.5569385703825,
                "y_max": 749.4984517435347,
                "width": 553.8030111687028,
                "height": 460.21113227310013,
                "center_x": 939.6554329860311,
                "center_y": 519.3928856069847
            },
            "visible_vertices": 8,
            "total_vertices": 8
        }
    ],
    "metadata": {
        "total_objects": 1,
        "render_settings": {
            "resolution_percentage": 50,
            "file_format": "PNG"
        }
    }
}