{
    "frame": "219",
    "image_filename": "render_219.png",
    "image_resolution": {
        "width": 1920,
        "height": 1080
    },
    "camera_parameters": {
        "intrinsic_matrix": [
            [
                2666.666666666667,
                0,
                960.0
            ],
            [
                0,
                2250.0,
                540.0
            ],
            [
                0,
                0,
                1
            ]
        ],
        "extrinsic_matrix": [
            [
                -0.8358337879180908,
                -0.5489823818206787,
                -2.3841852225814364e-07,
                4.800958208761585e-07
            ],
            [
                0.08736331760883331,
                -0.1330123245716095,
                0.9872563481330872,
                -1.322136881753977e-06
            ],
            [
                -0.5419864058494568,
                0.8251823782920837,
                0.15913723409175873,
                -11.256314277648926
            ],
            [
                0.0,
                0.0,
                -0.0,
                1.0
            ]
        ],
        "camera_location": [
            -6.100770950317383,
            9.288514137268066,
            1.79129958152771
        ],
        "camera_rotation_euler": [
            1.1093189716339111,
            0.0,
            0.8149281740188599
        ],
        "camera_rotation_quaternion": [
            0.21811175346374512,
            0.18576954305171967,
            -0.6212254762649536,
            -0.7293804883956909
        ],
        "focal_length": 50.0,
        "sensor_width": 36.0,
        "sensor_height": 24.0
    },
    "objects": [
        {
            "object_name": "Cube",
            "bbox_2d": {
                "x_min": 635.5076696756983,
                "y_min": 269.5881366081052,
                "x_max": 1301.4877892169707,
                "y_max": 757.9953077373557,
                "width": 665.9801195412724,
                "height": 488.4071711292505,
                "center_x": 968.4977294463345,
                "center_y": 513.7917221727305
            },
            "visible_vertices": 8,
            "total_vertices": 8
        }
    ],
    "metadata": {
        "total_objects": 1,
        "render_settings": {
            "resolution_percentage": 50,
            "file_format": "PNG"
        }
    }
}