{
    "frame": "776",
    "image_filename": "render_776.png",
    "image_resolution": {
        "width": 1920,
        "height": 1080
    },
    "camera_parameters": {
        "intrinsic_matrix": [
            [
                2666.666666666667,
                0,
                960.0
            ],
            [
                0,
                2250.0,
                540.0
            ],
            [
                0,
                0,
                1
            ]
        ],
        "extrinsic_matrix": [
            [
                0.6599177718162537,
                -0.7513377070426941,
                -1.490115550950577e-07,
                4.804888362741622e-07
            ],
            [
                0.13204661011695862,
                0.1159796342253685,
                0.984434962272644,
                -2.2766178062738618e-06
            ],
            [
                -0.7396432161331177,
                -0.6496461033821106,
                0.17574869096279144,
                -11.256314277648926
            ],
            [
                -0.0,
                0.0,
                -0.0,
                1.0
            ]
        ],
        "camera_location": [
            -8.325657844543457,
            -7.312623500823975,
            1.9782845973968506
        ],
        "camera_rotation_euler": [
            1.1093189716339111,
            0.0,
            0.8149281740188599
        ],
        "camera_rotation_quaternion": [
            0.698506772518158,
            0.584848165512085,
            -0.2647230327129364,
            -0.31616896390914917
        ],
        "focal_length": 50.0,
        "sensor_width": 36.0,
        "sensor_height": 24.0
    },
    "objects": [
        {
            "object_name": "Cube",
            "bbox_2d": {
                "x_min": 623.1012256502303,
                "y_min": 263.87678585316655,
                "x_max": 1302.4160548223606,
                "y_max": 762.3788942886024,
                "width": 679.3148291721303,
                "height": 498.50210843543584,
                "center_x": 962.7586402362954,
                "center_y": 513.1278400708845
            },
            "visible_vertices": 8,
            "total_vertices": 8
        }
    ],
    "metadata": {
        "total_objects": 1,
        "render_settings": {
            "resolution_percentage": 50,
            "file_format": "PNG"
        }
    }
}