{
    "frame": "475",
    "image_filename": "render_475.png",
    "image_resolution": {
        "width": 1920,
        "height": 1080
    },
    "camera_parameters": {
        "intrinsic_matrix": [
            [
                2666.666666666667,
                0,
                960.0
            ],
            [
                0,
                2250.0,
                540.0
            ],
            [
                0,
                0,
                1
            ]
        ],
        "extrinsic_matrix": [
            [
                0.43446993827819824,
                0.9006863832473755,
                7.823110337312755e-08,
                4.791251626556914e-07
            ],
            [
                -0.13870151340961456,
                0.06690625846385956,
                0.988071620464325,
                -1.0737022648754646e-07
            ],
            [
                0.8899425864219666,
                -0.4292874038219452,
                0.1539953202009201,
                -11.256317138671875
            ],
            [
                -0.0,
                0.0,
                -0.0,
                1.0
            ]
        ],
        "camera_location": [
            10.017475128173828,
            -4.832194805145264,
            1.7334200143814087
        ],
        "camera_rotation_euler": [
            1.1093189716339111,
            0.0,
            0.8149281740188599
        ],
        "camera_rotation_quaternion": [
            0.6433061957359314,
            0.5508103966712952,
            0.34584715962409973,
            0.40392422676086426
        ],
        "focal_length": 50.0,
        "sensor_width": 36.0,
        "sensor_height": 24.0
    },
    "objects": [
        {
            "object_name": "Cube",
            "bbox_2d": {
                "x_min": 625.4266062385148,
                "y_min": 273.8463195144777,
                "x_max": 1267.9151085473736,
                "y_max": 756.219242375071,
                "width": 642.4885023088589,
                "height": 482.37292286059323,
                "center_x": 946.6708573929442,
                "center_y": 515.0327809447743
            },
            "visible_vertices": 8,
            "total_vertices": 8
        }
    ],
    "metadata": {
        "total_objects": 1,
        "render_settings": {
            "resolution_percentage": 50,
            "file_format": "PNG"
        }
    }
}