{
    "frame": "322",
    "image_filename": "render_322.png",
    "image_resolution": {
        "width": 1920,
        "height": 1080
    },
    "camera_parameters": {
        "intrinsic_matrix": [
            [
                2666.666666666667,
                0,
                960.0
            ],
            [
                0,
                2250.0,
                540.0
            ],
            [
                0,
                0,
                1
            ]
        ],
        "extrinsic_matrix": [
            [
                0.897882878780365,
                -0.44023457169532776,
                -7.450580596923828e-08,
                4.776517243954004e-07
            ],
            [
                0.05849349871277809,
                0.11930062621831894,
                0.9911336302757263,
                -1.972900008695433e-06
            ],
            [
                -0.43633127212524414,
                -0.8899219036102295,
                0.13286884129047394,
                -11.256317138671875
            ],
            [
                -0.0,
                0.0,
                -0.0,
                1.0
            ]
        ],
        "camera_location": [
            -4.911482334136963,
            -10.017241477966309,
            1.4956154823303223
        ],
        "camera_rotation_euler": [
            1.1093189716339111,
            0.0,
            0.8149281740188599
        ],
        "camera_rotation_quaternion": [
            0.7331528663635254,
            0.6414268016815186,
            -0.14878588914871216,
            -0.17006278038024902
        ],
        "focal_length": 50.0,
        "sensor_width": 36.0,
        "sensor_height": 24.0
    },
    "objects": [
        {
            "object_name": "Cube",
            "bbox_2d": {
                "x_min": 625.5705969565258,
                "y_min": 278.6356617385741,
                "x_max": 1268.2232064366692,
                "y_max": 751.2567120749096,
                "width": 642.6526094801434,
                "height": 472.62105033633554,
                "center_x": 946.8969016965975,
                "center_y": 514.9461869067418
            },
            "visible_vertices": 8,
            "total_vertices": 8
        }
    ],
    "metadata": {
        "total_objects": 1,
        "render_settings": {
            "resolution_percentage": 50,
            "file_format": "PNG"
        }
    }
}