{
    "frame": "31",
    "image_filename": "render_031.png",
    "image_resolution": {
        "width": 1920,
        "height": 1080
    },
    "camera_parameters": {
        "intrinsic_matrix": [
            [
                2666.666666666667,
                0,
                960.0
            ],
            [
                0,
                2250.0,
                540.0
            ],
            [
                0,
                0,
                1
            ]
        ],
        "extrinsic_matrix": [
            [
                0.8925893306732178,
                -0.4508705735206604,
                -4.8428766774577525e-08,
                4.862300215791038e-07
            ],
            [
                -0.06065509468317032,
                -0.12007904797792435,
                0.9909095764160156,
                -1.1199791742910747e-06
            ],
            [
                -0.446772038936615,
                -0.8844753503799438,
                -0.13452886044979095,
                -11.256316184997559
            ],
            [
                -0.0,
                0.0,
                -0.0,
                1.0
            ]
        ],
        "camera_location": [
            -5.029007911682129,
            -9.955934524536133,
            -1.5142985582351685
        ],
        "camera_rotation_euler": [
            1.1093189716339111,
            0.0,
            0.8149281740188599
        ],
        "camera_rotation_quaternion": [
            0.6399182677268982,
            0.7326658964157104,
            -0.1745426207780838,
            -0.1524474173784256
        ],
        "focal_length": 50.0,
        "sensor_width": 36.0,
        "sensor_height": 24.0
    },
    "objects": [
        {
            "object_name": "Cube",
            "bbox_2d": {
                "x_min": 624.6824196049524,
                "y_min": 328.3085575319501,
                "x_max": 1269.9235563874631,
                "y_max": 802.0577608917799,
                "width": 645.2411367825107,
                "height": 473.74920335982983,
                "center_x": 947.3029879962078,
                "center_y": 565.183159211865
            },
            "visible_vertices": 8,
            "total_vertices": 8
        }
    ],
    "metadata": {
        "total_objects": 1,
        "render_settings": {
            "resolution_percentage": 50,
            "file_format": "PNG"
        }
    }
}