{
    "frame": "50",
    "image_filename": "render_050.png",
    "image_resolution": {
        "width": 1920,
        "height": 1080
    },
    "camera_parameters": {
        "intrinsic_matrix": [
            [
                2666.666666666667,
                0,
                960.0
            ],
            [
                0,
                2250.0,
                540.0
            ],
            [
                0,
                0,
                1
            ]
        ],
        "extrinsic_matrix": [
            [
                -0.9998916387557983,
                0.014706164598464966,
                -5.750914056079637e-08,
                -4.521449170624692e-08
            ],
            [
                0.0023690720554441214,
                0.16108033061027527,
                0.9869382977485657,
                -2.7420094284025254e-06
            ],
            [
                0.01451408863067627,
                0.9868316054344177,
                -0.16109754145145416,
                -11.256314277648926
            ],
            [
                -0.0,
                0.0,
                0.0,
                1.0
            ]
        ],
        "camera_location": [
            0.16337518393993378,
            11.1080904006958,
            -1.813364863395691
        ],
        "camera_rotation_euler": [
            1.1093189716339111,
            0.0,
            0.8149281740188599
        ],
        "camera_rotation_quaternion": [
            0.004762379918247461,
            0.005602723453193903,
            0.761916995048523,
            0.6476330161094666
        ],
        "focal_length": 50.0,
        "sensor_width": 36.0,
        "sensor_height": 24.0
    },
    "objects": [
        {
            "object_name": "Cube",
            "bbox_2d": {
                "x_min": 692.7253736329362,
                "y_min": 326.0236414852692,
                "x_max": 1220.2729076475157,
                "y_max": 788.4974643466232,
                "width": 527.5475340145795,
                "height": 462.47382286135405,
                "center_x": 956.499140640226,
                "center_y": 557.2605529159462
            },
            "visible_vertices": 8,
            "total_vertices": 8
        }
    ],
    "metadata": {
        "total_objects": 1,
        "render_settings": {
            "resolution_percentage": 50,
            "file_format": "PNG"
        }
    }
}