{
    "frame": "551",
    "image_filename": "render_551.png",
    "image_resolution": {
        "width": 1920,
        "height": 1080
    },
    "camera_parameters": {
        "intrinsic_matrix": [
            [
                2666.666666666667,
                0,
                960.0
            ],
            [
                0,
                2250.0,
                540.0
            ],
            [
                0,
                0,
                1
            ]
        ],
        "extrinsic_matrix": [
            [
                -0.5159175992012024,
                0.8566381335258484,
                7.4505797087454084e-09,
                -1.918921725518885e-06
            ],
            [
                0.13379739224910736,
                0.08058063685894012,
                0.987727165222168,
                -5.523664299289521e-07
            ],
            [
                0.8461248278617859,
                0.5095858573913574,
                -0.15618887543678284,
                -11.256316184997559
            ],
            [
                -0.0,
                0.0,
                -0.0,
                1.0
            ]
        ],
        "camera_location": [
            9.524248123168945,
            5.736061096191406,
            -1.7581114768981934
        ],
        "camera_rotation_euler": [
            1.1093189716339111,
            0.0,
            0.8149281740188599
        ],
        "camera_rotation_quaternion": [
            0.31955990195274353,
            0.3740623891353607,
            0.6619454622268677,
            0.5654971599578857
        ],
        "focal_length": 50.0,
        "sensor_width": 36.0,
        "sensor_height": 24.0
    },
    "objects": [
        {
            "object_name": "Cube",
            "bbox_2d": {
                "x_min": 639.9641278360555,
                "y_min": 322.85379778396464,
                "x_max": 1300.0495934354262,
                "y_max": 808.9460977829676,
                "width": 660.0854655993708,
                "height": 486.092299999003,
                "center_x": 970.0068606357408,
                "center_y": 565.8999477834661
            },
            "visible_vertices": 8,
            "total_vertices": 8
        }
    ],
    "metadata": {
        "total_objects": 1,
        "render_settings": {
            "resolution_percentage": 50,
            "file_format": "PNG"
        }
    }
}