{
    "frame": "963",
    "image_filename": "render_963.png",
    "image_resolution": {
        "width": 1920,
        "height": 1080
    },
    "camera_parameters": {
        "intrinsic_matrix": [
            [
                2666.666666666667,
                0,
                960.0
            ],
            [
                0,
                2250.0,
                540.0
            ],
            [
                0,
                0,
                1
            ]
        ],
        "extrinsic_matrix": [
            [
                0.9619028568267822,
                0.2733914852142334,
                7.543710012214433e-08,
                4.771305839312845e-07
            ],
            [
                -0.01359430979937315,
                0.0478302426636219,
                0.998762845993042,
                -3.970831585320411e-06
            ],
            [
                0.27305328845977783,
                -0.9607127904891968,
                0.04972462356090546,
                -11.256314277648926
            ],
            [
                -0.0,
                0.0,
                -0.0,
                1.0
            ]
        ],
        "camera_location": [
            3.073573589324951,
            -10.814088821411133,
            0.5597200989723206
        ],
        "camera_rotation_euler": [
            1.1093189716339111,
            0.0,
            0.8149281740188599
        ],
        "camera_rotation_quaternion": [
            0.7175406813621521,
            0.6827056407928467,
            0.09513512253761292,
            0.0999894067645073
        ],
        "focal_length": 50.0,
        "sensor_width": 36.0,
        "sensor_height": 24.0
    },
    "objects": [
        {
            "object_name": "Cube",
            "bbox_2d": {
                "x_min": 683.049362316814,
                "y_min": 303.1685942415238,
                "x_max": 1273.1607986462493,
                "y_max": 751.4749397141488,
                "width": 590.1114363294353,
                "height": 448.306345472625,
                "center_x": 978.1050804815317,
                "center_y": 527.3217669778363
            },
            "visible_vertices": 8,
            "total_vertices": 8
        }
    ],
    "metadata": {
        "total_objects": 1,
        "render_settings": {
            "resolution_percentage": 50,
            "file_format": "PNG"
        }
    }
}