{
    "frame": "845",
    "image_filename": "render_845.png",
    "image_resolution": {
        "width": 1920,
        "height": 1080
    },
    "camera_parameters": {
        "intrinsic_matrix": [
            [
                2666.666666666667,
                0,
                960.0
            ],
            [
                0,
                2250.0,
                540.0
            ],
            [
                0,
                0,
                1
            ]
        ],
        "extrinsic_matrix": [
            [
                0.15570800006389618,
                -0.9878031015396118,
                -1.3294628331550484e-07,
                1.073013550012547e-06
            ],
            [
                -0.014536185190081596,
                -0.0022914332803338766,
                0.9998916983604431,
                -4.650025573482708e-07
            ],
            [
                -0.98769611120224,
                -0.15569108724594116,
                -0.014715642668306828,
                -11.256316184997559
            ],
            [
                -0.0,
                0.0,
                -0.0,
                1.0
            ]
        ],
        "camera_location": [
            -11.117820739746094,
            -1.7525076866149902,
            -0.16564393043518066
        ],
        "camera_rotation_euler": [
            1.1093189716339111,
            0.0,
            0.8149281740188599
        ],
        "camera_rotation_quaternion": [
            0.5335496664047241,
            0.541459858417511,
            -0.46279484033584595,
            -0.45603394508361816
        ],
        "focal_length": 50.0,
        "sensor_width": 36.0,
        "sensor_height": 24.0
    },
    "objects": [
        {
            "object_name": "Cube",
            "bbox_2d": {
                "x_min": 707.435346643978,
                "y_min": 320.961725134728,
                "x_max": 1252.9373809540389,
                "y_max": 765.8785284386754,
                "width": 545.5020343100608,
                "height": 444.9168033039474,
                "center_x": 980.1863637990084,
                "center_y": 543.4201267867018
            },
            "visible_vertices": 8,
            "total_vertices": 8
        }
    ],
    "metadata": {
        "total_objects": 1,
        "render_settings": {
            "resolution_percentage": 50,
            "file_format": "PNG"
        }
    }
}