{
    "frame": "897",
    "image_filename": "render_897.png",
    "image_resolution": {
        "width": 1920,
        "height": 1080
    },
    "camera_parameters": {
        "intrinsic_matrix": [
            [
                2666.666666666667,
                0,
                960.0
            ],
            [
                0,
                2250.0,
                540.0
            ],
            [
                0,
                0,
                1
            ]
        ],
        "extrinsic_matrix": [
            [
                0.5663888454437256,
                -0.8241381645202637,
                -2.9802322387695312e-08,
                -4.793820949089422e-07
            ],
            [
                0.1357497125864029,
                0.0932939276099205,
                0.9863408803939819,
                -1.5533257737843087e-06
            ],
            [
                -0.8128811120986938,
                -0.5586524605751038,
                0.1647171527147293,
                -11.256316184997559
            ],
            [
                -0.0,
                0.0,
                -0.0,
                1.0
            ]
        ],
        "camera_location": [
            -9.150046348571777,
            -6.2883687019348145,
            1.8541098833084106
        ],
        "camera_rotation_euler": [
            1.1093189716339111,
            0.0,
            0.8149281740188599
        ],
        "camera_rotation_quaternion": [
            0.6753517389297485,
            0.571921706199646,
            -0.30091026425361633,
            -0.35532885789871216
        ],
        "focal_length": 50.0,
        "sensor_width": 36.0,
        "sensor_height": 24.0
    },
    "objects": [
        {
            "object_name": "Cube",
            "bbox_2d": {
                "x_min": 633.1776000312012,
                "y_min": 267.88509803975535,
                "x_max": 1302.1561989589286,
                "y_max": 759.4160675115862,
                "width": 668.9785989277274,
                "height": 491.5309694718309,
                "center_x": 967.6668994950649,
                "center_y": 513.6505827756707
            },
            "visible_vertices": 8,
            "total_vertices": 8
        }
    ],
    "metadata": {
        "total_objects": 1,
        "render_settings": {
            "resolution_percentage": 50,
            "file_format": "PNG"
        }
    }
}