{
    "frame": "410",
    "image_filename": "render_410.png",
    "image_resolution": {
        "width": 1920,
        "height": 1080
    },
    "camera_parameters": {
        "intrinsic_matrix": [
            [
                2666.666666666667,
                0,
                960.0
            ],
            [
                0,
                2250.0,
                540.0
            ],
            [
                0,
                0,
                1
            ]
        ],
        "extrinsic_matrix": [
            [
                -0.4264770448207855,
                0.9044982194900513,
                2.1234147595805553e-07,
                3.842677415377693e-06
            ],
            [
                0.11558160930871964,
                0.05449739843606949,
                0.9918017387390137,
                -7.039324714241957e-07
            ],
            [
                0.897083044052124,
                0.4229808449745178,
                -0.12778513133525848,
                -11.256314277648926
            ],
            [
                -0.0,
                -0.0,
                -0.0,
                1.0
            ]
        ],
        "camera_location": [
            10.09785270690918,
            4.761202812194824,
            -1.438390851020813
        ],
        "camera_rotation_euler": [
            1.1093189716339111,
            0.0,
            0.8149281740188599
        ],
        "camera_rotation_quaternion": [
            0.3536365032196045,
            0.40212273597717285,
            0.6341844797134399,
            0.5577173829078674
        ],
        "focal_length": 50.0,
        "sensor_width": 36.0,
        "sensor_height": 24.0
    },
    "objects": [
        {
            "object_name": "Cube",
            "bbox_2d": {
                "x_min": 654.0972427994261,
                "y_min": 329.99769483508226,
                "x_max": 1293.1251636535321,
                "y_max": 799.7596221363101,
                "width": 639.027920854106,
                "height": 469.76192730122784,
                "center_x": 973.6112032264791,
                "center_y": 564.8786584856962
            },
            "visible_vertices": 8,
            "total_vertices": 8
        }
    ],
    "metadata": {
        "total_objects": 1,
        "render_settings": {
            "resolution_percentage": 50,
            "file_format": "PNG"
        }
    }
}