{
    "frame": "52",
    "image_filename": "render_052.png",
    "image_resolution": {
        "width": 1920,
        "height": 1080
    },
    "camera_parameters": {
        "intrinsic_matrix": [
            [
                2666.666666666667,
                0,
                960.0
            ],
            [
                0,
                2250.0,
                540.0
            ],
            [
                0,
                0,
                1
            ]
        ],
        "extrinsic_matrix": [
            [
                0.9229072332382202,
                0.38502219319343567,
                1.862644971595273e-08,
                4.877351216237003e-07
            ],
            [
                -0.05568106845021248,
                0.13346880674362183,
                0.9894874691963196,
                -4.589822566458679e-08
            ],
            [
                0.3809747099876404,
                -0.9132052659988403,
                0.14461778104305267,
                -11.256315231323242
            ],
            [
                -0.0,
                0.0,
                -0.0,
                1.0
            ]
        ],
        "camera_location": [
            4.288371562957764,
            -10.279327392578125,
            1.6278636455535889
        ],
        "camera_rotation_euler": [
            1.1093189716339111,
            0.0,
            0.8149281740188599
        ],
        "camera_rotation_quaternion": [
            0.7417873740196228,
            0.6412528157234192,
            0.12839755415916443,
            0.14852751791477203
        ],
        "focal_length": 50.0,
        "sensor_width": 36.0,
        "sensor_height": 24.0
    },
    "objects": [
        {
            "object_name": "Cube",
            "bbox_2d": {
                "x_min": 660.4607789169504,
                "y_min": 277.60771383014367,
                "x_max": 1289.6773374499044,
                "y_max": 753.7643170756363,
                "width": 629.216558532954,
                "height": 476.15660324549265,
                "center_x": 975.0690581834274,
                "center_y": 515.6860154528899
            },
            "visible_vertices": 8,
            "total_vertices": 8
        }
    ],
    "metadata": {
        "total_objects": 1,
        "render_settings": {
            "resolution_percentage": 50,
            "file_format": "PNG"
        }
    }
}