{
    "frame": "957",
    "image_filename": "render_957.png",
    "image_resolution": {
        "width": 1920,
        "height": 1080
    },
    "camera_parameters": {
        "intrinsic_matrix": [
            [
                2666.666666666667,
                0,
                960.0
            ],
            [
                0,
                2250.0,
                540.0
            ],
            [
                0,
                0,
                1
            ]
        ],
        "extrinsic_matrix": [
            [
                0.9847734570503235,
                0.1738426238298416,
                -5.587935447692871e-09,
                1.814797201404872e-10
            ],
            [
                -0.01881112903356552,
                0.10656023025512695,
                0.9941282868385315,
                -8.476635571241786e-07
            ],
            [
                0.17282184958457947,
                -0.9789911508560181,
                0.10820785909891129,
                -11.256317138671875
            ],
            [
                -0.0,
                0.0,
                -0.0,
                1.0
            ]
        ],
        "camera_location": [
            1.9453375339508057,
            -11.0198335647583,
            1.2180227041244507
        ],
        "camera_rotation_euler": [
            1.1093189716339111,
            0.0,
            0.8149281740188599
        ],
        "camera_rotation_quaternion": [
            0.741542637348175,
            0.6652078032493591,
            0.058264318853616714,
            0.06495033949613571
        ],
        "focal_length": 50.0,
        "sensor_width": 36.0,
        "sensor_height": 24.0
    },
    "objects": [
        {
            "object_name": "Cube",
            "bbox_2d": {
                "x_min": 701.5450269658936,
                "y_min": 293.35874602721776,
                "x_max": 1258.7488676857572,
                "y_max": 744.7876736308853,
                "width": 557.2038407198636,
                "height": 451.4289276036675,
                "center_x": 980.1469473258254,
                "center_y": 519.0732098290515
            },
            "visible_vertices": 8,
            "total_vertices": 8
        }
    ],
    "metadata": {
        "total_objects": 1,
        "render_settings": {
            "resolution_percentage": 50,
            "file_format": "PNG"
        }
    }
}