{
    "frame": "579",
    "image_filename": "render_579.png",
    "image_resolution": {
        "width": 1920,
        "height": 1080
    },
    "camera_parameters": {
        "intrinsic_matrix": [
            [
                2666.666666666667,
                0,
                960.0
            ],
            [
                0,
                2250.0,
                540.0
            ],
            [
                0,
                0,
                1
            ]
        ],
        "extrinsic_matrix": [
            [
                0.9419704675674438,
                0.3356955349445343,
                1.8626447051417472e-09,
                6.344401115576659e-10
            ],
            [
                0.01782979629933834,
                -0.05003081262111664,
                0.9985883831977844,
                -1.2229611456859857e-07
            ],
            [
                0.33522167801856995,
                -0.9406407475471497,
                -0.0531129315495491,
                -11.256314277648926
            ],
            [
                -0.0,
                0.0,
                -0.0,
                1.0
            ]
        ],
        "camera_location": [
            3.773361921310425,
            -10.588151931762695,
            -0.5978559851646423
        ],
        "camera_rotation_euler": [
            1.1093189716339111,
            0.0,
            0.8149281740188599
        ],
        "camera_rotation_quaternion": [
            0.6780167818069458,
            0.71503746509552,
            0.12360379099845886,
            0.11720425635576248
        ],
        "focal_length": 50.0,
        "sensor_width": 36.0,
        "sensor_height": 24.0
    },
    "objects": [
        {
            "object_name": "Cube",
            "bbox_2d": {
                "x_min": 671.4727097755203,
                "y_min": 329.0534555873543,
                "x_max": 1281.492668669202,
                "y_max": 779.1483175719314,
                "width": 610.0199588936816,
                "height": 450.09486198457716,
                "center_x": 976.4826892223612,
                "center_y": 554.1008865796429
            },
            "visible_vertices": 8,
            "total_vertices": 8
        }
    ],
    "metadata": {
        "total_objects": 1,
        "render_settings": {
            "resolution_percentage": 50,
            "file_format": "PNG"
        }
    }
}