{
    "frame": "12",
    "image_filename": "render_012.png",
    "image_resolution": {
        "width": 1920,
        "height": 1080
    },
    "camera_parameters": {
        "intrinsic_matrix": [
            [
                2666.666666666667,
                0,
                960.0
            ],
            [
                0,
                2250.0,
                540.0
            ],
            [
                0,
                0,
                1
            ]
        ],
        "extrinsic_matrix": [
            [
                0.08118340373039246,
                -0.9966989755630493,
                -1.7881384906104358e-07,
                6.634418241446838e-07
            ],
            [
                0.1590418517589569,
                0.012954259291291237,
                0.9871866703033447,
                -1.3239094869277324e-06
            ],
            [
                -0.9839281439781189,
                -0.08014307916164398,
                0.1595686972141266,
                -11.25631332397461
            ],
            [
                -0.0,
                0.0,
                -0.0,
                1.0
            ]
        ],
        "camera_location": [
            -11.075407981872559,
            -0.9021168947219849,
            1.7961556911468506
        ],
        "camera_rotation_euler": [
            1.1093189716339111,
            0.0,
            0.8149281740188599
        ],
        "camera_rotation_quaternion": [
            0.5598452091217041,
            0.4766184389591217,
            -0.4393751919269562,
            -0.5160986185073853
        ],
        "focal_length": 50.0,
        "sensor_width": 36.0,
        "sensor_height": 24.0
    },
    "objects": [
        {
            "object_name": "Cube",
            "bbox_2d": {
                "x_min": 716.6574724518135,
                "y_min": 288.04752924089746,
                "x_max": 1241.993834946359,
                "y_max": 754.4723083447176,
                "width": 525.3363624945454,
                "height": 466.42477910382013,
                "center_x": 979.3256536990862,
                "center_y": 521.2599187928075
            },
            "visible_vertices": 8,
            "total_vertices": 8
        }
    ],
    "metadata": {
        "total_objects": 1,
        "render_settings": {
            "resolution_percentage": 50,
            "file_format": "PNG"
        }
    }
}