{
    "frame": "766",
    "image_filename": "render_766.png",
    "image_resolution": {
        "width": 1920,
        "height": 1080
    },
    "camera_parameters": {
        "intrinsic_matrix": [
            [
                2666.666666666667,
                0,
                960.0
            ],
            [
                0,
                2250.0,
                540.0
            ],
            [
                0,
                0,
                1
            ]
        ],
        "extrinsic_matrix": [
            [
                0.3123476207256317,
                -0.9499677419662476,
                -1.6763801014008095e-08,
                -1.1975726010859944e-06
            ],
            [
                0.07423613220453262,
                0.024408796802163124,
                0.9969417452812195,
                -1.4047126342120464e-06
            ],
            [
                -0.9470626711845398,
                -0.31139233708381653,
                0.0781460553407669,
                -11.256315231323242
            ],
            [
                -0.0,
                0.0,
                -0.0,
                1.0
            ]
        ],
        "camera_location": [
            -10.66043758392334,
            -3.5051333904266357,
            0.8796373009681702
        ],
        "camera_rotation_euler": [
            1.1093189716339111,
            0.0,
            0.8149281740188599
        ],
        "camera_rotation_quaternion": [
            0.5947484374046326,
            0.5499529242515564,
            -0.39809393882751465,
            -0.4305199384689331
        ],
        "focal_length": 50.0,
        "sensor_width": 36.0,
        "sensor_height": 24.0
    },
    "objects": [
        {
            "object_name": "Cube",
            "bbox_2d": {
                "x_min": 675.0654464571832,
                "y_min": 295.3521490738972,
                "x_max": 1279.295993318987,
                "y_max": 743.7523119097167,
                "width": 604.2305468618039,
                "height": 448.4001628358195,
                "center_x": 977.1807198880852,
                "center_y": 519.552230491807
            },
            "visible_vertices": 8,
            "total_vertices": 8
        }
    ],
    "metadata": {
        "total_objects": 1,
        "render_settings": {
            "resolution_percentage": 50,
            "file_format": "PNG"
        }
    }
}