{
    "frame": "406",
    "image_filename": "render_406.png",
    "image_resolution": {
        "width": 1920,
        "height": 1080
    },
    "camera_parameters": {
        "intrinsic_matrix": [
            [
                2666.666666666667,
                0,
                960.0
            ],
            [
                0,
                2250.0,
                540.0
            ],
            [
                0,
                0,
                1
            ]
        ],
        "extrinsic_matrix": [
            [
                0.16978859901428223,
                -0.9854806065559387,
                9.313228410690044e-09,
                8.38959579141374e-07
            ],
            [
                -0.14039194583892822,
                -0.02418823167681694,
                0.9898005723953247,
                1.2253856311872369e-06
            ],
            [
                -0.9754292368888855,
                -0.1680569052696228,
                -0.14246048033237457,
                -11.256318092346191
            ],
            [
                -0.0,
                0.0,
                -0.0,
                1.0
            ]
        ],
        "camera_location": [
            -10.979738235473633,
            -1.891700029373169,
            -1.603580355644226
        ],
        "camera_rotation_euler": [
            1.1093189716339111,
            0.0,
            0.8149281740188599
        ],
        "camera_rotation_quaternion": [
            0.5007843971252441,
            0.5780219435691833,
            -0.48695066571235657,
            -0.4218824803829193
        ],
        "focal_length": 50.0,
        "sensor_width": 36.0,
        "sensor_height": 24.0
    },
    "objects": [
        {
            "object_name": "Cube",
            "bbox_2d": {
                "x_min": 701.5770129331131,
                "y_min": 328.09813971026915,
                "x_max": 1258.9104202443577,
                "y_max": 793.2701411565065,
                "width": 557.3334073112446,
                "height": 465.17200144623735,
                "center_x": 980.2437165887354,
                "center_y": 560.6841404333878
            },
            "visible_vertices": 8,
            "total_vertices": 8
        }
    ],
    "metadata": {
        "total_objects": 1,
        "render_settings": {
            "resolution_percentage": 50,
            "file_format": "PNG"
        }
    }
}