{
    "frame": "25",
    "image_filename": "render_025.png",
    "image_resolution": {
        "width": 1920,
        "height": 1080
    },
    "camera_parameters": {
        "intrinsic_matrix": [
            [
                2666.666666666667,
                0,
                960.0
            ],
            [
                0,
                2250.0,
                540.0
            ],
            [
                0,
                0,
                1
            ]
        ],
        "extrinsic_matrix": [
            [
                0.9792379140853882,
                0.20271463692188263,
                -2.9802322387695312e-08,
                2.4262300257760216e-07
            ],
            [
                -0.034318793565034866,
                0.16578128933906555,
                0.9855652451515198,
                -1.1049805834772997e-06
            ],
            [
                0.19978848099708557,
                -0.9651027917861938,
                0.1692962497472763,
                -11.256316184997559
            ],
            [
                -0.0,
                0.0,
                -0.0,
                1.0
            ]
        ],
        "camera_location": [
            2.2488820552825928,
            -10.86350154876709,
            1.9056531190872192
        ],
        "camera_rotation_euler": [
            1.1093189716339111,
            0.0,
            0.8149281740188599
        ],
        "camera_rotation_quaternion": [
            0.760643720626831,
            0.6411240696907043,
            0.06566429138183594,
            0.07790553569793701
        ],
        "focal_length": 50.0,
        "sensor_width": 36.0,
        "sensor_height": 24.0
    },
    "objects": [
        {
            "object_name": "Cube",
            "bbox_2d": {
                "x_min": 694.0714579538329,
                "y_min": 280.0037053359067,
                "x_max": 1265.3635715163248,
                "y_max": 757.7410823955053,
                "width": 571.2921135624919,
                "height": 477.73737705959854,
                "center_x": 979.7175147350788,
                "center_y": 518.872393865706
            },
            "visible_vertices": 8,
            "total_vertices": 8
        }
    ],
    "metadata": {
        "total_objects": 1,
        "render_settings": {
            "resolution_percentage": 50,
            "file_format": "PNG"
        }
    }
}