{
    "frame": "203",
    "image_filename": "render_203.png",
    "image_resolution": {
        "width": 1920,
        "height": 1080
    },
    "camera_parameters": {
        "intrinsic_matrix": [
            [
                2666.666666666667,
                0,
                960.0
            ],
            [
                0,
                2250.0,
                540.0
            ],
            [
                0,
                0,
                1
            ]
        ],
        "extrinsic_matrix": [
            [
                0.3077324330806732,
                0.9514727592468262,
                1.1175865921586592e-07,
                -2.3617408828613407e-07
            ],
            [
                0.158597931265831,
                -0.05129486322402954,
                0.9860096573829651,
                -1.37606400585355e-06
            ],
            [
                0.9381615519523621,
                -0.3034270405769348,
                -0.16668662428855896,
                -11.256312370300293
            ],
            [
                -0.0,
                0.0,
                -0.0,
                1.0
            ]
        ],
        "camera_location": [
            10.560245513916016,
            -3.415472984313965,
            -1.8762775659561157
        ],
        "camera_rotation_euler": [
            1.1093189716339111,
            0.0,
            0.8149281740188599
        ],
        "camera_rotation_quaternion": [
            0.5219557285308838,
            0.6175990104675293,
            0.44934937357902527,
            0.3797617256641388
        ],
        "focal_length": 50.0,
        "sensor_width": 36.0,
        "sensor_height": 24.0
    },
    "objects": [
        {
            "object_name": "Cube",
            "bbox_2d": {
                "x_min": 638.8221347421285,
                "y_min": 321.79086735990086,
                "x_max": 1246.4021074545772,
                "y_max": 804.2833480767064,
                "width": 607.5799727124487,
                "height": 482.4924807168055,
                "center_x": 942.6121210983529,
                "center_y": 563.0371077183036
            },
            "visible_vertices": 8,
            "total_vertices": 8
        }
    ],
    "metadata": {
        "total_objects": 1,
        "render_settings": {
            "resolution_percentage": 50,
            "file_format": "PNG"
        }
    }
}