{
    "frame": "533",
    "image_filename": "render_533.png",
    "image_resolution": {
        "width": 1920,
        "height": 1080
    },
    "camera_parameters": {
        "intrinsic_matrix": [
            [
                2666.666666666667,
                0,
                960.0
            ],
            [
                0,
                2250.0,
                540.0
            ],
            [
                0,
                0,
                1
            ]
        ],
        "extrinsic_matrix": [
            [
                0.999971330165863,
                -0.0075711701065301895,
                8.731149692131623e-10,
                -1.510223235356989e-08
            ],
            [
                -0.0009193419246003032,
                -0.12142309546470642,
                0.9926005005836487,
                -9.536823881717282e-07
            ],
            [
                -0.007515146397054195,
                -0.992572009563446,
                -0.12142657488584518,
                -11.256317138671875
            ],
            [
                -0.0,
                0.0,
                -0.0,
                1.0
            ]
        ],
        "camera_location": [
            -0.08459284901618958,
            -11.172703742980957,
            -1.3668149709701538
        ],
        "camera_rotation_euler": [
            1.1093189716339111,
            0.0,
            0.8149281740188599
        ],
        "camera_rotation_quaternion": [
            0.6627823114395142,
            0.7488025426864624,
            -0.0028346965555101633,
            -0.002509054495021701
        ],
        "focal_length": 50.0,
        "sensor_width": 36.0,
        "sensor_height": 24.0
    },
    "objects": [
        {
            "object_name": "Cube",
            "bbox_2d": {
                "x_min": 695.2882755707294,
                "y_min": 333.2733107791098,
                "x_max": 1221.120048419552,
                "y_max": 781.7327353557264,
                "width": 525.8317728488225,
                "height": 448.4594245766166,
                "center_x": 958.2041619951407,
                "center_y": 557.5030230674181
            },
            "visible_vertices": 8,
            "total_vertices": 8
        }
    ],
    "metadata": {
        "total_objects": 1,
        "render_settings": {
            "resolution_percentage": 50,
            "file_format": "PNG"
        }
    }
}