{
    "frame": "477",
    "image_filename": "render_477.png",
    "image_resolution": {
        "width": 1920,
        "height": 1080
    },
    "camera_parameters": {
        "intrinsic_matrix": [
            [
                2666.666666666667,
                0,
                960.0
            ],
            [
                0,
                2250.0,
                540.0
            ],
            [
                0,
                0,
                1
            ]
        ],
        "extrinsic_matrix": [
            [
                0.9978456497192383,
                0.06560509651899338,
                -4.6566133171666024e-09,
                -1.1938814736822678e-07
            ],
            [
                0.009297356009483337,
                -0.14141160249710083,
                0.9899072647094727,
                7.16158865543548e-07
            ],
            [
                0.06494296342134476,
                -0.987774670124054,
                -0.14171691238880157,
                -11.256317138671875
            ],
            [
                -0.0,
                0.0,
                -0.0,
                1.0
            ]
        ],
        "camera_location": [
            0.731018602848053,
            -11.118703842163086,
            -1.5952110290527344
        ],
        "camera_rotation_euler": [
            1.1093189716339111,
            0.0,
            0.8149281740188599
        ],
        "camera_rotation_quaternion": [
            0.6547361016273499,
            0.7551448345184326,
            0.024797387421131134,
            0.02150017023086548
        ],
        "focal_length": 50.0,
        "sensor_width": 36.0,
        "sensor_height": 24.0
    },
    "objects": [
        {
            "object_name": "Cube",
            "bbox_2d": {
                "x_min": 712.9314863316307,
                "y_min": 329.07554475862366,
                "x_max": 1238.2509036344127,
                "y_max": 788.0724407995648,
                "width": 525.319417302782,
                "height": 458.9968960409411,
                "center_x": 975.5911949830218,
                "center_y": 558.5739927790942
            },
            "visible_vertices": 8,
            "total_vertices": 8
        }
    ],
    "metadata": {
        "total_objects": 1,
        "render_settings": {
            "resolution_percentage": 50,
            "file_format": "PNG"
        }
    }
}