{
    "frame": "633",
    "image_filename": "render_633.png",
    "image_resolution": {
        "width": 1920,
        "height": 1080
    },
    "camera_parameters": {
        "intrinsic_matrix": [
            [
                2666.666666666667,
                0,
                960.0
            ],
            [
                0,
                2250.0,
                540.0
            ],
            [
                0,
                0,
                1
            ]
        ],
        "extrinsic_matrix": [
            [
                0.7308773398399353,
                0.6825088262557983,
                1.0151412510595037e-07,
                -1.4903628331452978e-10
            ],
            [
                -0.01185657363384962,
                0.012696838937699795,
                0.9998488426208496,
                -2.214297410318977e-06
            ],
            [
                0.6824058294296265,
                -0.7307668924331665,
                0.017372092232108116,
                -11.256314277648926
            ],
            [
                -0.0,
                0.0,
                -0.0,
                1.0
            ]
        ],
        "camera_location": [
            7.681375980377197,
            -8.225744247436523,
            0.19554752111434937
        ],
        "camera_rotation_euler": [
            1.1093189716339111,
            0.0,
            0.8149281740188599
        ],
        "camera_rotation_quaternion": [
            0.6635033488273621,
            0.6520752310752869,
            0.257122278213501,
            0.26162853837013245
        ],
        "focal_length": 50.0,
        "sensor_width": 36.0,
        "sensor_height": 24.0
    },
    "objects": [
        {
            "object_name": "Cube",
            "bbox_2d": {
                "x_min": 626.0823276452655,
                "y_min": 306.2484677689381,
                "x_max": 1296.8037378000583,
                "y_max": 763.3321023688483,
                "width": 670.7214101547928,
                "height": 457.08363459991017,
                "center_x": 961.4430327226619,
                "center_y": 534.7902850688931
            },
            "visible_vertices": 8,
            "total_vertices": 8
        }
    ],
    "metadata": {
        "total_objects": 1,
        "render_settings": {
            "resolution_percentage": 50,
            "file_format": "PNG"
        }
    }
}