{
    "frame": "400",
    "image_filename": "render_400.png",
    "image_resolution": {
        "width": 1920,
        "height": 1080
    },
    "camera_parameters": {
        "intrinsic_matrix": [
            [
                2666.666666666667,
                0,
                960.0
            ],
            [
                0,
                2250.0,
                540.0
            ],
            [
                0,
                0,
                1
            ]
        ],
        "extrinsic_matrix": [
            [
                0.5846600532531738,
                -0.811278223991394,
                -9.685750512744562e-08,
                -9.695712606117013e-07
            ],
            [
                0.1397370994091034,
                0.10070368647575378,
                0.9850542545318604,
                -2.0779502847290132e-06
            ],
            [
                -0.799153208732605,
                -0.5759218335151672,
                0.1722431629896164,
                -11.25631332397461
            ],
            [
                -0.0,
                0.0,
                -0.0,
                1.0
            ]
        ],
        "camera_location": [
            -8.995521545410156,
            -6.482761859893799,
            1.938825249671936
        ],
        "camera_rotation_euler": [
            1.1093189716339111,
            0.0,
            0.8149281740188599
        ],
        "camera_rotation_quaternion": [
            0.6814703941345215,
            0.5726502537727356,
            -0.2931724786758423,
            -0.348883718252182
        ],
        "focal_length": 50.0,
        "sensor_width": 36.0,
        "sensor_height": 24.0
    },
    "objects": [
        {
            "object_name": "Cube",
            "bbox_2d": {
                "x_min": 630.7880120985012,
                "y_min": 265.7299728491396,
                "x_max": 1302.7456176591154,
                "y_max": 761.3120584313308,
                "width": 671.9576055606142,
                "height": 495.5820855821912,
                "center_x": 966.7668148788083,
                "center_y": 513.5210156402352
            },
            "visible_vertices": 8,
            "total_vertices": 8
        }
    ],
    "metadata": {
        "total_objects": 1,
        "render_settings": {
            "resolution_percentage": 50,
            "file_format": "PNG"
        }
    }
}