{
    "frame": "293",
    "image_filename": "render_293.png",
    "image_resolution": {
        "width": 1920,
        "height": 1080
    },
    "camera_parameters": {
        "intrinsic_matrix": [
            [
                2666.666666666667,
                0,
                960.0
            ],
            [
                0,
                2250.0,
                540.0
            ],
            [
                0,
                0,
                1
            ]
        ],
        "extrinsic_matrix": [
            [
                0.09768056869506836,
                0.9952176809310913,
                1.634470407907429e-07,
                -8.369436841348943e-07
            ],
            [
                0.06665865331888199,
                -0.0065425424836575985,
                0.9977542161941528,
                -2.568936679381295e-06
            ],
            [
                0.992982804775238,
                -0.0974610447883606,
                -0.066978819668293,
                -11.25631332397461
            ],
            [
                -0.0,
                0.0,
                -0.0,
                1.0
            ]
        ],
        "camera_location": [
            11.177330017089844,
            -1.0970534086227417,
            -0.753933846950531
        ],
        "camera_rotation_euler": [
            1.1093189716339111,
            0.0,
            0.8149281740188599
        ],
        "camera_rotation_quaternion": [
            0.5060037970542908,
            0.5411104559898376,
            0.4906006157398224,
            0.4587709903717041
        ],
        "focal_length": 50.0,
        "sensor_width": 36.0,
        "sensor_height": 24.0
    },
    "objects": [
        {
            "object_name": "Cube",
            "bbox_2d": {
                "x_min": 676.879172034309,
                "y_min": 334.0120115612193,
                "x_max": 1201.161158017207,
                "y_max": 775.4812627196907,
                "width": 524.281985982898,
                "height": 441.46925115847137,
                "center_x": 939.020165025758,
                "center_y": 554.746637140455
            },
            "visible_vertices": 8,
            "total_vertices": 8
        }
    ],
    "metadata": {
        "total_objects": 1,
        "render_settings": {
            "resolution_percentage": 50,
            "file_format": "PNG"
        }
    }
}