{
    "frame": "473",
    "image_filename": "render_473.png",
    "image_resolution": {
        "width": 1920,
        "height": 1080
    },
    "camera_parameters": {
        "intrinsic_matrix": [
            [
                2666.666666666667,
                0,
                960.0
            ],
            [
                0,
                2250.0,
                540.0
            ],
            [
                0,
                0,
                1
            ]
        ],
        "extrinsic_matrix": [
            [
                -0.9557176828384399,
                0.2942851781845093,
                7.078051567077637e-08,
                -2.3890743250376545e-07
            ],
            [
                0.03975517302751541,
                0.12910829484462738,
                0.9908333420753479,
                -3.6810240544582484e-07
            ],
            [
                0.2915875315666199,
                0.9469568729400635,
                -0.1350904256105423,
                -11.256315231323242
            ],
            [
                -0.0,
                -0.0,
                -0.0,
                1.0
            ]
        ],
        "camera_location": [
            3.282201051712036,
            10.659245491027832,
            -1.5206201076507568
        ],
        "camera_rotation_euler": [
            1.1093189716339111,
            0.0,
            0.8149281740188599
        ],
        "camera_rotation_quaternion": [
            0.0978521853685379,
            0.11209870874881744,
            0.7449691891670227,
            0.6502920389175415
        ],
        "focal_length": 50.0,
        "sensor_width": 36.0,
        "sensor_height": 24.0
    },
    "objects": [
        {
            "object_name": "Cube",
            "bbox_2d": {
                "x_min": 641.5033441176743,
                "y_min": 328.88612952373956,
                "x_max": 1243.0480417811798,
                "y_max": 797.0031128690302,
                "width": 601.5446976635055,
                "height": 468.1169833452907,
                "center_x": 942.275692949427,
                "center_y": 562.9446211963849
            },
            "visible_vertices": 8,
            "total_vertices": 8
        }
    ],
    "metadata": {
        "total_objects": 1,
        "render_settings": {
            "resolution_percentage": 50,
            "file_format": "PNG"
        }
    }
}