{
    "frame": "567",
    "image_filename": "render_567.png",
    "image_resolution": {
        "width": 1920,
        "height": 1080
    },
    "camera_parameters": {
        "intrinsic_matrix": [
            [
                2666.666666666667,
                0,
                960.0
            ],
            [
                0,
                2250.0,
                540.0
            ],
            [
                0,
                0,
                1
            ]
        ],
        "extrinsic_matrix": [
            [
                -0.6800702810287476,
                0.7331469058990479,
                1.955777406692505e-07,
                -7.305005489399718e-10
            ],
            [
                0.03842008858919144,
                0.03563837334513664,
                0.9986259341239929,
                1.9031810438718821e-07
            ],
            [
                0.732139527797699,
                0.679135799407959,
                -0.052404168993234634,
                -11.256315231323242
            ],
            [
                -0.0,
                -0.0,
                -0.0,
                1.0
            ]
        ],
        "camera_location": [
            8.241193771362305,
            7.644567966461182,
            -0.5898780822753906
        ],
        "camera_rotation_euler": [
            1.1093189716339111,
            0.0,
            0.8149281740188599
        ],
        "camera_rotation_quaternion": [
            0.27530160546302795,
            0.29012733697891235,
            0.6648520231246948,
            0.6308779120445251
        ],
        "focal_length": 50.0,
        "sensor_width": 36.0,
        "sensor_height": 24.0
    },
    "objects": [
        {
            "object_name": "Cube",
            "bbox_2d": {
                "x_min": 625.2210220649724,
                "y_min": 327.5672696870755,
                "x_max": 1297.9617125650293,
                "y_max": 783.8549294619058,
                "width": 672.7406905000569,
                "height": 456.28765977483033,
                "center_x": 961.5913673150009,
                "center_y": 555.7110995744906
            },
            "visible_vertices": 8,
            "total_vertices": 8
        }
    ],
    "metadata": {
        "total_objects": 1,
        "render_settings": {
            "resolution_percentage": 50,
            "file_format": "PNG"
        }
    }
}