{
    "frame": "577",
    "image_filename": "render_577.png",
    "image_resolution": {
        "width": 1920,
        "height": 1080
    },
    "camera_parameters": {
        "intrinsic_matrix": [
            [
                2666.666666666667,
                0,
                960.0
            ],
            [
                0,
                2250.0,
                540.0
            ],
            [
                0,
                0,
                1
            ]
        ],
        "extrinsic_matrix": [
            [
                -0.3338830769062042,
                -0.9426144361495972,
                -9.685753354915505e-08,
                -9.691320883575827e-07
            ],
            [
                0.13076943159103394,
                -0.04631984606385231,
                0.9903301000595093,
                -5.688795567948546e-07
            ],
            [
                -0.9334995746612549,
                0.3306545317173004,
                0.13873063027858734,
                -11.256316184997559
            ],
            [
                0.0,
                0.0,
                -0.0,
                1.0
            ]
        ],
        "camera_location": [
            -10.507766723632812,
            3.7219505310058594,
            1.5615957975387573
        ],
        "camera_rotation_euler": [
            1.1093189716339111,
            0.0,
            0.8149281740188599
        ],
        "camera_rotation_quaternion": [
            0.4354674816131592,
            0.37871697545051575,
            -0.5359180569648743,
            -0.6162251234054565
        ],
        "focal_length": 50.0,
        "sensor_width": 36.0,
        "sensor_height": 24.0
    },
    "objects": [
        {
            "object_name": "Cube",
            "bbox_2d": {
                "x_min": 636.2649269428778,
                "y_min": 280.72425181523386,
                "x_max": 1250.432692404187,
                "y_max": 752.1424344123307,
                "width": 614.1677654613093,
                "height": 471.4181825970968,
                "center_x": 943.3488096735324,
                "center_y": 516.4333431137823
            },
            "visible_vertices": 8,
            "total_vertices": 8
        }
    ],
    "metadata": {
        "total_objects": 1,
        "render_settings": {
            "resolution_percentage": 50,
            "file_format": "PNG"
        }
    }
}