{
    "frame": "799",
    "image_filename": "render_799.png",
    "image_resolution": {
        "width": 1920,
        "height": 1080
    },
    "camera_parameters": {
        "intrinsic_matrix": [
            [
                2666.666666666667,
                0,
                960.0
            ],
            [
                0,
                2250.0,
                540.0
            ],
            [
                0,
                0,
                1
            ]
        ],
        "extrinsic_matrix": [
            [
                0.8390592336654663,
                0.5440399050712585,
                5.029141192380848e-08,
                -4.796134476237057e-07
            ],
            [
                -0.03693198412656784,
                0.05695919319987297,
                0.9976930618286133,
                1.8839990616470459e-06
            ],
            [
                0.5427849888801575,
                -0.8371236324310303,
                0.06788461655378342,
                -11.256314277648926
            ],
            [
                -0.0,
                0.0,
                -0.0,
                1.0
            ]
        ],
        "camera_location": [
            6.10975980758667,
            -9.422928810119629,
            0.7641288638114929
        ],
        "camera_rotation_euler": [
            1.1093189716339111,
            0.0,
            0.8149281740188599
        ],
        "camera_rotation_quaternion": [
            0.7006966471672058,
            0.654640257358551,
            0.19365903735160828,
            0.20728370547294617
        ],
        "focal_length": 50.0,
        "sensor_width": 36.0,
        "sensor_height": 24.0
    },
    "objects": [
        {
            "object_name": "Cube",
            "bbox_2d": {
                "x_min": 638.8001605130881,
                "y_min": 293.01805042588023,
                "x_max": 1298.5565257573671,
                "y_max": 747.3256933290098,
                "width": 659.756365244279,
                "height": 454.3076429031296,
                "center_x": 968.6783431352276,
                "center_y": 520.171871877445
            },
            "visible_vertices": 8,
            "total_vertices": 8
        }
    ],
    "metadata": {
        "total_objects": 1,
        "render_settings": {
            "resolution_percentage": 50,
            "file_format": "PNG"
        }
    }
}