{
    "frame": "997",
    "image_filename": "render_997.png",
    "image_resolution": {
        "width": 1920,
        "height": 1080
    },
    "camera_parameters": {
        "intrinsic_matrix": [
            [
                2666.666666666667,
                0,
                960.0
            ],
            [
                0,
                2250.0,
                540.0
            ],
            [
                0,
                0,
                1
            ]
        ],
        "extrinsic_matrix": [
            [
                0.5977016687393188,
                0.801718533039093,
                1.2665985593685036e-07,
                9.520679782326624e-07
            ],
            [
                -0.13236354291439056,
                0.09868025034666061,
                0.9862767457962036,
                -6.916163215464621e-07
            ],
            [
                0.7907164692878723,
                -0.5894992351531982,
                0.16509969532489777,
                -11.256316184997559
            ],
            [
                -0.0,
                0.0,
                -0.0,
                1.0
            ]
        ],
        "camera_location": [
            8.900554656982422,
            -6.635591506958008,
            1.8584150075912476
        ],
        "camera_rotation_euler": [
            1.1093189716339111,
            0.0,
            0.8149281740188599
        ],
        "camera_rotation_quaternion": [
            0.682180643081665,
            0.5774776339530945,
            0.2897753119468689,
            0.34231483936309814
        ],
        "focal_length": 50.0,
        "sensor_width": 36.0,
        "sensor_height": 24.0
    },
    "objects": [
        {
            "object_name": "Cube",
            "bbox_2d": {
                "x_min": 617.3195193878175,
                "y_min": 267.2265567346525,
                "x_max": 1290.4676627839629,
                "y_max": 759.6195042128143,
                "width": 673.1481433961453,
                "height": 492.3929474781618,
                "center_x": 953.8935910858902,
                "center_y": 513.4230304737334
            },
            "visible_vertices": 8,
            "total_vertices": 8
        }
    ],
    "metadata": {
        "total_objects": 1,
        "render_settings": {
            "resolution_percentage": 50,
            "file_format": "PNG"
        }
    }
}