{
    "frame": "297",
    "image_filename": "render_297.png",
    "image_resolution": {
        "width": 1920,
        "height": 1080
    },
    "camera_parameters": {
        "intrinsic_matrix": [
            [
                2666.666666666667,
                0,
                960.0
            ],
            [
                0,
                2250.0,
                540.0
            ],
            [
                0,
                0,
                1
            ]
        ],
        "extrinsic_matrix": [
            [
                0.6074503064155579,
                0.7943576574325562,
                3.352760913344355e-08,
                1.9146934846503427e-06
            ],
            [
                -0.08208899199962616,
                0.06277395784854889,
                0.9946460127830505,
                -2.871481228794437e-06
            ],
            [
                0.7901046872138977,
                -0.6041980385780334,
                0.10334009677171707,
                -11.256316184997559
            ],
            [
                -0.0,
                0.0,
                -0.0,
                1.0
            ]
        ],
        "camera_location": [
            8.893667221069336,
            -6.8010454177856445,
            1.1632314920425415
        ],
        "camera_rotation_euler": [
            1.1093189716339111,
            0.0,
            0.8149281740188599
        ],
        "camera_rotation_quaternion": [
            0.6658762097358704,
            0.6002783179283142,
            0.2966410219669342,
            0.3290576934814453
        ],
        "focal_length": 50.0,
        "sensor_width": 36.0,
        "sensor_height": 24.0
    },
    "objects": [
        {
            "object_name": "Cube",
            "bbox_2d": {
                "x_min": 619.1468876373508,
                "y_min": 282.71846117745554,
                "x_max": 1289.6752870276296,
                "y_max": 744.3382354338354,
                "width": 670.5283993902788,
                "height": 461.61977425637986,
                "center_x": 954.4110873324902,
                "center_y": 513.5283483056455
            },
            "visible_vertices": 8,
            "total_vertices": 8
        }
    ],
    "metadata": {
        "total_objects": 1,
        "render_settings": {
            "resolution_percentage": 50,
            "file_format": "PNG"
        }
    }
}