{
    "frame": "959",
    "image_filename": "render_959.png",
    "image_resolution": {
        "width": 1920,
        "height": 1080
    },
    "camera_parameters": {
        "intrinsic_matrix": [
            [
                2666.666666666667,
                0,
                960.0
            ],
            [
                0,
                2250.0,
                540.0
            ],
            [
                0,
                0,
                1
            ]
        ],
        "extrinsic_matrix": [
            [
                -0.23006729781627655,
                0.9731746912002563,
                1.8812716007232666e-07,
                -1.339639066344489e-09
            ],
            [
                -0.08990165591239929,
                -0.02125375345349312,
                0.9957239031791687,
                3.4282698901932918e-09
            ],
            [
                0.9690132737159729,
                0.22908347845077515,
                0.09237981587648392,
                -11.256316184997559
            ],
            [
                -0.0,
                0.0,
                -0.0,
                1.0
            ]
        ],
        "camera_location": [
            10.907519340515137,
            2.5786361694335938,
            1.0398563146591187
        ],
        "camera_rotation_euler": [
            1.1093189716339111,
            0.0,
            0.8149281740188599
        ],
        "camera_rotation_quaternion": [
            0.4585462808609009,
            0.41797327995300293,
            0.5283071398735046,
            0.5795905590057373
        ],
        "focal_length": 50.0,
        "sensor_width": 36.0,
        "sensor_height": 24.0
    },
    "objects": [
        {
            "object_name": "Cube",
            "bbox_2d": {
                "x_min": 690.4534618671781,
                "y_min": 294.6471466622196,
                "x_max": 1267.813015908072,
                "y_max": 741.4618928394463,
                "width": 577.3595540408938,
                "height": 446.81474617722665,
                "center_x": 979.1332388876251,
                "center_y": 518.0545197508329
            },
            "visible_vertices": 8,
            "total_vertices": 8
        }
    ],
    "metadata": {
        "total_objects": 1,
        "render_settings": {
            "resolution_percentage": 50,
            "file_format": "PNG"
        }
    }
}