{
    "frame": "982",
    "image_filename": "render_982.png",
    "image_resolution": {
        "width": 1920,
        "height": 1080
    },
    "camera_parameters": {
        "intrinsic_matrix": [
            [
                2666.666666666667,
                0,
                960.0
            ],
            [
                0,
                2250.0,
                540.0
            ],
            [
                0,
                0,
                1
            ]
        ],
        "extrinsic_matrix": [
            [
                0.556580126285553,
                0.8307939171791077,
                1.4156101713069802e-07,
                9.590896752342815e-07
            ],
            [
                -0.083153136074543,
                0.05570731684565544,
                0.9949784278869629,
                -1.2230927950440673e-06
            ],
            [
                0.8266221284866333,
                -0.5537852644920349,
                0.10008873045444489,
                -11.256316184997559
            ],
            [
                -0.0,
                0.0,
                -0.0,
                1.0
            ]
        ],
        "camera_location": [
            9.304718971252441,
            -6.233582973480225,
            1.1266313791275024
        ],
        "camera_rotation_euler": [
            1.1093189716339111,
            0.0,
            0.8149281740188599
        ],
        "camera_rotation_quaternion": [
            0.6542890071868896,
            0.5917736291885376,
            0.3158474564552307,
            0.3492138683795929
        ],
        "focal_length": 50.0,
        "sensor_width": 36.0,
        "sensor_height": 24.0
    },
    "objects": [
        {
            "object_name": "Cube",
            "bbox_2d": {
                "x_min": 620.0630105234268,
                "y_min": 284.2721812493977,
                "x_max": 1283.706386794727,
                "y_max": 743.4943936433856,
                "width": 663.6433762713002,
                "height": 459.2222123939879,
                "center_x": 951.8846986590769,
                "center_y": 513.8832874463917
            },
            "visible_vertices": 8,
            "total_vertices": 8
        }
    ],
    "metadata": {
        "total_objects": 1,
        "render_settings": {
            "resolution_percentage": 50,
            "file_format": "PNG"
        }
    }
}