{
    "frame": "937",
    "image_filename": "render_937.png",
    "image_resolution": {
        "width": 1920,
        "height": 1080
    },
    "camera_parameters": {
        "intrinsic_matrix": [
            [
                2666.666666666667,
                0,
                960.0
            ],
            [
                0,
                2250.0,
                540.0
            ],
            [
                0,
                0,
                1
            ]
        ],
        "extrinsic_matrix": [
            [
                -0.5023282170295715,
                0.8646769523620605,
                2.067535831429268e-07,
                -6.842303633403102e-12
            ],
            [
                -0.004592157434672117,
                -0.0026679581496864557,
                0.999985933303833,
                -9.514079692962696e-07
            ],
            [
                0.8646647930145264,
                0.502321183681488,
                0.0053110201843082905,
                -11.256317138671875
            ],
            [
                -0.0,
                0.0,
                -0.0,
                1.0
            ]
        ],
        "camera_location": [
            9.732940673828125,
            5.654285907745361,
            0.05978238582611084
        ],
        "camera_rotation_euler": [
            1.1093189716339111,
            0.0,
            0.8149281740188599
        ],
        "camera_rotation_quaternion": [
            0.35366466641426086,
            0.3517914116382599,
            0.6112179160118103,
            0.6144728064537048
        ],
        "focal_length": 50.0,
        "sensor_width": 36.0,
        "sensor_height": 24.0
    },
    "objects": [
        {
            "object_name": "Cube",
            "bbox_2d": {
                "x_min": 646.1071420359549,
                "y_min": 310.9562697271708,
                "x_max": 1294.7836977856098,
                "y_max": 765.9840680553901,
                "width": 648.6765557496549,
                "height": 455.0277983282193,
                "center_x": 970.4454199107823,
                "center_y": 538.4701688912805
            },
            "visible_vertices": 8,
            "total_vertices": 8
        }
    ],
    "metadata": {
        "total_objects": 1,
        "render_settings": {
            "resolution_percentage": 50,
            "file_format": "PNG"
        }
    }
}