{
    "frame": "18",
    "image_filename": "render_018.png",
    "image_resolution": {
        "width": 1920,
        "height": 1080
    },
    "camera_parameters": {
        "intrinsic_matrix": [
            [
                2666.666666666667,
                0,
                960.0
            ],
            [
                0,
                2250.0,
                540.0
            ],
            [
                0,
                0,
                1
            ]
        ],
        "extrinsic_matrix": [
            [
                -0.33953115344047546,
                -0.9405945539474487,
                -1.8440178450873645e-07,
                2.3920387093312456e-07
            ],
            [
                -0.05525290593504906,
                0.019944852218031883,
                0.9982729554176331,
                -1.08462916159624e-06
            ],
            [
                -0.9389703273773193,
                0.3389449715614319,
                -0.058742329478263855,
                -11.256314277648926
            ],
            [
                -0.0,
                0.0,
                -0.0,
                1.0
            ]
        ],
        "camera_location": [
            -10.56934928894043,
            3.8152716159820557,
            -0.6612231135368347
        ],
        "camera_rotation_euler": [
            1.1093189716339111,
            0.0,
            0.8149281740188599
        ],
        "camera_rotation_quaternion": [
            0.3942306637763977,
            0.41811075806617737,
            -0.595444917678833,
            -0.5614365935325623
        ],
        "focal_length": 50.0,
        "sensor_width": 36.0,
        "sensor_height": 24.0
    },
    "objects": [
        {
            "object_name": "Cube",
            "bbox_2d": {
                "x_min": 637.8811434106591,
                "y_min": 330.6256573562272,
                "x_max": 1249.3527708036245,
                "y_max": 780.6369228401177,
                "width": 611.4716273929654,
                "height": 450.0112654838905,
                "center_x": 943.6169571071418,
                "center_y": 555.6312900981725
            },
            "visible_vertices": 8,
            "total_vertices": 8
        }
    ],
    "metadata": {
        "total_objects": 1,
        "render_settings": {
            "resolution_percentage": 50,
            "file_format": "PNG"
        }
    }
}