{
    "frame": "199",
    "image_filename": "render_199.png",
    "image_resolution": {
        "width": 1920,
        "height": 1080
    },
    "camera_parameters": {
        "intrinsic_matrix": [
            [
                2666.666666666667,
                0,
                960.0
            ],
            [
                0,
                2250.0,
                540.0
            ],
            [
                0,
                0,
                1
            ]
        ],
        "extrinsic_matrix": [
            [
                -0.0464496873319149,
                -0.9989206790924072,
                1.0780060222259635e-07,
                1.6724465012885048e-06
            ],
            [
                -0.06785457581281662,
                0.0031552892178297043,
                0.9976902008056641,
                8.899899057723815e-07
            ],
            [
                -0.9966133832931519,
                0.04634235054254532,
                -0.06792794167995453,
                -11.256316184997559
            ],
            [
                0.0,
                0.0,
                -0.0,
                1.0
            ]
        ],
        "camera_location": [
            -11.218194961547852,
            0.52164626121521,
            -0.7646187543869019
        ],
        "camera_rotation_euler": [
            1.1093189716339111,
            0.0,
            0.8149281740188599
        ],
        "camera_rotation_quaternion": [
            0.47137507796287537,
            0.5045599937438965,
            -0.5285671949386597,
            -0.4938032627105713
        ],
        "focal_length": 50.0,
        "sensor_width": 36.0,
        "sensor_height": 24.0
    },
    "objects": [
        {
            "object_name": "Cube",
            "bbox_2d": {
                "x_min": 687.7176736549818,
                "y_min": 334.4859690713431,
                "x_max": 1210.350926848261,
                "y_max": 773.8789665515599,
                "width": 522.6332531932792,
                "height": 439.39299748021676,
                "center_x": 949.0343002516214,
                "center_y": 554.1824678114515
            },
            "visible_vertices": 8,
            "total_vertices": 8
        }
    ],
    "metadata": {
        "total_objects": 1,
        "render_settings": {
            "resolution_percentage": 50,
            "file_format": "PNG"
        }
    }
}