{
    "frame": "712",
    "image_filename": "render_712.png",
    "image_resolution": {
        "width": 1920,
        "height": 1080
    },
    "camera_parameters": {
        "intrinsic_matrix": [
            [
                2666.666666666667,
                0,
                960.0
            ],
            [
                0,
                2250.0,
                540.0
            ],
            [
                0,
                0,
                1
            ]
        ],
        "extrinsic_matrix": [
            [
                0.9141893982887268,
                -0.40528711676597595,
                -1.6763804566721774e-08,
                4.769211727762013e-07
            ],
            [
                0.004936073441058397,
                0.011134103871881962,
                0.9999257922172546,
                -4.3574857500061626e-07
            ],
            [
                -0.40525707602500916,
                -0.9141215682029724,
                0.012179209850728512,
                -11.256316184997559
            ],
            [
                -0.0,
                0.0,
                -0.0,
                1.0
            ]
        ],
        "camera_location": [
            -4.561702251434326,
            -10.289641380310059,
            0.1370934396982193
        ],
        "camera_rotation_euler": [
            1.1093189716339111,
            0.0,
            0.8149281740188599
        ],
        "camera_rotation_quaternion": [
            0.6959710717201233,
            0.687545657157898,
            -0.14557254314422607,
            -0.14735643565654755
        ],
        "focal_length": 50.0,
        "sensor_width": 36.0,
        "sensor_height": 24.0
    },
    "objects": [
        {
            "object_name": "Cube",
            "bbox_2d": {
                "x_min": 632.238849778031,
                "y_min": 310.2316603889516,
                "x_max": 1259.3790798892505,
                "y_max": 763.0456583674638,
                "width": 627.1402301112196,
                "height": 452.81399797851225,
                "center_x": 945.8089648336407,
                "center_y": 536.6386593782076
            },
            "visible_vertices": 8,
            "total_vertices": 8
        }
    ],
    "metadata": {
        "total_objects": 1,
        "render_settings": {
            "resolution_percentage": 50,
            "file_format": "PNG"
        }
    }
}