{
    "frame": "380",
    "image_filename": "render_380.png",
    "image_resolution": {
        "width": 1920,
        "height": 1080
    },
    "camera_parameters": {
        "intrinsic_matrix": [
            [
                2666.666666666667,
                0,
                960.0
            ],
            [
                0,
                2250.0,
                540.0
            ],
            [
                0,
                0,
                1
            ]
        ],
        "extrinsic_matrix": [
            [
                0.936989426612854,
                0.34935784339904785,
                2.980232594040899e-08,
                4.401836672940362e-09
            ],
            [
                -0.0560336671769619,
                0.1502840220928192,
                0.9870536923408508,
                2.4421905209237593e-07
            ],
            [
                0.34483495354652405,
                -0.9248588681221008,
                0.16039031744003296,
                -11.256316184997559
            ],
            [
                -0.0,
                0.0,
                -0.0,
                1.0
            ]
        ],
        "camera_location": [
            3.881571054458618,
            -10.410503387451172,
            1.8054039478302002
        ],
        "camera_rotation_euler": [
            1.1093189716339111,
            0.0,
            0.8149281740188599
        ],
        "camera_rotation_quaternion": [
            0.7496104836463928,
            0.6376352906227112,
            0.11500468850135803,
            0.13520070910453796
        ],
        "focal_length": 50.0,
        "sensor_width": 36.0,
        "sensor_height": 24.0
    },
    "objects": [
        {
            "object_name": "Cube",
            "bbox_2d": {
                "x_min": 666.2115397971917,
                "y_min": 275.38171043957686,
                "x_max": 1286.197365515034,
                "y_max": 757.1412589466595,
                "width": 619.9858257178424,
                "height": 481.7595485070826,
                "center_x": 976.2044526561128,
                "center_y": 516.2614846931182
            },
            "visible_vertices": 8,
            "total_vertices": 8
        }
    ],
    "metadata": {
        "total_objects": 1,
        "render_settings": {
            "resolution_percentage": 50,
            "file_format": "PNG"
        }
    }
}