{
    "frame": "446",
    "image_filename": "render_446.png",
    "image_resolution": {
        "width": 1920,
        "height": 1080
    },
    "camera_parameters": {
        "intrinsic_matrix": [
            [
                2666.666666666667,
                0,
                960.0
            ],
            [
                0,
                2250.0,
                540.0
            ],
            [
                0,
                0,
                1
            ]
        ],
        "extrinsic_matrix": [
            [
                0.8730376958847046,
                0.4876526892185211,
                7.450579886381092e-08,
                -4.836020917053929e-09
            ],
            [
                -0.07737596333026886,
                0.13852497935295105,
                0.9873315095901489,
                -6.657028279732913e-07
            ],
            [
                0.48147493600845337,
                -0.8619776368141174,
                0.15867015719413757,
                -11.256315231323242
            ],
            [
                -0.0,
                0.0,
                -0.0,
                1.0
            ]
        ],
        "camera_location": [
            5.419633865356445,
            -9.702693939208984,
            1.7860419750213623
        ],
        "camera_rotation_euler": [
            1.1093189716339111,
            0.0,
            0.8149281740188599
        ],
        "camera_rotation_quaternion": [
            0.7365855574607849,
            0.6276628375053406,
            0.16341444849967957,
            0.1917729377746582
        ],
        "focal_length": 50.0,
        "sensor_width": 36.0,
        "sensor_height": 24.0
    },
    "objects": [
        {
            "object_name": "Cube",
            "bbox_2d": {
                "x_min": 643.8768686406258,
                "y_min": 271.19539282086305,
                "x_max": 1298.5704489640175,
                "y_max": 757.6071386192075,
                "width": 654.6935803233916,
                "height": 486.41174579834444,
                "center_x": 971.2236588023217,
                "center_y": 514.4012657200353
            },
            "visible_vertices": 8,
            "total_vertices": 8
        }
    ],
    "metadata": {
        "total_objects": 1,
        "render_settings": {
            "resolution_percentage": 50,
            "file_format": "PNG"
        }
    }
}