{
    "frame": "312",
    "image_filename": "render_312.png",
    "image_resolution": {
        "width": 1920,
        "height": 1080
    },
    "camera_parameters": {
        "intrinsic_matrix": [
            [
                2666.666666666667,
                0,
                960.0
            ],
            [
                0,
                2250.0,
                540.0
            ],
            [
                0,
                0,
                1
            ]
        ],
        "extrinsic_matrix": [
            [
                -0.9026517868041992,
                -0.43037131428718567,
                -1.378357126213814e-07,
                4.774638000526465e-07
            ],
            [
                -0.06688651442527771,
                0.1402861326932907,
                0.9878491759300232,
                -6.40630787529517e-07
            ],
            [
                -0.42514193058013916,
                0.8916838765144348,
                -0.15541546046733856,
                -11.256315231323242
            ],
            [
                -0.0,
                0.0,
                -0.0,
                1.0
            ]
        ],
        "camera_location": [
            -4.785532474517822,
            10.037076950073242,
            -1.749406337738037
        ],
        "camera_rotation_euler": [
            1.1093189716339111,
            0.0,
            0.8149281740188599
        ],
        "camera_rotation_quaternion": [
            0.14336895942687988,
            0.16768835484981537,
            -0.741342306137085,
            -0.6338277459144592
        ],
        "focal_length": 50.0,
        "sensor_width": 36.0,
        "sensor_height": 24.0
    },
    "objects": [
        {
            "object_name": "Cube",
            "bbox_2d": {
                "x_min": 652.6952564011028,
                "y_min": 323.4707708835522,
                "x_max": 1294.2681131944846,
                "y_max": 806.3519488156898,
                "width": 641.5728567933818,
                "height": 482.8811779321376,
                "center_x": 973.4816847977937,
                "center_y": 564.911359849621
            },
            "visible_vertices": 8,
            "total_vertices": 8
        }
    ],
    "metadata": {
        "total_objects": 1,
        "render_settings": {
            "resolution_percentage": 50,
            "file_format": "PNG"
        }
    }
}