{
    "frame": "568",
    "image_filename": "render_568.png",
    "image_resolution": {
        "width": 1920,
        "height": 1080
    },
    "camera_parameters": {
        "intrinsic_matrix": [
            [
                2666.666666666667,
                0,
                960.0
            ],
            [
                0,
                2250.0,
                540.0
            ],
            [
                0,
                0,
                1
            ]
        ],
        "extrinsic_matrix": [
            [
                -0.4359794557094574,
                -0.8999564051628113,
                -1.1920923270736239e-07,
                4.820186632059631e-07
            ],
            [
                -0.10721820592880249,
                0.05194134637713432,
                0.992877721786499,
                -1.4919514796929434e-06
            ],
            [
                -0.8935467600822449,
                0.432874470949173,
                -0.11913691461086273,
                -11.256315231323242
            ],
            [
                -0.0,
                0.0,
                -0.0,
                1.0
            ]
        ],
        "camera_location": [
            -10.058046340942383,
            4.87257194519043,
            -1.341043472290039
        ],
        "camera_rotation_euler": [
            1.1093189716339111,
            0.0,
            0.8149281740188599
        ],
        "camera_rotation_quaternion": [
            0.35242900252342224,
            0.3972455859184265,
            -0.6338489651679993,
            -0.562339186668396
        ],
        "focal_length": 50.0,
        "sensor_width": 36.0,
        "sensor_height": 24.0
    },
    "objects": [
        {
            "object_name": "Cube",
            "bbox_2d": {
                "x_min": 626.3236900909037,
                "y_min": 332.02738424141774,
                "x_max": 1267.1684591939784,
                "y_max": 797.9433336863692,
                "width": 640.8447691030747,
                "height": 465.9159494449515,
                "center_x": 946.746074642441,
                "center_y": 564.9853589638935
            },
            "visible_vertices": 8,
            "total_vertices": 8
        }
    ],
    "metadata": {
        "total_objects": 1,
        "render_settings": {
            "resolution_percentage": 50,
            "file_format": "PNG"
        }
    }
}