{
    "frame": "363",
    "image_filename": "render_363.png",
    "image_resolution": {
        "width": 1920,
        "height": 1080
    },
    "camera_parameters": {
        "intrinsic_matrix": [
            [
                2666.666666666667,
                0,
                960.0
            ],
            [
                0,
                2250.0,
                540.0
            ],
            [
                0,
                0,
                1
            ]
        ],
        "extrinsic_matrix": [
            [
                -0.4519324004650116,
                0.8920520544052124,
                -1.653097143616833e-07,
                -4.768432404489431e-07
            ],
            [
                0.005823234096169472,
                0.0029504240956157446,
                0.9999786615371704,
                -1.4128013390291017e-06
            ],
            [
                0.892033040523529,
                0.45192283391952515,
                -0.006527926307171583,
                -11.256316184997559
            ],
            [
                -0.0,
                0.0,
                0.0,
                1.0
            ]
        ],
        "camera_location": [
            10.041007041931152,
            5.086986541748047,
            -0.07348006218671799
        ],
        "camera_rotation_euler": [
            1.1093189716339111,
            0.0,
            0.8149281740188599
        ],
        "camera_rotation_quaternion": [
            0.368947833776474,
            0.3713640868663788,
            0.604444146156311,
            0.6005110740661621
        ],
        "focal_length": 50.0,
        "sensor_width": 36.0,
        "sensor_height": 24.0
    },
    "objects": [
        {
            "object_name": "Cube",
            "bbox_2d": {
                "x_min": 653.4141323034322,
                "y_min": 314.8584519156509,
                "x_max": 1291.5509708814238,
                "y_max": 768.8249992212069,
                "width": 638.1368385779916,
                "height": 453.966547305556,
                "center_x": 972.4825515924281,
                "center_y": 541.841725568429
            },
            "visible_vertices": 8,
            "total_vertices": 8
        }
    ],
    "metadata": {
        "total_objects": 1,
        "render_settings": {
            "resolution_percentage": 50,
            "file_format": "PNG"
        }
    }
}