{
    "frame": "595",
    "image_filename": "render_595.png",
    "image_resolution": {
        "width": 1920,
        "height": 1080
    },
    "camera_parameters": {
        "intrinsic_matrix": [
            [
                2666.666666666667,
                0,
                960.0
            ],
            [
                0,
                2250.0,
                540.0
            ],
            [
                0,
                0,
                1
            ]
        ],
        "extrinsic_matrix": [
            [
                0.5521923899650574,
                0.8337166905403137,
                1.0430810704065152e-07,
                -1.635132473865042e-09
            ],
            [
                -0.06597021967172623,
                0.04369375854730606,
                0.9968644380569458,
                -1.3720460856347927e-06
            ],
            [
                0.8311025500297546,
                -0.5504608750343323,
                0.07912786304950714,
                -11.256315231323242
            ],
            [
                -0.0,
                0.0,
                -0.0,
                1.0
            ]
        ],
        "camera_location": [
            9.35515308380127,
            -6.196163177490234,
            0.8906894326210022
        ],
        "camera_rotation_euler": [
            1.1093189716339111,
            0.0,
            0.8149281740188599
        ],
        "camera_rotation_quaternion": [
            0.647111713886261,
            0.5977814793586731,
            0.32108157873153687,
            0.3475779592990875
        ],
        "focal_length": 50.0,
        "sensor_width": 36.0,
        "sensor_height": 24.0
    },
    "objects": [
        {
            "object_name": "Cube",
            "bbox_2d": {
                "x_min": 620.8321512191296,
                "y_min": 289.8772053985864,
                "x_max": 1282.5529964516206,
                "y_max": 743.784672482168,
                "width": 661.720845232491,
                "height": 453.90746708358165,
                "center_x": 951.6925738353751,
                "center_y": 516.8309389403772
            },
            "visible_vertices": 8,
            "total_vertices": 8
        }
    ],
    "metadata": {
        "total_objects": 1,
        "render_settings": {
            "resolution_percentage": 50,
            "file_format": "PNG"
        }
    }
}