{
    "frame": "640",
    "image_filename": "render_640.png",
    "image_resolution": {
        "width": 1920,
        "height": 1080
    },
    "camera_parameters": {
        "intrinsic_matrix": [
            [
                2666.666666666667,
                0,
                960.0
            ],
            [
                0,
                2250.0,
                540.0
            ],
            [
                0,
                0,
                1
            ]
        ],
        "extrinsic_matrix": [
            [
                0.5788638591766357,
                -0.8154242038726807,
                -9.313224325069314e-08,
                4.893926188742626e-07
            ],
            [
                0.10490210354328156,
                0.0744691714644432,
                0.9916902780532837,
                -1.2606906238943338e-06
            ],
            [
                -0.8086482882499695,
                -0.5740537047386169,
                0.12864722311496735,
                -11.256314277648926
            ],
            [
                -0.0,
                0.0,
                -0.0,
                1.0
            ]
        ],
        "camera_location": [
            -9.102401733398438,
            -6.461729526519775,
            1.4480950832366943
        ],
        "camera_rotation_euler": [
            1.1093189716339111,
            0.0,
            0.8149281740188599
        ],
        "camera_rotation_quaternion": [
            0.667454183101654,
            0.5864613056182861,
            -0.3028853237628937,
            -0.3447151780128479
        ],
        "focal_length": 50.0,
        "sensor_width": 36.0,
        "sensor_height": 24.0
    },
    "objects": [
        {
            "object_name": "Cube",
            "bbox_2d": {
                "x_min": 632.7674005671386,
                "y_min": 276.57037935460176,
                "x_max": 1301.3270842237766,
                "y_max": 750.6161428969026,
                "width": 668.5596836566381,
                "height": 474.04576354230085,
                "center_x": 967.0472423954576,
                "center_y": 513.5932611257522
            },
            "visible_vertices": 8,
            "total_vertices": 8
        }
    ],
    "metadata": {
        "total_objects": 1,
        "render_settings": {
            "resolution_percentage": 50,
            "file_format": "PNG"
        }
    }
}