{
    "frame": "967",
    "image_filename": "render_967.png",
    "image_resolution": {
        "width": 1920,
        "height": 1080
    },
    "camera_parameters": {
        "intrinsic_matrix": [
            [
                2666.666666666667,
                0,
                960.0
            ],
            [
                0,
                2250.0,
                540.0
            ],
            [
                0,
                0,
                1
            ]
        ],
        "extrinsic_matrix": [
            [
                0.9483904242515564,
                0.31710490584373474,
                -2.607702853651972e-08,
                2.3808266291780456e-07
            ],
            [
                0.029733069241046906,
                -0.08892489224672318,
                0.9955943822860718,
                1.9508422610670095e-06
            ],
            [
                0.31570786237716675,
                -0.9442122578620911,
                -0.09376401454210281,
                -11.256316184997559
            ],
            [
                -0.0,
                0.0,
                -0.0,
                1.0
            ]
        ],
        "camera_location": [
            3.5537075996398926,
            -10.628352165222168,
            -1.0554394721984863
        ],
        "camera_rotation_euler": [
            1.1093189716339111,
            0.0,
            0.8149281740188599
        ],
        "camera_rotation_quaternion": [
            0.6643985509872437,
            0.7299108505249023,
            0.11879463493824005,
            0.10813233256340027
        ],
        "focal_length": 50.0,
        "sensor_width": 36.0,
        "sensor_height": 24.0
    },
    "objects": [
        {
            "object_name": "Cube",
            "bbox_2d": {
                "x_min": 673.7953895960463,
                "y_min": 338.1832079473013,
                "x_max": 1280.3567586326567,
                "y_max": 788.4670153492812,
                "width": 606.5613690366104,
                "height": 450.28380740197986,
                "center_x": 977.0760741143515,
                "center_y": 563.3251116482912
            },
            "visible_vertices": 8,
            "total_vertices": 8
        }
    ],
    "metadata": {
        "total_objects": 1,
        "render_settings": {
            "resolution_percentage": 50,
            "file_format": "PNG"
        }
    }
}