{
    "frame": "116",
    "image_filename": "render_116.png",
    "image_resolution": {
        "width": 1920,
        "height": 1080
    },
    "camera_parameters": {
        "intrinsic_matrix": [
            [
                2666.666666666667,
                0,
                960.0
            ],
            [
                0,
                2250.0,
                540.0
            ],
            [
                0,
                0,
                1
            ]
        ],
        "extrinsic_matrix": [
            [
                0.9420238137245178,
                0.3355460464954376,
                -3.725290298461914e-09,
                1.1397988330941189e-08
            ],
            [
                -0.059207964688539505,
                0.16622255742549896,
                0.9843091368675232,
                -5.291923343975213e-07
            ],
            [
                0.33028101921081543,
                -0.927242636680603,
                0.1764526069164276,
                -11.256316184997559
            ],
            [
                -0.0,
                0.0,
                -0.0,
                1.0
            ]
        ],
        "camera_location": [
            3.717747449874878,
            -10.437335968017578,
            1.9862068891525269
        ],
        "camera_rotation_euler": [
            1.1093189716339111,
            0.0,
            0.8149281740188599
        ],
        "camera_rotation_quaternion": [
            0.7557610273361206,
            0.6323267817497253,
            0.10925444960594177,
            0.13058161735534668
        ],
        "focal_length": 50.0,
        "sensor_width": 36.0,
        "sensor_height": 24.0
    },
    "objects": [
        {
            "object_name": "Cube",
            "bbox_2d": {
                "x_min": 668.2380794986577,
                "y_min": 272.4963391036033,
                "x_max": 1284.9914173357597,
                "y_max": 760.6231296410642,
                "width": 616.753337837102,
                "height": 488.1267905374609,
                "center_x": 976.6147484172087,
                "center_y": 516.5597343723338
            },
            "visible_vertices": 8,
            "total_vertices": 8
        }
    ],
    "metadata": {
        "total_objects": 1,
        "render_settings": {
            "resolution_percentage": 50,
            "file_format": "PNG"
        }
    }
}