{
    "frame": "90",
    "image_filename": "render_090.png",
    "image_resolution": {
        "width": 1920,
        "height": 1080
    },
    "camera_parameters": {
        "intrinsic_matrix": [
            [
                2666.666666666667,
                0,
                960.0
            ],
            [
                0,
                2250.0,
                540.0
            ],
            [
                0,
                0,
                1
            ]
        ],
        "extrinsic_matrix": [
            [
                0.11872909963130951,
                -0.9929267168045044,
                0.0,
                1.2230775325861032e-07
            ],
            [
                0.15910962224006653,
                0.019025512039661407,
                0.9870775938034058,
                1.1659687970677624e-07
            ],
            [
                -0.9800956845283508,
                -0.11719483882188797,
                0.16024306416511536,
                -11.256315231323242
            ],
            [
                -0.0,
                0.0,
                -0.0,
                1.0
            ]
        ],
        "camera_location": [
            -11.032266616821289,
            -1.3191819190979004,
            1.8037465810775757
        ],
        "camera_rotation_euler": [
            1.1093189716339111,
            0.0,
            0.8149281740188599
        ],
        "camera_rotation_quaternion": [
            0.5696485042572021,
            0.4846288561820984,
            -0.4301317632198334,
            -0.5055908560752869
        ],
        "focal_length": 50.0,
        "sensor_width": 36.0,
        "sensor_height": 24.0
    },
    "objects": [
        {
            "object_name": "Cube",
            "bbox_2d": {
                "x_min": 712.1178544972051,
                "y_min": 285.9385333648413,
                "x_max": 1249.686852512462,
                "y_max": 755.0128000752718,
                "width": 537.568998015257,
                "height": 469.0742667104305,
                "center_x": 980.9023535048336,
                "center_y": 520.4756667200566
            },
            "visible_vertices": 8,
            "total_vertices": 8
        }
    ],
    "metadata": {
        "total_objects": 1,
        "render_settings": {
            "resolution_percentage": 50,
            "file_format": "PNG"
        }
    }
}