{
    "frame": "382",
    "image_filename": "render_382.png",
    "image_resolution": {
        "width": 1920,
        "height": 1080
    },
    "camera_parameters": {
        "intrinsic_matrix": [
            [
                2666.666666666667,
                0,
                960.0
            ],
            [
                0,
                2250.0,
                540.0
            ],
            [
                0,
                0,
                1
            ]
        ],
        "extrinsic_matrix": [
            [
                0.9903536438941956,
                -0.13856296241283417,
                -9.313225746154785e-10,
                -1.1952270995152503e-07
            ],
            [
                0.00592862768098712,
                0.04237378388643265,
                0.9990842342376709,
                -1.5962900761223864e-06
            ],
            [
                -0.13843607902526855,
                -0.9894466996192932,
                0.04278651624917984,
                -11.256315231323242
            ],
            [
                -0.0,
                0.0,
                -0.0,
                1.0
            ]
        ],
        "camera_location": [
            -1.558280110359192,
            -11.137524604797363,
            0.4816201627254486
        ],
        "camera_rotation_euler": [
            1.1093189716339111,
            0.0,
            0.8149281740188599
        ],
        "camera_rotation_quaternion": [
            0.7203322052955627,
            0.6901437044143677,
            -0.048045914620161057,
            -0.05014755576848984
        ],
        "focal_length": 50.0,
        "sensor_width": 36.0,
        "sensor_height": 24.0
    },
    "objects": [
        {
            "object_name": "Cube",
            "bbox_2d": {
                "x_min": 669.4872196977059,
                "y_min": 308.3047164138717,
                "x_max": 1209.5283617691703,
                "y_max": 752.108926664067,
                "width": 540.0411420714644,
                "height": 443.8042102501953,
                "center_x": 939.507790733438,
                "center_y": 530.2068215389693
            },
            "visible_vertices": 8,
            "total_vertices": 8
        }
    ],
    "metadata": {
        "total_objects": 1,
        "render_settings": {
            "resolution_percentage": 50,
            "file_format": "PNG"
        }
    }
}