{
    "frame": "504",
    "image_filename": "render_504.png",
    "image_resolution": {
        "width": 1920,
        "height": 1080
    },
    "camera_parameters": {
        "intrinsic_matrix": [
            [
                2666.666666666667,
                0,
                960.0
            ],
            [
                0,
                2250.0,
                540.0
            ],
            [
                0,
                0,
                1
            ]
        ],
        "extrinsic_matrix": [
            [
                0.17589645087718964,
                0.9844087362289429,
                -1.30385160446167e-08,
                8.416927812504582e-07
            ],
            [
                0.11274770647287369,
                -0.020146025344729424,
                0.9934194087982178,
                -1.4094021594246442e-07
            ],
            [
                0.9779306650161743,
                -0.17473897337913513,
                -0.1145334467291832,
                -11.256316184997559
            ],
            [
                -0.0,
                0.0,
                -0.0,
                1.0
            ]
        ],
        "camera_location": [
            11.007896423339844,
            -1.9669177532196045,
            -1.2892242670059204
        ],
        "camera_rotation_euler": [
            1.1093189716339111,
            0.0,
            0.8149281740188599
        ],
        "camera_rotation_quaternion": [
            0.5102002620697021,
            0.5724020004272461,
            0.4791897237300873,
            0.42711716890335083
        ],
        "focal_length": 50.0,
        "sensor_width": 36.0,
        "sensor_height": 24.0
    },
    "objects": [
        {
            "object_name": "Cube",
            "bbox_2d": {
                "x_min": 660.7184341964494,
                "y_min": 333.8741106852891,
                "x_max": 1219.0331789939878,
                "y_max": 788.0093577063238,
                "width": 558.3147447975384,
                "height": 454.13524702103473,
                "center_x": 939.8758065952186,
                "center_y": 560.9417341958065
            },
            "visible_vertices": 8,
            "total_vertices": 8
        }
    ],
    "metadata": {
        "total_objects": 1,
        "render_settings": {
            "resolution_percentage": 50,
            "file_format": "PNG"
        }
    }
}