{
    "frame": "81",
    "image_filename": "render_081.png",
    "image_resolution": {
        "width": 1920,
        "height": 1080
    },
    "camera_parameters": {
        "intrinsic_matrix": [
            [
                2666.666666666667,
                0,
                960.0
            ],
            [
                0,
                2250.0,
                540.0
            ],
            [
                0,
                0,
                1
            ]
        ],
        "extrinsic_matrix": [
            [
                0.6495864391326904,
                0.7602878212928772,
                3.67872416973114e-08,
                -9.55779899669551e-12
            ],
            [
                0.0034151007421314716,
                -0.00291785248555243,
                0.9999899864196777,
                -4.440707925823517e-07
            ],
            [
                0.760280191898346,
                -0.6495798230171204,
                -0.004491841420531273,
                -11.256316184997559
            ],
            [
                -0.0,
                0.0,
                -0.0,
                1.0
            ]
        ],
        "camera_location": [
            8.557952880859375,
            -7.311875820159912,
            -0.05056130513548851
        ],
        "camera_rotation_euler": [
            1.1093189716339111,
            0.0,
            0.8149281740188599
        ],
        "camera_rotation_quaternion": [
            0.6407372355461121,
            0.6436218023300171,
            0.2966427206993103,
            0.2953132390975952
        ],
        "focal_length": 50.0,
        "sensor_width": 36.0,
        "sensor_height": 24.0
    },
    "objects": [
        {
            "object_name": "Cube",
            "bbox_2d": {
                "x_min": 622.5417136928768,
                "y_min": 312.83709399898135,
                "x_max": 1290.8828678447692,
                "y_max": 769.8484932863919,
                "width": 668.3411541518924,
                "height": 457.01139928741054,
                "center_x": 956.712290768823,
                "center_y": 541.3427936426866
            },
            "visible_vertices": 8,
            "total_vertices": 8
        }
    ],
    "metadata": {
        "total_objects": 1,
        "render_settings": {
            "resolution_percentage": 50,
            "file_format": "PNG"
        }
    }
}