{
    "frame": "707",
    "image_filename": "render_707.png",
    "image_resolution": {
        "width": 1920,
        "height": 1080
    },
    "camera_parameters": {
        "intrinsic_matrix": [
            [
                2666.666666666667,
                0,
                960.0
            ],
            [
                0,
                2250.0,
                540.0
            ],
            [
                0,
                0,
                1
            ]
        ],
        "extrinsic_matrix": [
            [
                0.9958421587944031,
                0.09109540283679962,
                9.31322685637781e-10,
                -5.8364737043348214e-08
            ],
            [
                -0.014633528888225555,
                0.159971684217453,
                0.9870131015777588,
                3.588557717648655e-07
            ],
            [
                0.08991235494613647,
                -0.9829093217849731,
                0.16063959896564484,
                -11.256318092346191
            ],
            [
                -0.0,
                0.0,
                -0.0,
                1.0
            ]
        ],
        "camera_location": [
            1.0120819807052612,
            -11.06393814086914,
            1.808209776878357
        ],
        "camera_rotation_euler": [
            1.1093189716339111,
            0.0,
            0.8149281740188599
        ],
        "camera_rotation_quaternion": [
            0.7609949707984924,
            0.6471535563468933,
            0.029537761583924294,
            0.03473377972841263
        ],
        "focal_length": 50.0,
        "sensor_width": 36.0,
        "sensor_height": 24.0
    },
    "objects": [
        {
            "object_name": "Cube",
            "bbox_2d": {
                "x_min": 718.2301550248665,
                "y_min": 287.3312003018823,
                "x_max": 1244.0920233304641,
                "y_max": 754.7875340420235,
                "width": 525.8618683055977,
                "height": 467.4563337401412,
                "center_x": 981.1610891776653,
                "center_y": 521.0593671719529
            },
            "visible_vertices": 8,
            "total_vertices": 8
        }
    ],
    "metadata": {
        "total_objects": 1,
        "render_settings": {
            "resolution_percentage": 50,
            "file_format": "PNG"
        }
    }
}