{
    "frame": "479",
    "image_filename": "render_479.png",
    "image_resolution": {
        "width": 1920,
        "height": 1080
    },
    "camera_parameters": {
        "intrinsic_matrix": [
            [
                2666.666666666667,
                0,
                960.0
            ],
            [
                0,
                2250.0,
                540.0
            ],
            [
                0,
                0,
                1
            ]
        ],
        "extrinsic_matrix": [
            [
                -0.7074493169784546,
                -0.7067640423774719,
                1.1175870895385742e-07,
                -4.841000986743893e-07
            ],
            [
                0.11755470931529999,
                -0.1176685318350792,
                0.9860705137252808,
                -1.4330335034173913e-06
            ],
            [
                -0.6969192028045654,
                0.697594940662384,
                0.16632798314094543,
                -11.256317138671875
            ],
            [
                -0.0,
                0.0,
                -0.0,
                1.0
            ]
        ],
        "camera_location": [
            -7.844742298126221,
            7.852348804473877,
            1.8722416162490845
        ],
        "camera_rotation_euler": [
            1.1093189716339111,
            0.0,
            0.8149281740188599
        ],
        "camera_rotation_quaternion": [
            0.29206594824790955,
            0.2469267100095749,
            -0.5965427160263062,
            -0.7055929899215698
        ],
        "focal_length": 50.0,
        "sensor_width": 36.0,
        "sensor_height": 24.0
    },
    "objects": [
        {
            "object_name": "Cube",
            "bbox_2d": {
                "x_min": 619.9631709446871,
                "y_min": 265.9794060430477,
                "x_max": 1300.0784669999086,
                "y_max": 760.1054926223466,
                "width": 680.1152960552215,
                "height": 494.1260865792989,
                "center_x": 960.0208189722979,
                "center_y": 513.0424493326971
            },
            "visible_vertices": 8,
            "total_vertices": 8
        }
    ],
    "metadata": {
        "total_objects": 1,
        "render_settings": {
            "resolution_percentage": 50,
            "file_format": "PNG"
        }
    }
}