{
    "frame": "789",
    "image_filename": "render_789.png",
    "image_resolution": {
        "width": 1920,
        "height": 1080
    },
    "camera_parameters": {
        "intrinsic_matrix": [
            [
                2666.666666666667,
                0,
                960.0
            ],
            [
                0,
                2250.0,
                540.0
            ],
            [
                0,
                0,
                1
            ]
        ],
        "extrinsic_matrix": [
            [
                0.34279972314834595,
                0.9394084811210632,
                1.7625275461341516e-07,
                1.430578436156793e-06
            ],
            [
                -0.008889163844287395,
                0.003243659855797887,
                0.9999551773071289,
                -2.461509211570956e-06
            ],
            [
                0.9393664002418518,
                -0.34278425574302673,
                0.009462549351155758,
                -11.256314277648926
            ],
            [
                -0.0,
                0.0,
                -0.0,
                1.0
            ]
        ],
        "camera_location": [
            10.57380485534668,
            -3.858490228652954,
            0.10651514679193497
        ],
        "camera_rotation_euler": [
            1.1093189716339111,
            0.0,
            0.8149281740188599
        ],
        "camera_rotation_quaternion": [
            0.582131028175354,
            0.5766484141349792,
            0.40341711044311523,
            0.4072527587413788
        ],
        "focal_length": 50.0,
        "sensor_width": 36.0,
        "sensor_height": 24.0
    },
    "objects": [
        {
            "object_name": "Cube",
            "bbox_2d": {
                "x_min": 638.9540388667222,
                "y_min": 311.9061774884509,
                "x_max": 1248.7015412163494,
                "y_max": 763.0468194460848,
                "width": 609.7475023496272,
                "height": 451.1406419576339,
                "center_x": 943.8277900415358,
                "center_y": 537.4764984672679
            },
            "visible_vertices": 8,
            "total_vertices": 8
        }
    ],
    "metadata": {
        "total_objects": 1,
        "render_settings": {
            "resolution_percentage": 50,
            "file_format": "PNG"
        }
    }
}