{
    "frame": "8",
    "image_filename": "render_008.png",
    "image_resolution": {
        "width": 1920,
        "height": 1080
    },
    "camera_parameters": {
        "intrinsic_matrix": [
            [
                2666.666666666667,
                0,
                960.0
            ],
            [
                0,
                2250.0,
                540.0
            ],
            [
                0,
                0,
                1
            ]
        ],
        "extrinsic_matrix": [
            [
                -0.8425750732421875,
                0.5385788083076477,
                -8.195637946073475e-08,
                -4.862230298385839e-07
            ],
            [
                0.08513283729553223,
                0.1331855207681656,
                0.987427830696106,
                1.618499254618655e-06
            ],
            [
                0.5318077206611633,
                0.8319821953773499,
                -0.15806953608989716,
                -11.256315231323242
            ],
            [
                -0.0,
                0.0,
                0.0,
                1.0
            ]
        ],
        "camera_location": [
            5.986196517944336,
            9.365055084228516,
            -1.779282569885254
        ],
        "camera_rotation_euler": [
            1.1093189716339111,
            0.0,
            0.8149281740188599
        ],
        "camera_rotation_quaternion": [
            0.1820307970046997,
            0.21348823606967926,
            0.7303817868232727,
            0.622759997844696
        ],
        "focal_length": 50.0,
        "sensor_width": 36.0,
        "sensor_height": 24.0
    },
    "objects": [
        {
            "object_name": "Cube",
            "bbox_2d": {
                "x_min": 618.9135285029106,
                "y_min": 322.3047868736767,
                "x_max": 1283.1218030400769,
                "y_max": 809.9275584925931,
                "width": 664.2082745371663,
                "height": 487.62277161891643,
                "center_x": 951.0176657714937,
                "center_y": 566.1161726831349
            },
            "visible_vertices": 8,
            "total_vertices": 8
        }
    ],
    "metadata": {
        "total_objects": 1,
        "render_settings": {
            "resolution_percentage": 50,
            "file_format": "PNG"
        }
    }
}