{
    "frame": "171",
    "image_filename": "render_171.png",
    "image_resolution": {
        "width": 1920,
        "height": 1080
    },
    "camera_parameters": {
        "intrinsic_matrix": [
            [
                2666.666666666667,
                0,
                960.0
            ],
            [
                0,
                2250.0,
                540.0
            ],
            [
                0,
                0,
                1
            ]
        ],
        "extrinsic_matrix": [
            [
                -0.9090827703475952,
                0.4166151285171509,
                1.6996628460219654e-07,
                -4.768568828694697e-07
            ],
            [
                0.007852153852581978,
                0.017133675515651703,
                0.9998223781585693,
                -2.784009893730399e-06
            ],
            [
                0.41654112935066223,
                0.9089214205741882,
                -0.018846983090043068,
                -11.256315231323242
            ],
            [
                -0.0,
                -0.0,
                -0.0,
                1.0
            ]
        ],
        "camera_location": [
            4.688719272613525,
            10.231107711791992,
            -0.21214793622493744
        ],
        "camera_rotation_euler": [
            1.1093189716339111,
            0.0,
            0.8149281740188599
        ],
        "camera_rotation_quaternion": [
            0.14933478832244873,
            0.15217642486095428,
            0.697327733039856,
            0.6843066811561584
        ],
        "focal_length": 50.0,
        "sensor_width": 36.0,
        "sensor_height": 24.0
    },
    "objects": [
        {
            "object_name": "Cube",
            "bbox_2d": {
                "x_min": 630.994511040358,
                "y_min": 318.7139536417552,
                "x_max": 1261.3846152762112,
                "y_max": 771.7469218632464,
                "width": 630.3901042358532,
                "height": 453.03296822149116,
                "center_x": 946.1895631582846,
                "center_y": 545.2304377525008
            },
            "visible_vertices": 8,
            "total_vertices": 8
        }
    ],
    "metadata": {
        "total_objects": 1,
        "render_settings": {
            "resolution_percentage": 50,
            "file_format": "PNG"
        }
    }
}