{
    "frame": "990",
    "image_filename": "render_990.png",
    "image_resolution": {
        "width": 1920,
        "height": 1080
    },
    "camera_parameters": {
        "intrinsic_matrix": [
            [
                2666.666666666667,
                0,
                960.0
            ],
            [
                0,
                2250.0,
                540.0
            ],
            [
                0,
                0,
                1
            ]
        ],
        "extrinsic_matrix": [
            [
                -0.9089040160179138,
                -0.41700541973114014,
                -5.774200317887335e-08,
                6.574985694784985e-11
            ],
            [
                -0.012284883297979832,
                0.02677595242857933,
                0.9995660185813904,
                6.66026380713447e-08
            ],
            [
                -0.41682443022727966,
                0.9085095524787903,
                -0.02945965714752674,
                -11.256317138671875
            ],
            [
                -0.0,
                0.0,
                -0.0,
                1.0
            ]
        ],
        "camera_location": [
            -4.6919074058532715,
            10.226469993591309,
            -0.33160698413848877
        ],
        "camera_rotation_euler": [
            1.1093189716339111,
            0.0,
            0.8149281740188599
        ],
        "camera_rotation_quaternion": [
            0.14867104589939117,
            0.1531173437833786,
            -0.7009172439575195,
            -0.6805638670921326
        ],
        "focal_length": 50.0,
        "sensor_width": 36.0,
        "sensor_height": 24.0
    },
    "objects": [
        {
            "object_name": "Cube",
            "bbox_2d": {
                "x_min": 658.2765998824468,
                "y_min": 321.7369702624609,
                "x_max": 1289.3620490559472,
                "y_max": 774.619148268799,
                "width": 631.0854491735004,
                "height": 452.8821780063381,
                "center_x": 973.819324469197,
                "center_y": 548.1780592656299
            },
            "visible_vertices": 8,
            "total_vertices": 8
        }
    ],
    "metadata": {
        "total_objects": 1,
        "render_settings": {
            "resolution_percentage": 50,
            "file_format": "PNG"
        }
    }
}