{
    "frame": "335",
    "image_filename": "render_335.png",
    "image_resolution": {
        "width": 1920,
        "height": 1080
    },
    "camera_parameters": {
        "intrinsic_matrix": [
            [
                2666.666666666667,
                0,
                960.0
            ],
            [
                0,
                2250.0,
                540.0
            ],
            [
                0,
                0,
                1
            ]
        ],
        "extrinsic_matrix": [
            [
                0.9251073598861694,
                -0.3797055780887604,
                -9.778884901834317e-08,
                -2.1240337266803522e-10
            ],
            [
                -0.015080351382493973,
                -0.036741625517606735,
                0.9992108345031738,
                -2.877394535971689e-07
            ],
            [
                -0.37940600514411926,
                -0.9243773221969604,
                -0.03971603140234947,
                -11.256314277648926
            ],
            [
                -0.0,
                0.0,
                -0.0,
                1.0
            ]
        ],
        "camera_location": [
            -4.270713806152344,
            -10.405084609985352,
            -0.4470560848712921
        ],
        "camera_rotation_euler": [
            1.1093189716339111,
            0.0,
            0.8149281740188599
        ],
        "camera_rotation_quaternion": [
            0.6798253655433655,
            0.707383394241333,
            -0.13952332735061646,
            -0.13408786058425903
        ],
        "focal_length": 50.0,
        "sensor_width": 36.0,
        "sensor_height": 24.0
    },
    "objects": [
        {
            "object_name": "Cube",
            "bbox_2d": {
                "x_min": 633.9483687178649,
                "y_min": 324.96264553593585,
                "x_max": 1255.8364212796666,
                "y_max": 776.6658180332767,
                "width": 621.8880525618017,
                "height": 451.7031724973408,
                "center_x": 944.8923949987658,
                "center_y": 550.8142317846062
            },
            "visible_vertices": 8,
            "total_vertices": 8
        }
    ],
    "metadata": {
        "total_objects": 1,
        "render_settings": {
            "resolution_percentage": 50,
            "file_format": "PNG"
        }
    }
}