{
    "frame": "112",
    "image_filename": "render_112.png",
    "image_resolution": {
        "width": 1920,
        "height": 1080
    },
    "camera_parameters": {
        "intrinsic_matrix": [
            [
                2666.666666666667,
                0,
                960.0
            ],
            [
                0,
                2250.0,
                540.0
            ],
            [
                0,
                0,
                1
            ]
        ],
        "extrinsic_matrix": [
            [
                -0.9769171476364136,
                0.2136176973581314,
                6.146726860833951e-08,
                1.7433159082980154e-11
            ],
            [
                0.02369697019457817,
                0.10837088525295258,
                0.9938279986381531,
                -1.952449792952393e-06
            ],
            [
                0.21229925751686096,
                0.9708877801895142,
                -0.11093132197856903,
                -11.256315231323242
            ],
            [
                -0.0,
                -0.0,
                -0.0,
                1.0
            ]
        ],
        "camera_location": [
            2.3897078037261963,
            10.928620338439941,
            -1.2486779689788818
        ],
        "camera_rotation_euler": [
            1.1093189716339111,
            0.0,
            0.8149281740188599
        ],
        "camera_rotation_quaternion": [
            0.07162763178348541,
            0.08006758987903595,
            0.7409824132919312,
            0.6628754138946533
        ],
        "focal_length": 50.0,
        "sensor_width": 36.0,
        "sensor_height": 24.0
    },
    "objects": [
        {
            "object_name": "Cube",
            "bbox_2d": {
                "x_min": 654.3465685532781,
                "y_min": 334.52039446080755,
                "x_max": 1226.6975105389906,
                "y_max": 788.7477098230506,
                "width": 572.3509419857126,
                "height": 454.2273153622431,
                "center_x": 940.5220395461344,
                "center_y": 561.634052141929
            },
            "visible_vertices": 8,
            "total_vertices": 8
        }
    ],
    "metadata": {
        "total_objects": 1,
        "render_settings": {
            "resolution_percentage": 50,
            "file_format": "PNG"
        }
    }
}