{
    "frame": "484",
    "image_filename": "render_484.png",
    "image_resolution": {
        "width": 1920,
        "height": 1080
    },
    "camera_parameters": {
        "intrinsic_matrix": [
            [
                2666.666666666667,
                0,
                960.0
            ],
            [
                0,
                2250.0,
                540.0
            ],
            [
                0,
                0,
                1
            ]
        ],
        "extrinsic_matrix": [
            [
                0.766711950302124,
                -0.6419913172721863,
                6.33299421792799e-08,
                -4.754060682898853e-07
            ],
            [
                -0.058925922960042953,
                -0.07037347555160522,
                0.9957787990570068,
                5.494911761161347e-07
            ],
            [
                -0.6392813920974731,
                -0.7634755373001099,
                -0.09178611636161804,
                -11.256317138671875
            ],
            [
                -0.0,
                0.0,
                -0.0,
                1.0
            ]
        ],
        "camera_location": [
            -7.195952415466309,
            -8.593920707702637,
            -1.0331740379333496
        ],
        "camera_rotation_euler": [
            1.1093189716339111,
            0.0,
            0.8149281740188599
        ],
        "camera_rotation_quaternion": [
            0.6333546042442322,
            0.6944190859794617,
            -0.2523394227027893,
            -0.23014965653419495
        ],
        "focal_length": 50.0,
        "sensor_width": 36.0,
        "sensor_height": 24.0
    },
    "objects": [
        {
            "object_name": "Cube",
            "bbox_2d": {
                "x_min": 619.7440142060891,
                "y_min": 338.57034139042025,
                "x_max": 1292.7695121361232,
                "y_max": 794.5338618602129,
                "width": 673.0254979300341,
                "height": 455.9635204697927,
                "center_x": 956.2567631711062,
                "center_y": 566.5521016253166
            },
            "visible_vertices": 8,
            "total_vertices": 8
        }
    ],
    "metadata": {
        "total_objects": 1,
        "render_settings": {
            "resolution_percentage": 50,
            "file_format": "PNG"
        }
    }
}