{
    "frame": "547",
    "image_filename": "render_547.png",
    "image_resolution": {
        "width": 1920,
        "height": 1080
    },
    "camera_parameters": {
        "intrinsic_matrix": [
            [
                2666.666666666667,
                0,
                960.0
            ],
            [
                0,
                2250.0,
                540.0
            ],
            [
                0,
                0,
                1
            ]
        ],
        "extrinsic_matrix": [
            [
                -0.16072368621826172,
                0.9869992136955261,
                6.286424536483537e-08,
                3.5847301660396624e-07
            ],
            [
                0.041624173521995544,
                0.006778165232390165,
                0.9991101622581482,
                -1.1429120831962791e-06
            ],
            [
                0.9861211180686951,
                0.1605808138847351,
                -0.04217231273651123,
                -11.256312370300293
            ],
            [
                -0.0,
                0.0,
                -0.0,
                1.0
            ]
        ],
        "camera_location": [
            11.100093841552734,
            1.8075470924377441,
            -0.4747053384780884
        ],
        "camera_rotation_euler": [
            1.1093189716339111,
            0.0,
            0.8149281740188599
        ],
        "camera_rotation_quaternion": [
            0.448297381401062,
            0.4676191210746765,
            0.5499259829521179,
            0.5272033214569092
        ],
        "focal_length": 50.0,
        "sensor_width": 36.0,
        "sensor_height": 24.0
    },
    "objects": [
        {
            "object_name": "Cube",
            "bbox_2d": {
                "x_min": 705.7909950899783,
                "y_min": 327.5233807945722,
                "x_max": 1254.6108025200226,
                "y_max": 772.1661638757882,
                "width": 548.8198074300443,
                "height": 444.64278308121607,
                "center_x": 980.2008988050004,
                "center_y": 549.8447723351802
            },
            "visible_vertices": 8,
            "total_vertices": 8
        }
    ],
    "metadata": {
        "total_objects": 1,
        "render_settings": {
            "resolution_percentage": 50,
            "file_format": "PNG"
        }
    }
}