{
    "frame": "502",
    "image_filename": "render_502.png",
    "image_resolution": {
        "width": 1920,
        "height": 1080
    },
    "camera_parameters": {
        "intrinsic_matrix": [
            [
                2666.666666666667,
                0,
                960.0
            ],
            [
                0,
                2250.0,
                540.0
            ],
            [
                0,
                0,
                1
            ]
        ],
        "extrinsic_matrix": [
            [
                -0.8430076837539673,
                0.5379013419151306,
                -3.725289943190546e-08,
                4.7584669005118485e-07
            ],
            [
                -0.08760011941194534,
                -0.13728824257850647,
                0.9866499900817871,
                -8.273960929727764e-07
            ],
            [
                0.5307203531265259,
                0.8317535519599915,
                0.1628553569316864,
                -11.256316184997559
            ],
            [
                -0.0,
                -0.0,
                -0.0,
                1.0
            ]
        ],
        "camera_location": [
            5.973957061767578,
            9.362481117248535,
            1.8331513404846191
        ],
        "camera_rotation_euler": [
            1.1093189716339111,
            0.0,
            0.8149281740188599
        ],
        "camera_rotation_quaternion": [
            0.21363478899002075,
            0.1812630593776703,
            0.6210604310035706,
            0.7319753170013428
        ],
        "focal_length": 50.0,
        "sensor_width": 36.0,
        "sensor_height": 24.0
    },
    "objects": [
        {
            "object_name": "Cube",
            "bbox_2d": {
                "x_min": 618.7954837052783,
                "y_min": 268.94054014750964,
                "x_max": 1283.1756440879512,
                "y_max": 758.8482385988386,
                "width": 664.3801603826729,
                "height": 489.907698451329,
                "center_x": 950.9855638966148,
                "center_y": 513.8943893731741
            },
            "visible_vertices": 8,
            "total_vertices": 8
        }
    ],
    "metadata": {
        "total_objects": 1,
        "render_settings": {
            "resolution_percentage": 50,
            "file_format": "PNG"
        }
    }
}