{
    "frame": "134",
    "image_filename": "render_134.png",
    "image_resolution": {
        "width": 1920,
        "height": 1080
    },
    "camera_parameters": {
        "intrinsic_matrix": [
            [
                2666.666666666667,
                0,
                960.0
            ],
            [
                0,
                2250.0,
                540.0
            ],
            [
                0,
                0,
                1
            ]
        ],
        "extrinsic_matrix": [
            [
                0.9930113554000854,
                0.11801914870738983,
                -1.5599653124809265e-08,
                1.1069187233481159e-11
            ],
            [
                0.002392813563346863,
                -0.02013293281197548,
                0.9997944235801697,
                9.010109636164998e-08
            ],
            [
                0.11799489706754684,
                -0.9928072094917297,
                -0.020274627953767776,
                -11.256317138671875
            ],
            [
                -0.0,
                0.0,
                -0.0,
                1.0
            ]
        ],
        "camera_location": [
            1.3281878232955933,
            -11.175352096557617,
            -0.2282177209854126
        ],
        "camera_rotation_euler": [
            1.1093189716339111,
            0.0,
            0.8149281740188599
        ],
        "camera_rotation_quaternion": [
            0.6986780166625977,
            0.7129899859428406,
            0.04222077503800392,
            0.04137325659394264
        ],
        "focal_length": 50.0,
        "sensor_width": 36.0,
        "sensor_height": 24.0
    },
    "objects": [
        {
            "object_name": "Cube",
            "bbox_2d": {
                "x_min": 715.3642426937904,
                "y_min": 322.834359815746,
                "x_max": 1245.9455799481684,
                "y_max": 766.2707274370349,
                "width": 530.581337254378,
                "height": 443.4363676212889,
                "center_x": 980.6549113209794,
                "center_y": 544.5525436263904
            },
            "visible_vertices": 8,
            "total_vertices": 8
        }
    ],
    "metadata": {
        "total_objects": 1,
        "render_settings": {
            "resolution_percentage": 50,
            "file_format": "PNG"
        }
    }
}