{
    "frame": "939",
    "image_filename": "render_939.png",
    "image_resolution": {
        "width": 1920,
        "height": 1080
    },
    "camera_parameters": {
        "intrinsic_matrix": [
            [
                2666.666666666667,
                0,
                960.0
            ],
            [
                0,
                2250.0,
                540.0
            ],
            [
                0,
                0,
                1
            ]
        ],
        "extrinsic_matrix": [
            [
                -0.14237210154533386,
                -0.9898130893707275,
                -9.313222193441106e-08,
                -5.998488745717623e-07
            ],
            [
                0.12111423164606094,
                -0.017420727759599686,
                0.9924855828285217,
                -1.936713260874967e-06
            ],
            [
                -0.9823753237724304,
                0.14130237698554993,
                0.12236083298921585,
                -11.256315231323242
            ],
            [
                -0.0,
                0.0,
                -0.0,
                1.0
            ]
        ],
        "camera_location": [
            -11.057928085327148,
            1.5905423164367676,
            1.3773325681686401
        ],
        "camera_rotation_euler": [
            1.1093189716339111,
            0.0,
            0.8149281740188599
        ],
        "camera_rotation_quaternion": [
            0.49055278301239014,
            0.4337879419326782,
            -0.500647246837616,
            -0.5661611557006836
        ],
        "focal_length": 50.0,
        "sensor_width": 36.0,
        "sensor_height": 24.0
    },
    "objects": [
        {
            "object_name": "Cube",
            "bbox_2d": {
                "x_min": 666.6750623343736,
                "y_min": 291.84778499685444,
                "x_max": 1212.1215588628224,
                "y_max": 747.6087684651568,
                "width": 545.4464965284488,
                "height": 455.76098346830236,
                "center_x": 939.3983105985981,
                "center_y": 519.7282767310056
            },
            "visible_vertices": 8,
            "total_vertices": 8
        }
    ],
    "metadata": {
        "total_objects": 1,
        "render_settings": {
            "resolution_percentage": 50,
            "file_format": "PNG"
        }
    }
}