{
    "frame": "79",
    "image_filename": "render_079.png",
    "image_resolution": {
        "width": 1920,
        "height": 1080
    },
    "camera_parameters": {
        "intrinsic_matrix": [
            [
                2666.666666666667,
                0,
                960.0
            ],
            [
                0,
                2250.0,
                540.0
            ],
            [
                0,
                0,
                1
            ]
        ],
        "extrinsic_matrix": [
            [
                0.8842117190361023,
                0.4670862555503845,
                1.1175870007207322e-08,
                -4.166032407937337e-09
            ],
            [
                -0.04770348221063614,
                0.09030451625585556,
                0.9947709441184998,
                5.608275159829645e-07
            ],
            [
                0.4646438956260681,
                -0.8795881867408752,
                0.1021299660205841,
                -11.256315231323242
            ],
            [
                -0.0,
                0.0,
                -0.0,
                1.0
            ]
        ],
        "camera_location": [
            5.2301788330078125,
            -9.900923728942871,
            1.149606704711914
        ],
        "camera_rotation_euler": [
            1.1093189716339111,
            0.0,
            0.8149281740188599
        ],
        "camera_rotation_quaternion": [
            0.7205287218093872,
            0.6503416895866394,
            0.16121631860733032,
            0.17861530184745789
        ],
        "focal_length": 50.0,
        "sensor_width": 36.0,
        "sensor_height": 24.0
    },
    "objects": [
        {
            "object_name": "Cube",
            "bbox_2d": {
                "x_min": 648.5278942276684,
                "y_min": 285.486612798962,
                "x_max": 1295.5415326114853,
                "y_max": 743.926133051366,
                "width": 647.0136383838169,
                "height": 458.439520252404,
                "center_x": 972.0347134195769,
                "center_y": 514.706372925164
            },
            "visible_vertices": 8,
            "total_vertices": 8
        }
    ],
    "metadata": {
        "total_objects": 1,
        "render_settings": {
            "resolution_percentage": 50,
            "file_format": "PNG"
        }
    }
}