{
    "frame": "180",
    "image_filename": "render_180.png",
    "image_resolution": {
        "width": 1920,
        "height": 1080
    },
    "camera_parameters": {
        "intrinsic_matrix": [
            [
                2666.666666666667,
                0,
                960.0
            ],
            [
                0,
                2250.0,
                540.0
            ],
            [
                0,
                0,
                1
            ]
        ],
        "extrinsic_matrix": [
            [
                -0.8984931707382202,
                -0.4389873445034027,
                -1.0430811414607888e-07,
                -4.792458412339329e-07
            ],
            [
                -0.034924376755952835,
                0.07148095220327377,
                0.9968303442001343,
                4.402947411108471e-07
            ],
            [
                -0.4375959038734436,
                0.8956453204154968,
                -0.07955645024776459,
                -11.256316184997559
            ],
            [
                -0.0,
                0.0,
                -0.0,
                1.0
            ]
        ],
        "camera_location": [
            -4.925718307495117,
            10.081666946411133,
            -0.8955137133598328
        ],
        "camera_rotation_euler": [
            1.1093189716339111,
            0.0,
            0.8149281740188599
        ],
        "camera_rotation_quaternion": [
            0.15283259749412537,
            0.16551610827445984,
            -0.7158091068267822,
            -0.660956859588623
        ],
        "focal_length": 50.0,
        "sensor_width": 36.0,
        "sensor_height": 24.0
    },
    "objects": [
        {
            "object_name": "Cube",
            "bbox_2d": {
                "x_min": 653.4531815975903,
                "y_min": 336.4695971279667,
                "x_max": 1292.7467352445772,
                "y_max": 788.162821533717,
                "width": 639.2935536469869,
                "height": 451.69322440575024,
                "center_x": 973.0999584210838,
                "center_y": 562.3162093308418
            },
            "visible_vertices": 8,
            "total_vertices": 8
        }
    ],
    "metadata": {
        "total_objects": 1,
        "render_settings": {
            "resolution_percentage": 50,
            "file_format": "PNG"
        }
    }
}