{
    "frame": "825",
    "image_filename": "render_825.png",
    "image_resolution": {
        "width": 1920,
        "height": 1080
    },
    "camera_parameters": {
        "intrinsic_matrix": [
            [
                2666.666666666667,
                0,
                960.0
            ],
            [
                0,
                2250.0,
                540.0
            ],
            [
                0,
                0,
                1
            ]
        ],
        "extrinsic_matrix": [
            [
                0.09226099401712418,
                0.9957348704338074,
                8.242204785346985e-08,
                -4.78209301491006e-07
            ],
            [
                0.06530159711837769,
                -0.0060506463050842285,
                0.997847318649292,
                -4.754907649839879e-07
            ],
            [
                0.99359130859375,
                -0.09206234663724899,
                -0.0655812919139862,
                -11.256316184997559
            ],
            [
                -0.0,
                0.0,
                -0.0,
                1.0
            ]
        ],
        "camera_location": [
            11.18417739868164,
            -1.0362826585769653,
            -0.7382035255432129
        ],
        "camera_rotation_euler": [
            1.1093189716339111,
            0.0,
            0.8149281740188599
        ],
        "camera_rotation_quaternion": [
            0.5051309466362,
            0.5394193530082703,
            0.4917493462562561,
            0.4604911506175995
        ],
        "focal_length": 50.0,
        "sensor_width": 36.0,
        "sensor_height": 24.0
    },
    "objects": [
        {
            "object_name": "Cube",
            "bbox_2d": {
                "x_min": 678.0228579429655,
                "y_min": 333.70626747248434,
                "x_max": 1199.9322337137694,
                "y_max": 775.0176387341292,
                "width": 521.9093757708039,
                "height": 441.3113712616448,
                "center_x": 938.9775458283675,
                "center_y": 554.3619531033067
            },
            "visible_vertices": 8,
            "total_vertices": 8
        }
    ],
    "metadata": {
        "total_objects": 1,
        "render_settings": {
            "resolution_percentage": 50,
            "file_format": "PNG"
        }
    }
}