{
    "frame": "64",
    "image_filename": "render_064.png",
    "image_resolution": {
        "width": 1920,
        "height": 1080
    },
    "camera_parameters": {
        "intrinsic_matrix": [
            [
                2666.666666666667,
                0,
                960.0
            ],
            [
                0,
                2250.0,
                540.0
            ],
            [
                0,
                0,
                1
            ]
        ],
        "extrinsic_matrix": [
            [
                0.9785177707672119,
                -0.20616261661052704,
                3.725290298461914e-09,
                2.392047520061169e-07
            ],
            [
                -0.01168063748627901,
                -0.05544022470712662,
                0.998393714427948,
                -5.525664050765045e-07
            ],
            [
                -0.20583145320415497,
                -0.9769459962844849,
                -0.05665735900402069,
                -11.256317138671875
            ],
            [
                -0.0,
                0.0,
                -0.0,
                1.0
            ]
        ],
        "camera_location": [
            -2.316904067993164,
            -10.996811866760254,
            -0.6377525329589844
        ],
        "camera_rotation_euler": [
            1.1093189716339111,
            0.0,
            0.8149281740188599
        ],
        "camera_rotation_quaternion": [
            0.6830849647521973,
            0.7229480147361755,
            -0.07533157616853714,
            -0.07117781788110733
        ],
        "focal_length": 50.0,
        "sensor_width": 36.0,
        "sensor_height": 24.0
    },
    "objects": [
        {
            "object_name": "Cube",
            "bbox_2d": {
                "x_min": 657.0672115043618,
                "y_min": 330.8166269964132,
                "x_max": 1223.904971641112,
                "y_max": 776.6593961401138,
                "width": 566.8377601367503,
                "height": 445.8427691437006,
                "center_x": 940.486091572737,
                "center_y": 553.7380115682636
            },
            "visible_vertices": 8,
            "total_vertices": 8
        }
    ],
    "metadata": {
        "total_objects": 1,
        "render_settings": {
            "resolution_percentage": 50,
            "file_format": "PNG"
        }
    }
}