{
    "frame": "110",
    "image_filename": "render_110.png",
    "image_resolution": {
        "width": 1920,
        "height": 1080
    },
    "camera_parameters": {
        "intrinsic_matrix": [
            [
                2666.666666666667,
                0,
                960.0
            ],
            [
                0,
                2250.0,
                540.0
            ],
            [
                0,
                0,
                1
            ]
        ],
        "extrinsic_matrix": [
            [
                -0.695422351360321,
                0.7186009883880615,
                -4.656611807263289e-08,
                -9.560815215081675e-07
            ],
            [
                0.04199855774641037,
                0.040644001215696335,
                0.9982905387878418,
                -3.571639695110207e-07
            ],
            [
                0.7173726558685303,
                0.6942337155342102,
                -0.058444876223802567,
                -11.256315231323242
            ],
            [
                -0.0,
                0.0,
                0.0,
                1.0
            ]
        ],
        "camera_location": [
            8.074974060058594,
            7.814515113830566,
            -0.6578747034072876
        ],
        "camera_rotation_euler": [
            1.1093189716339111,
            0.0,
            0.8149281740188599
        ],
        "camera_rotation_quaternion": [
            0.2677576243877411,
            0.2838919162750244,
            0.669796884059906,
            0.6317304968833923
        ],
        "focal_length": 50.0,
        "sensor_width": 36.0,
        "sensor_height": 24.0
    },
    "objects": [
        {
            "object_name": "Cube",
            "bbox_2d": {
                "x_min": 623.9583448955235,
                "y_min": 329.47955222468295,
                "x_max": 1297.4337336870476,
                "y_max": 785.5883044389805,
                "width": 673.4753887915241,
                "height": 456.1087522142975,
                "center_x": 960.6960392912856,
                "center_y": 557.5339283318317
            },
            "visible_vertices": 8,
            "total_vertices": 8
        }
    ],
    "metadata": {
        "total_objects": 1,
        "render_settings": {
            "resolution_percentage": 50,
            "file_format": "PNG"
        }
    }
}