{
    "frame": "187",
    "image_filename": "render_187.png",
    "image_resolution": {
        "width": 1920,
        "height": 1080
    },
    "camera_parameters": {
        "intrinsic_matrix": [
            [
                2666.666666666667,
                0,
                960.0
            ],
            [
                0,
                2250.0,
                540.0
            ],
            [
                0,
                0,
                1
            ]
        ],
        "extrinsic_matrix": [
            [
                0.36963745951652527,
                0.9291761517524719,
                -9.685756907629184e-08,
                -4.789513923242339e-07
            ],
            [
                0.11301500350236893,
                -0.0449586845934391,
                0.9925757646560669,
                1.173154828393308e-06
            ],
            [
                0.9222776293754578,
                -0.3668931722640991,
                -0.1216292753815651,
                -11.256318092346191
            ],
            [
                -0.0,
                0.0,
                -0.0,
                1.0
            ]
        ],
        "camera_location": [
            10.381446838378906,
            -4.12986421585083,
            -1.36909818649292
        ],
        "camera_rotation_euler": [
            1.1093189716339111,
            0.0,
            0.8149281740188599
        ],
        "camera_rotation_quaternion": [
            0.5484180450439453,
            0.6197227835655212,
            0.42042630910873413,
            0.372052401304245
        ],
        "focal_length": 50.0,
        "sensor_width": 36.0,
        "sensor_height": 24.0
    },
    "objects": [
        {
            "object_name": "Cube",
            "bbox_2d": {
                "x_min": 632.6153532725664,
                "y_min": 331.63208160501586,
                "x_max": 1256.2773486224837,
                "y_max": 796.5959148769398,
                "width": 623.6619953499173,
                "height": 464.96383327192393,
                "center_x": 944.446350947525,
                "center_y": 564.1139982409778
            },
            "visible_vertices": 8,
            "total_vertices": 8
        }
    ],
    "metadata": {
        "total_objects": 1,
        "render_settings": {
            "resolution_percentage": 50,
            "file_format": "PNG"
        }
    }
}