{
    "frame": "874",
    "image_filename": "render_874.png",
    "image_resolution": {
        "width": 1920,
        "height": 1080
    },
    "camera_parameters": {
        "intrinsic_matrix": [
            [
                2666.666666666667,
                0,
                960.0
            ],
            [
                0,
                2250.0,
                540.0
            ],
            [
                0,
                0,
                1
            ]
        ],
        "extrinsic_matrix": [
            [
                -0.9995945692062378,
                -0.028468718752264977,
                3.25962834502036e-09,
                2.9306837512343975e-10
            ],
            [
                0.00505589134991169,
                -0.17752249538898468,
                0.9841036200523376,
                -5.963350417914626e-07
            ],
            [
                -0.028016172349452972,
                0.9837047457695007,
                0.17759452760219574,
                -11.256315231323242
            ],
            [
                -0.0,
                0.0,
                -0.0,
                1.0
            ]
        ],
        "camera_location": [
            -0.3153589367866516,
            11.072893142700195,
            1.9990605115890503
        ],
        "camera_rotation_euler": [
            1.1093189716339111,
            0.0,
            0.8149281740188599
        ],
        "camera_rotation_quaternion": [
            0.010923579335212708,
            0.009128721430897713,
            -0.6411859393119812,
            -0.7672535181045532
        ],
        "focal_length": 50.0,
        "sensor_width": 36.0,
        "sensor_height": 24.0
    },
    "objects": [
        {
            "object_name": "Cube",
            "bbox_2d": {
                "x_min": 702.7566251175238,
                "y_min": 288.1300796855403,
                "x_max": 1230.8182658834435,
                "y_max": 757.1163994083491,
                "width": 528.0616407659197,
                "height": 468.98631972280884,
                "center_x": 966.7874455004836,
                "center_y": 522.6232395469447
            },
            "visible_vertices": 8,
            "total_vertices": 8
        }
    ],
    "metadata": {
        "total_objects": 1,
        "render_settings": {
            "resolution_percentage": 50,
            "file_format": "PNG"
        }
    }
}