{
    "frame": "498",
    "image_filename": "render_498.png",
    "image_resolution": {
        "width": 1920,
        "height": 1080
    },
    "camera_parameters": {
        "intrinsic_matrix": [
            [
                2666.666666666667,
                0,
                960.0
            ],
            [
                0,
                2250.0,
                540.0
            ],
            [
                0,
                0,
                1
            ]
        ],
        "extrinsic_matrix": [
            [
                -0.9895710945129395,
                0.14404398202896118,
                -4.563478839259005e-08,
                3.878647125699075e-10
            ],
            [
                0.008663288317620754,
                0.059516534209251404,
                0.9981896281242371,
                -1.1453614661149913e-06
            ],
            [
                0.14378322660923004,
                0.9877797961235046,
                -0.06014356389641762,
                -11.256315231323242
            ],
            [
                -0.0,
                0.0,
                0.0,
                1.0
            ]
        ],
        "camera_location": [
            1.6184697151184082,
            11.118762969970703,
            -0.6769959926605225
        ],
        "camera_rotation_euler": [
            1.1093189716339111,
            0.0,
            0.8149281740188599
        ],
        "camera_rotation_quaternion": [
            0.049501270055770874,
            0.052573587745428085,
            0.7261596918106079,
            0.683723509311676
        ],
        "focal_length": 50.0,
        "sensor_width": 36.0,
        "sensor_height": 24.0
    },
    "objects": [
        {
            "object_name": "Cube",
            "bbox_2d": {
                "x_min": 667.9866050572014,
                "y_min": 332.090802434205,
                "x_max": 1211.0740237654334,
                "y_max": 775.5771607686665,
                "width": 543.087418708232,
                "height": 443.48635833446156,
                "center_x": 939.5303144113174,
                "center_y": 553.8339816014358
            },
            "visible_vertices": 8,
            "total_vertices": 8
        }
    ],
    "metadata": {
        "total_objects": 1,
        "render_settings": {
            "resolution_percentage": 50,
            "file_format": "PNG"
        }
    }
}