{
    "frame": "162",
    "image_filename": "render_162.png",
    "image_resolution": {
        "width": 1920,
        "height": 1080
    },
    "camera_parameters": {
        "intrinsic_matrix": [
            [
                2666.666666666667,
                0,
                960.0
            ],
            [
                0,
                2250.0,
                540.0
            ],
            [
                0,
                0,
                1
            ]
        ],
        "extrinsic_matrix": [
            [
                -0.08967255055904388,
                -0.9959713220596313,
                -1.955777406692505e-07,
                -1.0272812005496235e-06
            ],
            [
                -0.17046236991882324,
                0.015347444452345371,
                0.9852447509765625,
                6.136883712315466e-07
            ],
            [
                -0.9812754392623901,
                0.08834944665431976,
                -0.17115187644958496,
                -11.256318092346191
            ],
            [
                -0.0,
                0.0,
                -0.0,
                1.0
            ]
        ],
        "camera_location": [
            -11.045546531677246,
            0.9944880604743958,
            -1.9265401363372803
        ],
        "camera_rotation_euler": [
            1.1093189716339111,
            0.0,
            0.8149281740188599
        ],
        "camera_rotation_quaternion": [
            0.4343164265155792,
            0.5162683129310608,
            -0.5648388862609863,
            -0.475177139043808
        ],
        "focal_length": 50.0,
        "sensor_width": 36.0,
        "sensor_height": 24.0
    },
    "objects": [
        {
            "object_name": "Cube",
            "bbox_2d": {
                "x_min": 675.9556477019814,
                "y_min": 323.2236244099946,
                "x_max": 1201.6956344271284,
                "y_max": 794.3843933673438,
                "width": 525.739986725147,
                "height": 471.1607689573492,
                "center_x": 938.8256410645549,
                "center_y": 558.8040088886692
            },
            "visible_vertices": 8,
            "total_vertices": 8
        }
    ],
    "metadata": {
        "total_objects": 1,
        "render_settings": {
            "resolution_percentage": 50,
            "file_format": "PNG"
        }
    }
}