{
    "frame": "368",
    "image_filename": "render_368.png",
    "image_resolution": {
        "width": 1920,
        "height": 1080
    },
    "camera_parameters": {
        "intrinsic_matrix": [
            [
                2666.666666666667,
                0,
                960.0
            ],
            [
                0,
                2250.0,
                540.0
            ],
            [
                0,
                0,
                1
            ]
        ],
        "extrinsic_matrix": [
            [
                0.7108433246612549,
                0.7033503651618958,
                5.774199252073231e-08,
                4.776687205776398e-07
            ],
            [
                -0.030010033398866653,
                0.03032970428466797,
                0.9990893006324768,
                -1.6225189938268159e-06
            ],
            [
                0.7027098536491394,
                -0.7101959586143494,
                0.04266725108027458,
                -11.256315231323242
            ],
            [
                -0.0,
                0.0,
                -0.0,
                1.0
            ]
        ],
        "camera_location": [
            7.909924030303955,
            -7.994190692901611,
            0.48027750849723816
        ],
        "camera_rotation_euler": [
            1.1093189716339111,
            0.0,
            0.8149281740188599
        ],
        "camera_rotation_quaternion": [
            0.6678024530410767,
            0.6398918628692627,
            0.2630680203437805,
            0.2745424509048462
        ],
        "focal_length": 50.0,
        "sensor_width": 36.0,
        "sensor_height": 24.0
    },
    "objects": [
        {
            "object_name": "Cube",
            "bbox_2d": {
                "x_min": 623.9212631332271,
                "y_min": 298.88118876613964,
                "x_max": 1296.5275203894662,
                "y_max": 755.5125436747329,
                "width": 672.6062572562391,
                "height": 456.63135490859327,
                "center_x": 960.2243917613466,
                "center_y": 527.1968662204363
            },
            "visible_vertices": 8,
            "total_vertices": 8
        }
    ],
    "metadata": {
        "total_objects": 1,
        "render_settings": {
            "resolution_percentage": 50,
            "file_format": "PNG"
        }
    }
}