{
    "frame": "518",
    "image_filename": "render_518.png",
    "image_resolution": {
        "width": 1920,
        "height": 1080
    },
    "camera_parameters": {
        "intrinsic_matrix": [
            [
                2666.666666666667,
                0,
                960.0
            ],
            [
                0,
                2250.0,
                540.0
            ],
            [
                0,
                0,
                1
            ]
        ],
        "extrinsic_matrix": [
            [
                0.08543060719966888,
                0.9963441491127014,
                -4.447065649060278e-08,
                2.384979325142922e-07
            ],
            [
                0.04349561408162117,
                -0.003729500574991107,
                0.9990466237068176,
                8.668362738717406e-07
            ],
            [
                0.995394229888916,
                -0.08534920960664749,
                -0.04365525767207146,
                -11.256317138671875
            ],
            [
                -0.0,
                0.0,
                -0.0,
                1.0
            ]
        ],
        "camera_location": [
            11.204472541809082,
            -0.9607173800468445,
            -0.4913977384567261
        ],
        "camera_rotation_euler": [
            1.1093189716339111,
            0.0,
            0.8149281740188599
        ],
        "camera_rotation_quaternion": [
            0.5094226598739624,
            0.532168984413147,
            0.48849132657051086,
            0.4676119089126587
        ],
        "focal_length": 50.0,
        "sensor_width": 36.0,
        "sensor_height": 24.0
    },
    "objects": [
        {
            "object_name": "Cube",
            "bbox_2d": {
                "x_min": 679.9999284154567,
                "y_min": 328.6287355209911,
                "x_max": 1199.7474876350943,
                "y_max": 770.3611640996085,
                "width": 519.7475592196377,
                "height": 441.7324285786174,
                "center_x": 939.8737080252755,
                "center_y": 549.4949498102998
            },
            "visible_vertices": 8,
            "total_vertices": 8
        }
    ],
    "metadata": {
        "total_objects": 1,
        "render_settings": {
            "resolution_percentage": 50,
            "file_format": "PNG"
        }
    }
}