{
    "frame": "3",
    "image_filename": "render_003.png",
    "image_resolution": {
        "width": 1920,
        "height": 1080
    },
    "camera_parameters": {
        "intrinsic_matrix": [
            [
                2666.666666666667,
                0,
                960.0
            ],
            [
                0,
                2250.0,
                540.0
            ],
            [
                0,
                0,
                1
            ]
        ],
        "extrinsic_matrix": [
            [
                -0.9898863434791565,
                0.14186090230941772,
                1.1501828112159274e-07,
                1.1931368248951912e-07
            ],
            [
                0.004568441305309534,
                0.031877301633358,
                0.9994813203811646,
                -2.5899259981088107e-06
            ],
            [
                0.1417873352766037,
                0.9893731474876404,
                -0.032202739268541336,
                -11.256315231323242
            ],
            [
                -0.0,
                -0.0,
                -0.0,
                1.0
            ]
        ],
        "camera_location": [
            1.596003532409668,
            11.136697769165039,
            -0.36248457431793213
        ],
        "camera_rotation_euler": [
            1.1093189716339111,
            0.0,
            0.8149281740188599
        ],
        "camera_rotation_quaternion": [
            0.04946643114089966,
            0.051085956394672394,
            0.7165833711624146,
            0.6938672065734863
        ],
        "focal_length": 50.0,
        "sensor_width": 36.0,
        "sensor_height": 24.0
    },
    "objects": [
        {
            "object_name": "Cube",
            "bbox_2d": {
                "x_min": 669.1519441784505,
                "y_min": 325.3119802802114,
                "x_max": 1210.0056419767707,
                "y_max": 769.4720888958076,
                "width": 540.8536977983201,
                "height": 444.1601086155962,
                "center_x": 939.5787930776106,
                "center_y": 547.3920345880094
            },
            "visible_vertices": 8,
            "total_vertices": 8
        }
    ],
    "metadata": {
        "total_objects": 1,
        "render_settings": {
            "resolution_percentage": 50,
            "file_format": "PNG"
        }
    }
}