{
    "frame": "823",
    "image_filename": "render_823.png",
    "image_resolution": {
        "width": 1920,
        "height": 1080
    },
    "camera_parameters": {
        "intrinsic_matrix": [
            [
                2666.666666666667,
                0,
                960.0
            ],
            [
                0,
                2250.0,
                540.0
            ],
            [
                0,
                0,
                1
            ]
        ],
        "extrinsic_matrix": [
            [
                0.29168054461479187,
                -0.9565156698226929,
                -7.823107495141812e-08,
                -4.801038926416368e-07
            ],
            [
                0.09794839471578598,
                0.029868418350815773,
                0.9947430491447449,
                -1.1044647862945567e-06
            ],
            [
                -0.9514874219894409,
                -0.29014721512794495,
                0.1024012640118599,
                -11.256314277648926
            ],
            [
                -0.0,
                0.0,
                -0.0,
                1.0
            ]
        ],
        "camera_location": [
            -10.710244178771973,
            -3.2659900188446045,
            1.152661681175232
        ],
        "camera_rotation_euler": [
            1.1093189716339111,
            0.0,
            0.8149281740188599
        ],
        "camera_rotation_quaternion": [
            0.5966469645500183,
            0.5383797287940979,
            -0.3986811339855194,
            -0.44182923436164856
        ],
        "focal_length": 50.0,
        "sensor_width": 36.0,
        "sensor_height": 24.0
    },
    "objects": [
        {
            "object_name": "Cube",
            "bbox_2d": {
                "x_min": 678.2860446658703,
                "y_min": 290.34673754926223,
                "x_max": 1277.226733416589,
                "y_max": 743.7632488128261,
                "width": 598.9406887507187,
                "height": 453.41651126356385,
                "center_x": 977.7563890412297,
                "center_y": 517.0549931810442
            },
            "visible_vertices": 8,
            "total_vertices": 8
        }
    ],
    "metadata": {
        "total_objects": 1,
        "render_settings": {
            "resolution_percentage": 50,
            "file_format": "PNG"
        }
    }
}