{
    "frame": "486",
    "image_filename": "render_486.png",
    "image_resolution": {
        "width": 1920,
        "height": 1080
    },
    "camera_parameters": {
        "intrinsic_matrix": [
            [
                2666.666666666667,
                0,
                960.0
            ],
            [
                0,
                2250.0,
                540.0
            ],
            [
                0,
                0,
                1
            ]
        ],
        "extrinsic_matrix": [
            [
                0.9825459718704224,
                0.18602004647254944,
                4.470347292340193e-08,
                -1.8876389340505284e-09
            ],
            [
                0.024704141542315483,
                -0.13048578798770905,
                0.9911423325538635,
                -2.453448075812048e-07
            ],
            [
                0.18437235057353973,
                -0.9738427996635437,
                -0.1328037530183792,
                -11.256314277648926
            ],
            [
                -0.0,
                0.0,
                -0.0,
                1.0
            ]
        ],
        "camera_location": [
            2.0753536224365234,
            -10.961883544921875,
            -1.4948809146881104
        ],
        "camera_rotation_euler": [
            1.1093189716339111,
            0.0,
            0.8149281740188599
        ],
        "camera_rotation_quaternion": [
            0.6556021571159363,
            0.7493056058883667,
            0.07030649483203888,
            0.06151442229747772
        ],
        "focal_length": 50.0,
        "sensor_width": 36.0,
        "sensor_height": 24.0
    },
    "objects": [
        {
            "object_name": "Cube",
            "bbox_2d": {
                "x_min": 698.4218139251134,
                "y_min": 329.9930225775514,
                "x_max": 1261.544834486985,
                "y_max": 792.1035670238264,
                "width": 563.1230205618717,
                "height": 462.11054444627496,
                "center_x": 979.9833242060492,
                "center_y": 561.0482948006888
            },
            "visible_vertices": 8,
            "total_vertices": 8
        }
    ],
    "metadata": {
        "total_objects": 1,
        "render_settings": {
            "resolution_percentage": 50,
            "file_format": "PNG"
        }
    }
}