{
    "frame": "964",
    "image_filename": "render_964.png",
    "image_resolution": {
        "width": 1920,
        "height": 1080
    },
    "camera_parameters": {
        "intrinsic_matrix": [
            [
                2666.666666666667,
                0,
                960.0
            ],
            [
                0,
                2250.0,
                540.0
            ],
            [
                0,
                0,
                1
            ]
        ],
        "extrinsic_matrix": [
            [
                0.8009909391403198,
                0.5986765623092651,
                8.381903171539307e-09,
                2.2025314905249616e-10
            ],
            [
                -0.015644866973161697,
                0.020931851118803024,
                0.9996585845947266,
                3.0995852284831926e-07
            ],
            [
                0.5984721183776855,
                -0.8007173538208008,
                0.02613244391977787,
                -11.256317138671875
            ],
            [
                -0.0,
                0.0,
                -0.0,
                1.0
            ]
        ],
        "camera_location": [
            6.73659086227417,
            -9.013127326965332,
            0.29415464401245117
        ],
        "camera_rotation_euler": [
            1.1093189716339111,
            0.0,
            0.8149281740188599
        ],
        "camera_rotation_quaternion": [
            0.6797159910202026,
            0.6621794700622559,
            0.220118448138237,
            0.22594784200191498
        ],
        "focal_length": 50.0,
        "sensor_width": 36.0,
        "sensor_height": 24.0
    },
    "objects": [
        {
            "object_name": "Cube",
            "bbox_2d": {
                "x_min": 633.5211513865962,
                "y_min": 304.0931487253782,
                "x_max": 1298.453667631963,
                "y_max": 760.4186670700213,
                "width": 664.9325162453669,
                "height": 456.3255183446431,
                "center_x": 965.9874095092796,
                "center_y": 532.2559078976998
            },
            "visible_vertices": 8,
            "total_vertices": 8
        }
    ],
    "metadata": {
        "total_objects": 1,
        "render_settings": {
            "resolution_percentage": 50,
            "file_format": "PNG"
        }
    }
}