{
    "frame": "905",
    "image_filename": "render_905.png",
    "image_resolution": {
        "width": 1920,
        "height": 1080
    },
    "camera_parameters": {
        "intrinsic_matrix": [
            [
                2666.666666666667,
                0,
                960.0
            ],
            [
                0,
                2250.0,
                540.0
            ],
            [
                0,
                0,
                1
            ]
        ],
        "extrinsic_matrix": [
            [
                -0.9894632697105408,
                -0.1447821408510208,
                1.1175864678136804e-08,
                -1.1851764725179237e-07
            ],
            [
                -0.021102039143443108,
                0.14421480894088745,
                0.9893212914466858,
                -1.9282424545963295e-06
            ],
            [
                -0.14323605597019196,
                0.9788973331451416,
                -0.14575020968914032,
                -11.25631332397461
            ],
            [
                0.0,
                0.0,
                -0.0,
                1.0
            ]
        ],
        "camera_location": [
            -1.6123110055923462,
            11.018778800964355,
            -1.640612006187439
        ],
        "camera_rotation_euler": [
            1.1093189716339111,
            0.0,
            0.8149281740188599
        ],
        "camera_rotation_quaternion": [
            0.0474361777305603,
            0.054936639964580536,
            -0.7548888921737671,
            -0.6518241167068481
        ],
        "focal_length": 50.0,
        "sensor_width": 36.0,
        "sensor_height": 24.0
    },
    "objects": [
        {
            "object_name": "Cube",
            "bbox_2d": {
                "x_min": 706.8108737374656,
                "y_min": 327.62326281259277,
                "x_max": 1254.373112839859,
                "y_max": 792.7187991219828,
                "width": 547.5622391023934,
                "height": 465.09553630939,
                "center_x": 980.5919932886623,
                "center_y": 560.1710309672878
            },
            "visible_vertices": 8,
            "total_vertices": 8
        }
    ],
    "metadata": {
        "total_objects": 1,
        "render_settings": {
            "resolution_percentage": 50,
            "file_format": "PNG"
        }
    }
}