{
    "frame": "623",
    "image_filename": "render_623.png",
    "image_resolution": {
        "width": 1920,
        "height": 1080
    },
    "camera_parameters": {
        "intrinsic_matrix": [
            [
                2666.666666666667,
                0,
                960.0
            ],
            [
                0,
                2250.0,
                540.0
            ],
            [
                0,
                0,
                1
            ]
        ],
        "extrinsic_matrix": [
            [
                -0.8462210893630981,
                0.5328313708305359,
                2.9802308176840597e-08,
                9.579707693774253e-07
            ],
            [
                -0.05810834467411041,
                -0.09228526055812836,
                0.9940354824066162,
                -9.284565294365166e-07
            ],
            [
                0.5296534299850464,
                0.8411740660667419,
                0.10905591398477554,
                -11.256315231323242
            ],
            [
                -0.0,
                -0.0,
                -0.0,
                1.0
            ]
        ],
        "camera_location": [
            5.961947917938232,
            9.468522071838379,
            1.2275667190551758
        ],
        "camera_rotation_euler": [
            1.1093189716339111,
            0.0,
            0.8149281740188599
        ],
        "camera_rotation_quaternion": [
            0.2064879834651947,
            0.1850730925798416,
            0.6412644386291504,
            0.7154653668403625
        ],
        "focal_length": 50.0,
        "sensor_width": 36.0,
        "sensor_height": 24.0
    },
    "objects": [
        {
            "object_name": "Cube",
            "bbox_2d": {
                "x_min": 620.6160518270572,
                "y_min": 282.3626745329859,
                "x_max": 1280.9303636560253,
                "y_max": 745.6994345835208,
                "width": 660.3143118289681,
                "height": 463.33676005053485,
                "center_x": 950.7732077415412,
                "center_y": 514.0310545582533
            },
            "visible_vertices": 8,
            "total_vertices": 8
        }
    ],
    "metadata": {
        "total_objects": 1,
        "render_settings": {
            "resolution_percentage": 50,
            "file_format": "PNG"
        }
    }
}