{
    "frame": "714",
    "image_filename": "render_714.png",
    "image_resolution": {
        "width": 1920,
        "height": 1080
    },
    "camera_parameters": {
        "intrinsic_matrix": [
            [
                2666.666666666667,
                0,
                960.0
            ],
            [
                0,
                2250.0,
                540.0
            ],
            [
                0,
                0,
                1
            ]
        ],
        "extrinsic_matrix": [
            [
                0.993574857711792,
                -0.11317634582519531,
                -3.7252898543727042e-09,
                1.2011049932425522e-07
            ],
            [
                0.012192705646157265,
                0.10703973472118378,
                0.994179904460907,
                1.6864588614495801e-09
            ],
            [
                -0.11251765489578247,
                -0.9877921938896179,
                0.10773192346096039,
                -11.256316184997559
            ],
            [
                -0.0,
                0.0,
                -0.0,
                1.0
            ]
        ],
        "camera_location": [
            -1.2665345668792725,
            -11.118902206420898,
            1.2126647233963013
        ],
        "camera_rotation_euler": [
            1.1093189716339111,
            0.0,
            0.8149281740188599
        ],
        "camera_rotation_quaternion": [
            0.7430253624916077,
            0.6668589115142822,
            -0.03785794973373413,
            -0.04218196123838425
        ],
        "focal_length": 50.0,
        "sensor_width": 36.0,
        "sensor_height": 24.0
    },
    "objects": [
        {
            "object_name": "Cube",
            "bbox_2d": {
                "x_min": 672.7180096146187,
                "y_min": 295.9195586263544,
                "x_max": 1205.4566557185306,
                "y_max": 744.5227845974462,
                "width": 532.7386461039118,
                "height": 448.6032259710918,
                "center_x": 939.0873326665746,
                "center_y": 520.2211716119002
            },
            "visible_vertices": 8,
            "total_vertices": 8
        }
    ],
    "metadata": {
        "total_objects": 1,
        "render_settings": {
            "resolution_percentage": 50,
            "file_format": "PNG"
        }
    }
}