{
    "frame": "192",
    "image_filename": "render_192.png",
    "image_resolution": {
        "width": 1920,
        "height": 1080
    },
    "camera_parameters": {
        "intrinsic_matrix": [
            [
                2666.666666666667,
                0,
                960.0
            ],
            [
                0,
                2250.0,
                540.0
            ],
            [
                0,
                0,
                1
            ]
        ],
        "extrinsic_matrix": [
            [
                -0.5822200775146484,
                0.8130308985710144,
                -2.235172935627361e-08,
                -4.869947360930382e-07
            ],
            [
                -0.11421883851289749,
                -0.0817931741476059,
                0.9900826215744019,
                -1.6835954284033505e-06
            ],
            [
                0.8049678802490234,
                0.5764462351799011,
                0.14048533141613007,
                -11.256315231323242
            ],
            [
                -0.0,
                -0.0,
                -0.0,
                1.0
            ]
        ],
        "camera_location": [
            9.060975074768066,
            6.488661289215088,
            1.5813466310501099
        ],
        "camera_rotation_euler": [
            1.1093189716339111,
            0.0,
            0.8149281740188599
        ],
        "camera_rotation_quaternion": [
            0.3451347053050995,
            0.2996196746826172,
            0.5830827355384827,
            0.6716582179069519
        ],
        "focal_length": 50.0,
        "sensor_width": 36.0,
        "sensor_height": 24.0
    },
    "objects": [
        {
            "object_name": "Cube",
            "bbox_2d": {
                "x_min": 632.02464142697,
                "y_min": 273.5383235395443,
                "x_max": 1301.7438598058718,
                "y_max": 753.543819266333,
                "width": 669.7192183789018,
                "height": 480.0054957267887,
                "center_x": 966.8842506164209,
                "center_y": 513.5410714029387
            },
            "visible_vertices": 8,
            "total_vertices": 8
        }
    ],
    "metadata": {
        "total_objects": 1,
        "render_settings": {
            "resolution_percentage": 50,
            "file_format": "PNG"
        }
    }
}