{
    "frame": "704",
    "image_filename": "render_704.png",
    "image_resolution": {
        "width": 1920,
        "height": 1080
    },
    "camera_parameters": {
        "intrinsic_matrix": [
            [
                2666.666666666667,
                0,
                960.0
            ],
            [
                0,
                2250.0,
                540.0
            ],
            [
                0,
                0,
                1
            ]
        ],
        "extrinsic_matrix": [
            [
                0.9018603563308716,
                -0.43202775716781616,
                -7.450580596923828e-09,
                1.7337180580057066e-09
            ],
            [
                0.0372319258749485,
                0.07772189378738403,
                0.9962795972824097,
                -3.8690754422532336e-07
            ],
            [
                -0.430420458316803,
                -0.8985050916671753,
                0.08617951720952988,
                -11.256317138671875
            ],
            [
                -0.0,
                0.0,
                -0.0,
                1.0
            ]
        ],
        "camera_location": [
            -4.844948768615723,
            -10.11385726928711,
            0.9700642824172974
        ],
        "camera_rotation_euler": [
            1.1093189716339111,
            0.0,
            0.8149281740188599
        ],
        "camera_rotation_quaternion": [
            0.7186379432678223,
            0.6591583490371704,
            -0.14973480999469757,
            -0.16324621438980103
        ],
        "focal_length": 50.0,
        "sensor_width": 36.0,
        "sensor_height": 24.0
    },
    "objects": [
        {
            "object_name": "Cube",
            "bbox_2d": {
                "x_min": 627.6306137620943,
                "y_min": 290.3112354154623,
                "x_max": 1265.6338774122296,
                "y_max": 741.4977438060233,
                "width": 638.0032636501353,
                "height": 451.186508390561,
                "center_x": 946.632245587162,
                "center_y": 515.9044896107428
            },
            "visible_vertices": 8,
            "total_vertices": 8
        }
    ],
    "metadata": {
        "total_objects": 1,
        "render_settings": {
            "resolution_percentage": 50,
            "file_format": "PNG"
        }
    }
}