{
    "frame": "775",
    "image_filename": "render_775.png",
    "image_resolution": {
        "width": 1920,
        "height": 1080
    },
    "camera_parameters": {
        "intrinsic_matrix": [
            [
                2666.666666666667,
                0,
                960.0
            ],
            [
                0,
                2250.0,
                540.0
            ],
            [
                0,
                0,
                1
            ]
        ],
        "extrinsic_matrix": [
            [
                0.7586061358451843,
                -0.6515495777130127,
                -8.195638656616211e-08,
                -9.59461885940982e-07
            ],
            [
                0.05472712218761444,
                0.0637192577123642,
                0.9964662194252014,
                -8.793537062956602e-07
            ],
            [
                -0.6492471098899841,
                -0.7559252977371216,
                0.08399525284767151,
                -11.256316184997559
            ],
            [
                -0.0,
                0.0,
                -0.0,
                1.0
            ]
        ],
        "camera_location": [
            -7.30812931060791,
            -8.508934020996094,
            0.9454777836799622
        ],
        "camera_rotation_euler": [
            1.1093189716339111,
            0.0,
            0.8149281740188599
        ],
        "camera_rotation_quaternion": [
            0.6903478503227234,
            0.6346045136451721,
            -0.2351159006357193,
            -0.25576841831207275
        ],
        "focal_length": 50.0,
        "sensor_width": 36.0,
        "sensor_height": 24.0
    },
    "objects": [
        {
            "object_name": "Cube",
            "bbox_2d": {
                "x_min": 620.1722328625165,
                "y_min": 287.5067668175502,
                "x_max": 1293.3999611732183,
                "y_max": 742.2640076529074,
                "width": 673.2277283107019,
                "height": 454.75724083535715,
                "center_x": 956.7860970178674,
                "center_y": 514.8853872352288
            },
            "visible_vertices": 8,
            "total_vertices": 8
        }
    ],
    "metadata": {
        "total_objects": 1,
        "render_settings": {
            "resolution_percentage": 50,
            "file_format": "PNG"
        }
    }
}