{
    "frame": "709",
    "image_filename": "render_709.png",
    "image_resolution": {
        "width": 1920,
        "height": 1080
    },
    "camera_parameters": {
        "intrinsic_matrix": [
            [
                2666.666666666667,
                0,
                960.0
            ],
            [
                0,
                2250.0,
                540.0
            ],
            [
                0,
                0,
                1
            ]
        ],
        "extrinsic_matrix": [
            [
                -0.7147982120513916,
                0.6993305683135986,
                5.215405352032576e-08,
                4.817430863113259e-07
            ],
            [
                0.09629229456186295,
                0.09842205792665482,
                0.9904749393463135,
                1.4338288565340918e-06
            ],
            [
                0.6926694512367249,
                0.7079898715019226,
                -0.13769198954105377,
                -11.256314277648926
            ],
            [
                -0.0,
                -0.0,
                -0.0,
                1.0
            ]
        ],
        "camera_location": [
            7.796907901763916,
            7.969357967376709,
            -1.5499069690704346
        ],
        "camera_rotation_euler": [
            1.1093189716339111,
            0.0,
            0.8149281740188599
        ],
        "camera_rotation_quaternion": [
            0.2479574978351593,
            0.2848120927810669,
            0.6983753442764282,
            0.6080058217048645
        ],
        "focal_length": 50.0,
        "sensor_width": 36.0,
        "sensor_height": 24.0
    },
    "objects": [
        {
            "object_name": "Cube",
            "bbox_2d": {
                "x_min": 620.3702797712137,
                "y_min": 326.9947559375347,
                "x_max": 1298.6948310682667,
                "y_max": 806.8454302522125,
                "width": 678.324551297053,
                "height": 479.8506743146778,
                "center_x": 959.5325554197402,
                "center_y": 566.9200930948737
            },
            "visible_vertices": 8,
            "total_vertices": 8
        }
    ],
    "metadata": {
        "total_objects": 1,
        "render_settings": {
            "resolution_percentage": 50,
            "file_format": "PNG"
        }
    }
}