{
    "frame": "236",
    "image_filename": "render_236.png",
    "image_resolution": {
        "width": 1920,
        "height": 1080
    },
    "camera_parameters": {
        "intrinsic_matrix": [
            [
                2666.666666666667,
                0,
                960.0
            ],
            [
                0,
                2250.0,
                540.0
            ],
            [
                0,
                0,
                1
            ]
        ],
        "extrinsic_matrix": [
            [
                0.9974459409713745,
                -0.07142551988363266,
                3.7252898543727042e-09,
                -1.8227062525966176e-07
            ],
            [
                0.011842777021229267,
                0.16538260877132416,
                0.9861583113670349,
                -1.7952796724785003e-06
            ],
            [
                -0.07043687254190445,
                -0.9836395978927612,
                0.16580608487129211,
                -11.256315231323242
            ],
            [
                -0.0,
                0.0,
                -0.0,
                1.0
            ]
        ],
        "camera_location": [
            -0.7928595542907715,
            -11.072158813476562,
            1.8663675785064697
        ],
        "camera_rotation_euler": [
            1.1093189716339111,
            0.0,
            0.8149281740188599
        ],
        "camera_rotation_quaternion": [
            0.7629932761192322,
            0.6454179286956787,
            -0.023079130798578262,
            -0.027283433824777603
        ],
        "focal_length": 50.0,
        "sensor_width": 36.0,
        "sensor_height": 24.0
    },
    "objects": [
        {
            "object_name": "Cube",
            "bbox_2d": {
                "x_min": 679.9334175375152,
                "y_min": 287.5302783156941,
                "x_max": 1206.0424442176181,
                "y_max": 755.5371484918828,
                "width": 526.1090266801029,
                "height": 468.0068701761887,
                "center_x": 942.9879308775667,
                "center_y": 521.5337134037884
            },
            "visible_vertices": 8,
            "total_vertices": 8
        }
    ],
    "metadata": {
        "total_objects": 1,
        "render_settings": {
            "resolution_percentage": 50,
            "file_format": "PNG"
        }
    }
}