{
    "frame": "727",
    "image_filename": "render_727.png",
    "image_resolution": {
        "width": 1920,
        "height": 1080
    },
    "camera_parameters": {
        "intrinsic_matrix": [
            [
                2666.666666666667,
                0,
                960.0
            ],
            [
                0,
                2250.0,
                540.0
            ],
            [
                0,
                0,
                1
            ]
        ],
        "extrinsic_matrix": [
            [
                -0.32764407992362976,
                0.9448010325431824,
                8.754427938129083e-08,
                -2.393943304923596e-06
            ],
            [
                -0.08965975791215897,
                -0.031092721968889236,
                0.995486855506897,
                -3.0793696623732103e-06
            ],
            [
                0.94053715467453,
                0.3261655569076538,
                0.09489820897579193,
                -11.256316184997559
            ],
            [
                -0.0,
                -0.0,
                -0.0,
                1.0
            ]
        ],
        "camera_location": [
            10.586984634399414,
            3.6714236736297607,
            1.0682049989700317
        ],
        "camera_rotation_euler": [
            1.1093189716339111,
            0.0,
            0.8149281740188599
        ],
        "camera_rotation_quaternion": [
            0.42899924516677856,
            0.3900482654571533,
            0.5480997562408447,
            0.6028339862823486
        ],
        "focal_length": 50.0,
        "sensor_width": 36.0,
        "sensor_height": 24.0
    },
    "objects": [
        {
            "object_name": "Cube",
            "bbox_2d": {
                "x_min": 671.8510893834615,
                "y_min": 290.9502214645837,
                "x_max": 1281.7197528252036,
                "y_max": 742.0845750047826,
                "width": 609.8686634417421,
                "height": 451.13435354019884,
                "center_x": 976.7854211043325,
                "center_y": 516.5173982346831
            },
            "visible_vertices": 8,
            "total_vertices": 8
        }
    ],
    "metadata": {
        "total_objects": 1,
        "render_settings": {
            "resolution_percentage": 50,
            "file_format": "PNG"
        }
    }
}