{
    "frame": "283",
    "image_filename": "render_283.png",
    "image_resolution": {
        "width": 1920,
        "height": 1080
    },
    "camera_parameters": {
        "intrinsic_matrix": [
            [
                2666.666666666667,
                0,
                960.0
            ],
            [
                0,
                2250.0,
                540.0
            ],
            [
                0,
                0,
                1
            ]
        ],
        "extrinsic_matrix": [
            [
                -0.9691839814186096,
                -0.24633745849132538,
                9.580978854728528e-08,
                -2.384204549343849e-07
            ],
            [
                0.0011122757568955421,
                -0.0043756403028965,
                0.9999898076057434,
                -1.1605710596995777e-06
            ],
            [
                -0.24633494019508362,
                0.9691742062568665,
                0.004514956846833229,
                -11.256315231323242
            ],
            [
                -0.0,
                0.0,
                -0.0,
                1.0
            ]
        ],
        "camera_location": [
            -2.77282452583313,
            10.909331321716309,
            0.050821129232645035
        ],
        "camera_rotation_euler": [
            1.1093189716339111,
            0.0,
            0.8149281740188599
        ],
        "camera_rotation_quaternion": [
            0.08797023445367813,
            0.08757387101650238,
            -0.7000524401664734,
            -0.7032202482223511
        ],
        "focal_length": 50.0,
        "sensor_width": 36.0,
        "sensor_height": 24.0
    },
    "objects": [
        {
            "object_name": "Cube",
            "bbox_2d": {
                "x_min": 689.3120914408042,
                "y_min": 314.7879507272329,
                "x_max": 1267.8547644098435,
                "y_max": 762.9535467131973,
                "width": 578.5426729690392,
                "height": 448.1655959859644,
                "center_x": 978.5834279253238,
                "center_y": 538.870748720215
            },
            "visible_vertices": 8,
            "total_vertices": 8
        }
    ],
    "metadata": {
        "total_objects": 1,
        "render_settings": {
            "resolution_percentage": 50,
            "file_format": "PNG"
        }
    }
}