{
    "frame": "353",
    "image_filename": "render_353.png",
    "image_resolution": {
        "width": 1920,
        "height": 1080
    },
    "camera_parameters": {
        "intrinsic_matrix": [
            [
                2666.666666666667,
                0,
                960.0
            ],
            [
                0,
                2250.0,
                540.0
            ],
            [
                0,
                0,
                1
            ]
        ],
        "extrinsic_matrix": [
            [
                -0.7097448110580444,
                -0.7044586539268494,
                1.0058281674218961e-07,
                -4.82511211430392e-07
            ],
            [
                -0.060611143708229065,
                0.0610661618411541,
                0.9962916374206543,
                -5.897365440432623e-07
            ],
            [
                -0.7018464207649231,
                0.7071129679679871,
                -0.08603934198617935,
                -11.256315231323242
            ],
            [
                0.0,
                0.0,
                -0.0,
                1.0
            ]
        ],
        "camera_location": [
            -7.900205612182617,
            7.959486961364746,
            -0.9684867262840271
        ],
        "camera_rotation_euler": [
            1.1093189716339111,
            0.0,
            0.8149281740188599
        ],
        "camera_rotation_quaternion": [
            0.25752758979797363,
            0.28072601556777954,
            -0.6813315153121948,
            -0.6250278949737549
        ],
        "focal_length": 50.0,
        "sensor_width": 36.0,
        "sensor_height": 24.0
    },
    "objects": [
        {
            "object_name": "Cube",
            "bbox_2d": {
                "x_min": 622.5481315462188,
                "y_min": 338.39978011050187,
                "x_max": 1297.770484740327,
                "y_max": 793.2294974903801,
                "width": 675.2223531941082,
                "height": 454.8297173798783,
                "center_x": 960.1593081432729,
                "center_y": 565.814638800441
            },
            "visible_vertices": 8,
            "total_vertices": 8
        }
    ],
    "metadata": {
        "total_objects": 1,
        "render_settings": {
            "resolution_percentage": 50,
            "file_format": "PNG"
        }
    }
}