{
    "frame": "929",
    "image_filename": "render_929.png",
    "image_resolution": {
        "width": 1920,
        "height": 1080
    },
    "camera_parameters": {
        "intrinsic_matrix": [
            [
                2666.666666666667,
                0,
                960.0
            ],
            [
                0,
                2250.0,
                540.0
            ],
            [
                0,
                0,
                1
            ]
        ],
        "extrinsic_matrix": [
            [
                -0.20340308547019958,
                -0.9790951013565063,
                3.317836672067642e-08,
                -9.536905736240442e-07
            ],
            [
                -0.005836774595081806,
                0.0012126046931371093,
                0.9999822378158569,
                -3.5649608776111563e-07
            ],
            [
                -0.9790776968002319,
                0.20339947938919067,
                -0.005961399059742689,
                -11.256316184997559
            ],
            [
                0.0,
                0.0,
                -0.0,
                1.0
            ]
        ],
        "camera_location": [
            -11.020808219909668,
            2.289527654647827,
            -0.06710309535264969
        ],
        "camera_rotation_euler": [
            1.1093189716339111,
            0.0,
            0.8149281740188599
        ],
        "camera_rotation_quaternion": [
            0.44492924213409424,
            0.44758957624435425,
            -0.5501311421394348,
            -0.5468612909317017
        ],
        "focal_length": 50.0,
        "sensor_width": 36.0,
        "sensor_height": 24.0
    },
    "objects": [
        {
            "object_name": "Cube",
            "bbox_2d": {
                "x_min": 658.9572110052897,
                "y_min": 318.0962600058634,
                "x_max": 1222.2087446072137,
                "y_max": 764.7881970912925,
                "width": 563.251533601924,
                "height": 446.6919370854291,
                "center_x": 940.5829778062516,
                "center_y": 541.442228548578
            },
            "visible_vertices": 8,
            "total_vertices": 8
        }
    ],
    "metadata": {
        "total_objects": 1,
        "render_settings": {
            "resolution_percentage": 50,
            "file_format": "PNG"
        }
    }
}