{
    "frame": "671",
    "image_filename": "render_671.png",
    "image_resolution": {
        "width": 1920,
        "height": 1080
    },
    "camera_parameters": {
        "intrinsic_matrix": [
            [
                2666.666666666667,
                0,
                960.0
            ],
            [
                0,
                2250.0,
                540.0
            ],
            [
                0,
                0,
                1
            ]
        ],
        "extrinsic_matrix": [
            [
                -0.6176287531852722,
                0.7864696979522705,
                0.0,
                4.945516138832318e-07
            ],
            [
                0.10930182784795761,
                0.08583671599626541,
                0.99029541015625,
                2.7782220968219917e-07
            ],
            [
                0.7788373827934265,
                0.6116349697113037,
                -0.1389777809381485,
                -11.256315231323242
            ],
            [
                -0.0,
                0.0,
                -0.0,
                1.0
            ]
        ],
        "camera_location": [
            8.766840934753418,
            6.884756088256836,
            -1.5643784999847412
        ],
        "camera_rotation_euler": [
            1.1093189716339111,
            0.0,
            0.8149281740188599
        ],
        "camera_rotation_quaternion": [
            0.2868928909301758,
            0.32996678352355957,
            0.6786831617355347,
            0.5900877714157104
        ],
        "focal_length": 50.0,
        "sensor_width": 36.0,
        "sensor_height": 24.0
    },
    "objects": [
        {
            "object_name": "Cube",
            "bbox_2d": {
                "x_min": 628.1952557790848,
                "y_min": 326.75517649533685,
                "x_max": 1301.937430621776,
                "y_max": 806.5941796466718,
                "width": 673.7421748426912,
                "height": 479.83900315133496,
                "center_x": 965.0663432004304,
                "center_y": 566.6746780710043
            },
            "visible_vertices": 8,
            "total_vertices": 8
        }
    ],
    "metadata": {
        "total_objects": 1,
        "render_settings": {
            "resolution_percentage": 50,
            "file_format": "PNG"
        }
    }
}