{
    "frame": "14",
    "image_filename": "render_014.png",
    "image_resolution": {
        "width": 1920,
        "height": 1080
    },
    "camera_parameters": {
        "intrinsic_matrix": [
            [
                2666.666666666667,
                0,
                960.0
            ],
            [
                0,
                2250.0,
                540.0
            ],
            [
                0,
                0,
                1
            ]
        ],
        "extrinsic_matrix": [
            [
                0.6343907117843628,
                0.7730125188827515,
                -5.587935447692871e-09,
                -1.908225385705009e-06
            ],
            [
                -0.02511383593082428,
                0.020610211417078972,
                0.9994721412658691,
                9.162529863715463e-07
            ],
            [
                0.7726044058799744,
                -0.6340558528900146,
                0.03248821943998337,
                -11.256315231323242
            ],
            [
                -0.0,
                0.0,
                -0.0,
                1.0
            ]
        ],
        "camera_location": [
            8.696681022644043,
            -7.137131690979004,
            0.3656969368457794
        ],
        "camera_rotation_euler": [
            1.1093189716339111,
            0.0,
            0.8149281740188599
        ],
        "camera_rotation_quaternion": [
            0.6495169997215271,
            0.628747284412384,
            0.2973765730857849,
            0.30719998478889465
        ],
        "focal_length": 50.0,
        "sensor_width": 36.0,
        "sensor_height": 24.0
    },
    "objects": [
        {
            "object_name": "Cube",
            "bbox_2d": {
                "x_min": 621.4365447132684,
                "y_min": 302.0263899877034,
                "x_max": 1290.3077290056315,
                "y_max": 758.5900880679072,
                "width": 668.8711842923631,
                "height": 456.56369808020384,
                "center_x": 955.8721368594499,
                "center_y": 530.3082390278053
            },
            "visible_vertices": 8,
            "total_vertices": 8
        }
    ],
    "metadata": {
        "total_objects": 1,
        "render_settings": {
            "resolution_percentage": 50,
            "file_format": "PNG"
        }
    }
}