{
    "frame": "977",
    "image_filename": "render_977.png",
    "image_resolution": {
        "width": 1920,
        "height": 1080
    },
    "camera_parameters": {
        "intrinsic_matrix": [
            [
                2666.666666666667,
                0,
                960.0
            ],
            [
                0,
                2250.0,
                540.0
            ],
            [
                0,
                0,
                1
            ]
        ],
        "extrinsic_matrix": [
            [
                0.5327836275100708,
                0.8462514281272888,
                -3.7252894102834944e-09,
                9.552537676427164e-07
            ],
            [
                -0.06750727444887161,
                0.042501334100961685,
                0.9968129396438599,
                -3.1571522640660987e-07
            ],
            [
                0.8435544371604919,
                -0.5310856699943542,
                0.07977216690778732,
                -11.25631332397461
            ],
            [
                -0.0,
                0.0,
                -0.0,
                1.0
            ]
        ],
        "camera_location": [
            9.495316505432129,
            -5.97806978225708,
            0.897940993309021
        ],
        "camera_rotation_euler": [
            1.1093189716339111,
            0.0,
            0.8149281740188599
        ],
        "camera_rotation_quaternion": [
            0.6432451605796814,
            0.5938245058059692,
            0.32785114645957947,
            0.35513630509376526
        ],
        "focal_length": 50.0,
        "sensor_width": 36.0,
        "sensor_height": 24.0
    },
    "objects": [
        {
            "object_name": "Cube",
            "bbox_2d": {
                "x_min": 621.5054715643857,
                "y_min": 290.0012236326022,
                "x_max": 1280.0819284309086,
                "y_max": 743.5634850128984,
                "width": 658.5764568665229,
                "height": 453.56226138029615,
                "center_x": 950.7936999976472,
                "center_y": 516.7823543227503
            },
            "visible_vertices": 8,
            "total_vertices": 8
        }
    ],
    "metadata": {
        "total_objects": 1,
        "render_settings": {
            "resolution_percentage": 50,
            "file_format": "PNG"
        }
    }
}