{
    "frame": "715",
    "image_filename": "render_715.png",
    "image_resolution": {
        "width": 1920,
        "height": 1080
    },
    "camera_parameters": {
        "intrinsic_matrix": [
            [
                2666.666666666667,
                0,
                960.0
            ],
            [
                0,
                2250.0,
                540.0
            ],
            [
                0,
                0,
                1
            ]
        ],
        "extrinsic_matrix": [
            [
                0.14037567377090454,
                -0.9900982975959778,
                -1.0710208719899583e-08,
                5.960735620647029e-07
            ],
            [
                -0.009960348717868328,
                -0.0014121317071840167,
                0.9999493956565857,
                -3.453469616943039e-07
            ],
            [
                -0.9900481700897217,
                -0.1403685361146927,
                -0.010059908963739872,
                -11.256316184997559
            ],
            [
                -0.0,
                0.0,
                -0.0,
                1.0
            ]
        ],
        "camera_location": [
            -11.144295692443848,
            -1.580032467842102,
            -0.113237664103508
        ],
        "camera_rotation_euler": [
            1.1093189716339111,
            0.0,
            0.8149281740188599
        ],
        "camera_rotation_quaternion": [
            0.5312494039535522,
            0.5366208553314209,
            -0.4659056067466736,
            -0.4612419605255127
        ],
        "focal_length": 50.0,
        "sensor_width": 36.0,
        "sensor_height": 24.0
    },
    "objects": [
        {
            "object_name": "Cube",
            "bbox_2d": {
                "x_min": 710.7758894463582,
                "y_min": 320.1172404672776,
                "x_max": 1249.9604073444502,
                "y_max": 764.4951203030694,
                "width": 539.184517898092,
                "height": 444.37787983579176,
                "center_x": 980.3681483954042,
                "center_y": 542.3061803851735
            },
            "visible_vertices": 8,
            "total_vertices": 8
        }
    ],
    "metadata": {
        "total_objects": 1,
        "render_settings": {
            "resolution_percentage": 50,
            "file_format": "PNG"
        }
    }
}