{
    "frame": "277",
    "image_filename": "render_277.png",
    "image_resolution": {
        "width": 1920,
        "height": 1080
    },
    "camera_parameters": {
        "intrinsic_matrix": [
            [
                2666.666666666667,
                0,
                960.0
            ],
            [
                0,
                2250.0,
                540.0
            ],
            [
                0,
                0,
                1
            ]
        ],
        "extrinsic_matrix": [
            [
                0.6501689553260803,
                0.7597897052764893,
                2.60770320892334e-08,
                -4.782932592206635e-07
            ],
            [
                0.046990182250738144,
                -0.0402105338871479,
                0.9980857372283936,
                -5.94814480336936e-07
            ],
            [
                0.758335292339325,
                -0.6489242911338806,
                -0.061846278607845306,
                -11.256317138671875
            ],
            [
                -0.0,
                0.0,
                -0.0,
                1.0
            ]
        ],
        "camera_location": [
            8.53606128692627,
            -7.304496765136719,
            -0.6961608529090881
        ],
        "camera_rotation_euler": [
            1.1093189716339111,
            0.0,
            0.8149281740188599
        ],
        "camera_rotation_quaternion": [
            0.6221157908439636,
            0.661858320236206,
            0.30474039912223816,
            0.2864416837692261
        ],
        "focal_length": 50.0,
        "sensor_width": 36.0,
        "sensor_height": 24.0
    },
    "objects": [
        {
            "object_name": "Cube",
            "bbox_2d": {
                "x_min": 620.8148002339162,
                "y_min": 330.5948298731271,
                "x_max": 1292.6194762233754,
                "y_max": 786.3845171576438,
                "width": 671.8046759894592,
                "height": 455.78968728451673,
                "center_x": 956.7171382286458,
                "center_y": 558.4896735153854
            },
            "visible_vertices": 8,
            "total_vertices": 8
        }
    ],
    "metadata": {
        "total_objects": 1,
        "render_settings": {
            "resolution_percentage": 50,
            "file_format": "PNG"
        }
    }
}