{
    "frame": "765",
    "image_filename": "render_765.png",
    "image_resolution": {
        "width": 1920,
        "height": 1080
    },
    "camera_parameters": {
        "intrinsic_matrix": [
            [
                2666.666666666667,
                0,
                960.0
            ],
            [
                0,
                2250.0,
                540.0
            ],
            [
                0,
                0,
                1
            ]
        ],
        "extrinsic_matrix": [
            [
                -0.9994523525238037,
                -0.03308989480137825,
                4.470348358154297e-08,
                2.96114368580902e-08
            ],
            [
                -0.004838631954044104,
                0.14614813029766083,
                0.9892509579658508,
                -4.77069136195496e-07
            ],
            [
                -0.0327342189848423,
                0.9887092113494873,
                -0.14622819423675537,
                -11.256317138671875
            ],
            [
                0.0,
                0.0,
                -0.0,
                1.0
            ]
        ],
        "camera_location": [
            -0.36846667528152466,
            11.129222869873047,
            -1.6459904909133911
        ],
        "camera_rotation_euler": [
            1.1093189716339111,
            0.0,
            0.8149281740188599
        ],
        "camera_rotation_quaternion": [
            0.010811388492584229,
            0.012526937760412693,
            -0.7569393515586853,
            -0.6532756090164185
        ],
        "focal_length": 50.0,
        "sensor_width": 36.0,
        "sensor_height": 24.0
    },
    "objects": [
        {
            "object_name": "Cube",
            "bbox_2d": {
                "x_min": 704.5676594025183,
                "y_min": 328.52335124017816,
                "x_max": 1231.16555966299,
                "y_max": 787.1350174784991,
                "width": 526.5979002604718,
                "height": 458.61166623832094,
                "center_x": 967.8666095327542,
                "center_y": 557.8291843593386
            },
            "visible_vertices": 8,
            "total_vertices": 8
        }
    ],
    "metadata": {
        "total_objects": 1,
        "render_settings": {
            "resolution_percentage": 50,
            "file_format": "PNG"
        }
    }
}