{
    "frame": "797",
    "image_filename": "render_797.png",
    "image_resolution": {
        "width": 1920,
        "height": 1080
    },
    "camera_parameters": {
        "intrinsic_matrix": [
            [
                2666.666666666667,
                0,
                960.0
            ],
            [
                0,
                2250.0,
                540.0
            ],
            [
                0,
                0,
                1
            ]
        ],
        "extrinsic_matrix": [
            [
                0.2882312536239624,
                0.9575607180595398,
                9.499488129449674e-08,
                -2.3836349782868638e-07
            ],
            [
                -0.05449235066771507,
                0.016402462497353554,
                0.9983793497085571,
                1.2274010430246562e-07
            ],
            [
                0.9560089707374573,
                -0.28776413202285767,
                0.05690747871994972,
                -11.256314277648926
            ],
            [
                -0.0,
                0.0,
                -0.0,
                1.0
            ]
        ],
        "camera_location": [
            10.761139869689941,
            -3.2391645908355713,
            0.6405680775642395
        ],
        "camera_rotation_euler": [
            1.1093189716339111,
            0.0,
            0.8149281740188599
        ],
        "camera_rotation_quaternion": [
            0.5834255218505859,
            0.5511173605918884,
            0.4096534252166748,
            0.4336685836315155
        ],
        "focal_length": 50.0,
        "sensor_width": 36.0,
        "sensor_height": 24.0
    },
    "objects": [
        {
            "object_name": "Cube",
            "bbox_2d": {
                "x_min": 644.5446528109067,
                "y_min": 301.0726486520633,
                "x_max": 1239.9300500463337,
                "y_max": 749.6140131718414,
                "width": 595.385397235427,
                "height": 448.5413645197781,
                "center_x": 942.2373514286202,
                "center_y": 525.3433309119523
            },
            "visible_vertices": 8,
            "total_vertices": 8
        }
    ],
    "metadata": {
        "total_objects": 1,
        "render_settings": {
            "resolution_percentage": 50,
            "file_format": "PNG"
        }
    }
}