{
    "frame": "998",
    "image_filename": "render_998.png",
    "image_resolution": {
        "width": 1920,
        "height": 1080
    },
    "camera_parameters": {
        "intrinsic_matrix": [
            [
                2666.666666666667,
                0,
                960.0
            ],
            [
                0,
                2250.0,
                540.0
            ],
            [
                0,
                0,
                1
            ]
        ],
        "extrinsic_matrix": [
            [
                -0.24040180444717407,
                0.9706735014915466,
                1.4901162970204496e-08,
                -1.9291971966595156e-06
            ],
            [
                -0.14785003662109375,
                -0.03661732003092766,
                0.9883317351341248,
                1.9452325261681835e-07
            ],
            [
                0.9593474268913269,
                0.23759669065475464,
                0.15231695771217346,
                -11.256316184997559
            ],
            [
                -0.0,
                0.0,
                -0.0,
                1.0
            ]
        ],
        "camera_location": [
            10.79871654510498,
            2.6744654178619385,
            1.7145278453826904
        ],
        "camera_rotation_euler": [
            1.1093189716339111,
            0.0,
            0.8149281740188599
        ],
        "camera_rotation_quaternion": [
            0.4677867591381073,
            0.40121644735336304,
            0.5127054452896118,
            0.5977742075920105
        ],
        "focal_length": 50.0,
        "sensor_width": 36.0,
        "sensor_height": 24.0
    },
    "objects": [
        {
            "object_name": "Cube",
            "bbox_2d": {
                "x_min": 686.9070488498114,
                "y_min": 281.590498576169,
                "x_max": 1271.0635540752005,
                "y_max": 754.5199913764993,
                "width": 584.1565052253891,
                "height": 472.9294928003303,
                "center_x": 978.985301462506,
                "center_y": 518.0552449763342
            },
            "visible_vertices": 8,
            "total_vertices": 8
        }
    ],
    "metadata": {
        "total_objects": 1,
        "render_settings": {
            "resolution_percentage": 50,
            "file_format": "PNG"
        }
    }
}