{
    "frame": "521",
    "image_filename": "render_521.png",
    "image_resolution": {
        "width": 1920,
        "height": 1080
    },
    "camera_parameters": {
        "intrinsic_matrix": [
            [
                2666.666666666667,
                0,
                960.0
            ],
            [
                0,
                2250.0,
                540.0
            ],
            [
                0,
                0,
                1
            ]
        ],
        "extrinsic_matrix": [
            [
                0.2292088121175766,
                0.9733772873878479,
                -4.470348358154297e-08,
                1.685203073975572e-06
            ],
            [
                -0.13945728540420532,
                0.03283916786313057,
                0.9896833896636963,
                1.775143090299025e-07
            ],
            [
                0.963335394859314,
                -0.22684411704540253,
                0.14327159523963928,
                -11.256316184997559
            ],
            [
                -0.0,
                0.0,
                -0.0,
                1.0
            ]
        ],
        "camera_location": [
            10.843606948852539,
            -2.5534310340881348,
            1.6127101182937622
        ],
        "camera_rotation_euler": [
            1.1093189716339111,
            0.0,
            0.8149281740188599
        ],
        "camera_rotation_quaternion": [
            0.5927308797836304,
            0.5131028294563293,
            0.40631231665611267,
            0.4693675637245178
        ],
        "focal_length": 50.0,
        "sensor_width": 36.0,
        "sensor_height": 24.0
    },
    "objects": [
        {
            "object_name": "Cube",
            "bbox_2d": {
                "x_min": 650.9474243389958,
                "y_min": 283.91714789067885,
                "x_max": 1230.6343969270686,
                "y_max": 752.5016137482553,
                "width": 579.6869725880728,
                "height": 468.58446585757645,
                "center_x": 940.7909106330321,
                "center_y": 518.209380819467
            },
            "visible_vertices": 8,
            "total_vertices": 8
        }
    ],
    "metadata": {
        "total_objects": 1,
        "render_settings": {
            "resolution_percentage": 50,
            "file_format": "PNG"
        }
    }
}