{
    "frame": "4",
    "image_filename": "render_004.png",
    "image_resolution": {
        "width": 1920,
        "height": 1080
    },
    "camera_parameters": {
        "intrinsic_matrix": [
            [
                2666.666666666667,
                0,
                960.0
            ],
            [
                0,
                2250.0,
                540.0
            ],
            [
                0,
                0,
                1
            ]
        ],
        "extrinsic_matrix": [
            [
                -0.551524817943573,
                -0.8341584205627441,
                -1.4901157641133977e-08,
                4.816084810954635e-07
            ],
            [
                -0.14314015209674835,
                0.09464077651500702,
                0.9851669073104858,
                -7.601846618854324e-07
            ],
            [
                -0.8217852711677551,
                0.5433441400527954,
                -0.17159819602966309,
                -11.256317138671875
            ],
            [
                0.0,
                0.0,
                -0.0,
                1.0
            ]
        ],
        "camera_location": [
            -9.250277519226074,
            6.116054534912109,
            -1.931564450263977
        ],
        "camera_rotation_euler": [
            1.1093189716339111,
            0.0,
            0.8149281740188599
        ],
        "camera_rotation_quaternion": [
            0.30476123094558716,
            0.36243367195129395,
            -0.6741223931312561,
            -0.5668522715568542
        ],
        "focal_length": 50.0,
        "sensor_width": 36.0,
        "sensor_height": 24.0
    },
    "objects": [
        {
            "object_name": "Cube",
            "bbox_2d": {
                "x_min": 618.0546368535358,
                "y_min": 318.98250633569194,
                "x_max": 1285.1871687809103,
                "y_max": 813.4462397915918,
                "width": 667.1325319273744,
                "height": 494.46373345589984,
                "center_x": 951.620902817223,
                "center_y": 566.2143730636419
            },
            "visible_vertices": 8,
            "total_vertices": 8
        }
    ],
    "metadata": {
        "total_objects": 1,
        "render_settings": {
            "resolution_percentage": 50,
            "file_format": "PNG"
        }
    }
}