{
    "frame": "154",
    "image_filename": "render_154.png",
    "image_resolution": {
        "width": 1920,
        "height": 1080
    },
    "camera_parameters": {
        "intrinsic_matrix": [
            [
                2666.666666666667,
                0,
                960.0
            ],
            [
                0,
                2250.0,
                540.0
            ],
            [
                0,
                0,
                1
            ]
        ],
        "extrinsic_matrix": [
            [
                0.7811853885650635,
                -0.6242992281913757,
                -1.0430810704065152e-07,
                -9.681346000434132e-07
            ],
            [
                -0.10449960827827454,
                -0.1307603269815445,
                0.9858912229537964,
                -1.5453255173270009e-06
            ],
            [
                -0.6154910922050476,
                -0.7701637148857117,
                -0.16738702356815338,
                -11.256314277648926
            ],
            [
                -0.0,
                0.0,
                -0.0,
                1.0
            ]
        ],
        "camera_location": [
            -6.928162097930908,
            -8.669207572937012,
            -1.8841601610183716
        ],
        "camera_rotation_euler": [
            1.1093189716339111,
            0.0,
            0.8149281740188599
        ],
        "camera_rotation_quaternion": [
            0.6089003086090088,
            0.7209945917129517,
            -0.25270605087280273,
            -0.2134174108505249
        ],
        "focal_length": 50.0,
        "sensor_width": 36.0,
        "sensor_height": 24.0
    },
    "objects": [
        {
            "object_name": "Cube",
            "bbox_2d": {
                "x_min": 617.227976202365,
                "y_min": 319.74463959725847,
                "x_max": 1293.3417587175231,
                "y_max": 813.7172443187621,
                "width": 676.1137825151582,
                "height": 493.97260472150367,
                "center_x": 955.284867459944,
                "center_y": 566.7309419580104
            },
            "visible_vertices": 8,
            "total_vertices": 8
        }
    ],
    "metadata": {
        "total_objects": 1,
        "render_settings": {
            "resolution_percentage": 50,
            "file_format": "PNG"
        }
    }
}