{
    "frame": "603",
    "image_filename": "render_603.png",
    "image_resolution": {
        "width": 1920,
        "height": 1080
    },
    "camera_parameters": {
        "intrinsic_matrix": [
            [
                2666.666666666667,
                0,
                960.0
            ],
            [
                0,
                2250.0,
                540.0
            ],
            [
                0,
                0,
                1
            ]
        ],
        "extrinsic_matrix": [
            [
                -0.9421772360801697,
                -0.3351142108440399,
                -7.776539945325567e-08,
                -2.6139078748710354e-11
            ],
            [
                -0.004083908628672361,
                0.011481858789920807,
                0.9999257326126099,
                -1.6614109199508675e-06
            ],
            [
                -0.3350893259048462,
                0.9421074390411377,
                -0.012186262756586075,
                -11.25631332397461
            ],
            [
                -0.0,
                0.0,
                -0.0,
                1.0
            ]
        ],
        "camera_location": [
            -3.771872043609619,
            10.604660034179688,
            -0.13717371225357056
        ],
        "camera_rotation_euler": [
            1.1093189716339111,
            0.0,
            0.8149281740188599
        ],
        "camera_rotation_quaternion": [
            0.11949670314788818,
            0.12096194177865982,
            -0.7010430693626404,
            -0.69255131483078
        ],
        "focal_length": 50.0,
        "sensor_width": 36.0,
        "sensor_height": 24.0
    },
    "objects": [
        {
            "object_name": "Cube",
            "bbox_2d": {
                "x_min": 672.5922580713691,
                "y_min": 317.78376865021846,
                "x_max": 1280.2101725953248,
                "y_max": 768.6841069751371,
                "width": 607.6179145239557,
                "height": 450.9003383249186,
                "center_x": 976.401215333347,
                "center_y": 543.2339378126778
            },
            "visible_vertices": 8,
            "total_vertices": 8
        }
    ],
    "metadata": {
        "total_objects": 1,
        "render_settings": {
            "resolution_percentage": 50,
            "file_format": "PNG"
        }
    }
}