{
    "frame": "999",
    "image_filename": "render_999.png",
    "image_resolution": {
        "width": 1920,
        "height": 1080
    },
    "camera_parameters": {
        "intrinsic_matrix": [
            [
                2666.666666666667,
                0,
                960.0
            ],
            [
                0,
                2250.0,
                540.0
            ],
            [
                0,
                0,
                1
            ]
        ],
        "extrinsic_matrix": [
            [
                0.9852813482284546,
                0.17094048857688904,
                7.450578820566989e-09,
                -6.608436575739063e-10
            ],
            [
                0.02232966385781765,
                -0.12870556116104126,
                0.9914312958717346,
                -1.4527585108226049e-06
            ],
            [
                0.1694757640361786,
                -0.9768387675285339,
                -0.13062822818756104,
                -11.25631332397461
            ],
            [
                -0.0,
                0.0,
                -0.0,
                1.0
            ]
        ],
        "camera_location": [
            1.9076728820800781,
            -10.995607376098633,
            -1.4703912734985352
        ],
        "camera_rotation_euler": [
            1.1093189716339111,
            0.0,
            0.8149281740188599
        ],
        "camera_rotation_quaternion": [
            0.6568766832351685,
            0.749101996421814,
            0.06450061500072479,
            0.05655964836478233
        ],
        "focal_length": 50.0,
        "sensor_width": 36.0,
        "sensor_height": 24.0
    },
    "objects": [
        {
            "object_name": "Cube",
            "bbox_2d": {
                "x_min": 701.6202258802277,
                "y_min": 330.53511413163255,
                "x_max": 1258.813921164584,
                "y_max": 791.014555587053,
                "width": 557.1936952843562,
                "height": 460.47944145542044,
                "center_x": 980.2170735224058,
                "center_y": 560.7748348593427
            },
            "visible_vertices": 8,
            "total_vertices": 8
        }
    ],
    "metadata": {
        "total_objects": 1,
        "render_settings": {
            "resolution_percentage": 50,
            "file_format": "PNG"
        }
    }
}