{
    "frame": "257",
    "image_filename": "render_257.png",
    "image_resolution": {
        "width": 1920,
        "height": 1080
    },
    "camera_parameters": {
        "intrinsic_matrix": [
            [
                2666.666666666667,
                0,
                960.0
            ],
            [
                0,
                2250.0,
                540.0
            ],
            [
                0,
                0,
                1
            ]
        ],
        "extrinsic_matrix": [
            [
                0.9127590656280518,
                -0.40849849581718445,
                -4.842878098543224e-08,
                -4.773206114805362e-07
            ],
            [
                -0.045976124703884125,
                -0.10273033380508423,
                0.9936462640762329,
                1.973018470380339e-06
            ],
            [
                -0.4059029221534729,
                -0.906959593296051,
                -0.11254922300577164,
                -11.256317138671875
            ],
            [
                -0.0,
                0.0,
                -0.0,
                1.0
            ]
        ],
        "camera_location": [
            -4.568971633911133,
            -10.209022521972656,
            -1.2668914794921875
        ],
        "camera_rotation_euler": [
            1.1093189716339111,
            0.0,
            0.8149281740188599
        ],
        "camera_rotation_quaternion": [
            0.6514367461204529,
            0.7293899059295654,
            -0.1557721644639969,
            -0.13912414014339447
        ],
        "focal_length": 50.0,
        "sensor_width": 36.0,
        "sensor_height": 24.0
    },
    "objects": [
        {
            "object_name": "Cube",
            "bbox_2d": {
                "x_min": 628.9422372349823,
                "y_min": 333.6609549972118,
                "x_max": 1262.568268383137,
                "y_max": 795.5983713854562,
                "width": 633.6260311481547,
                "height": 461.9374163882444,
                "center_x": 945.7552528090596,
                "center_y": 564.629663191334
            },
            "visible_vertices": 8,
            "total_vertices": 8
        }
    ],
    "metadata": {
        "total_objects": 1,
        "render_settings": {
            "resolution_percentage": 50,
            "file_format": "PNG"
        }
    }
}