{
    "frame": "548",
    "image_filename": "render_548.png",
    "image_resolution": {
        "width": 1920,
        "height": 1080
    },
    "camera_parameters": {
        "intrinsic_matrix": [
            [
                2666.666666666667,
                0,
                960.0
            ],
            [
                0,
                2250.0,
                540.0
            ],
            [
                0,
                0,
                1
            ]
        ],
        "extrinsic_matrix": [
            [
                0.9835214018821716,
                -0.1807919293642044,
                2.421439226907296e-08,
                -1.1888081985489407e-07
            ],
            [
                -0.0316174291074276,
                -0.17200107872486115,
                0.9845893383026123,
                2.425718548693112e-06
            ],
            [
                -0.17800579965114594,
                -0.9683647155761719,
                -0.1748829185962677,
                -11.256318092346191
            ],
            [
                -0.0,
                0.0,
                -0.0,
                1.0
            ]
        ],
        "camera_location": [
            -2.0036890506744385,
            -10.900217056274414,
            -1.9685394763946533
        ],
        "camera_rotation_euler": [
            1.1093189716339111,
            0.0,
            0.8149281740188599
        ],
        "camera_rotation_quaternion": [
            0.6396556496620178,
            0.763283371925354,
            -0.06957095116376877,
            -0.058302659541368484
        ],
        "focal_length": 50.0,
        "sensor_width": 36.0,
        "sensor_height": 24.0
    },
    "objects": [
        {
            "object_name": "Cube",
            "bbox_2d": {
                "x_min": 658.2983127136353,
                "y_min": 321.36208219932576,
                "x_max": 1221.5304725070273,
                "y_max": 799.9433375035444,
                "width": 563.232159793392,
                "height": 478.58125530421864,
                "center_x": 939.9143926103313,
                "center_y": 560.652709851435
            },
            "visible_vertices": 8,
            "total_vertices": 8
        }
    ],
    "metadata": {
        "total_objects": 1,
        "render_settings": {
            "resolution_percentage": 50,
            "file_format": "PNG"
        }
    }
}