{
    "frame": "366",
    "image_filename": "render_366.png",
    "image_resolution": {
        "width": 1920,
        "height": 1080
    },
    "camera_parameters": {
        "intrinsic_matrix": [
            [
                2666.666666666667,
                0,
                960.0
            ],
            [
                0,
                2250.0,
                540.0
            ],
            [
                0,
                0,
                1
            ]
        ],
        "extrinsic_matrix": [
            [
                0.05890200287103653,
                0.9982637763023376,
                -9.778887033462524e-09,
                -1.9187132238585036e-06
            ],
            [
                -0.11262452602386475,
                0.00664534093812108,
                0.9936153888702393,
                -1.3172906676572893e-07
            ],
            [
                0.9918902516365051,
                -0.05852594971656799,
                0.11282039433717728,
                -11.256316184997559
            ],
            [
                -0.0,
                0.0,
                -0.0,
                1.0
            ]
        ],
        "camera_location": [
            11.165030479431152,
            -0.6587845683097839,
            1.2699424028396606
        ],
        "camera_rotation_euler": [
            1.1093189716339111,
            0.0,
            0.8149281740188599
        ],
        "camera_rotation_quaternion": [
            0.5427632331848145,
            0.484622597694397,
            0.45687058568000793,
            0.5116817951202393
        ],
        "focal_length": 50.0,
        "sensor_width": 36.0,
        "sensor_height": 24.0
    },
    "objects": [
        {
            "object_name": "Cube",
            "bbox_2d": {
                "x_min": 683.891556267756,
                "y_min": 297.3350325920708,
                "x_max": 1208.186878755561,
                "y_max": 745.3476854968266,
                "width": 524.2953224878052,
                "height": 448.0126529047558,
                "center_x": 946.0392175116585,
                "center_y": 521.3413590444486
            },
            "visible_vertices": 8,
            "total_vertices": 8
        }
    ],
    "metadata": {
        "total_objects": 1,
        "render_settings": {
            "resolution_percentage": 50,
            "file_format": "PNG"
        }
    }
}