{
    "frame": "529",
    "image_filename": "render_529.png",
    "image_resolution": {
        "width": 1920,
        "height": 1080
    },
    "camera_parameters": {
        "intrinsic_matrix": [
            [
                2666.666666666667,
                0,
                960.0
            ],
            [
                0,
                2250.0,
                540.0
            ],
            [
                0,
                0,
                1
            ]
        ],
        "extrinsic_matrix": [
            [
                0.9999051094055176,
                -0.01377912051975727,
                -1.1641533292916506e-09,
                -9.791362859390418e-11
            ],
            [
                -0.0020453929901123047,
                -0.14842745661735535,
                0.9889212250709534,
                3.576709275421308e-07
            ],
            [
                -0.013626464642584324,
                -0.9888273477554321,
                -0.14844155311584473,
                -11.256315231323242
            ],
            [
                -0.0,
                0.0,
                -0.0,
                1.0
            ]
        ],
        "camera_location": [
            -0.1533837765455246,
            -11.130552291870117,
            -1.6709052324295044
        ],
        "camera_rotation_euler": [
            1.1093189716339111,
            0.0,
            0.8149281740188599
        ],
        "camera_rotation_quaternion": [
            0.6525021195411682,
            0.7577555775642395,
            -0.005220849998295307,
            -0.004495666362345219
        ],
        "focal_length": 50.0,
        "sensor_width": 36.0,
        "sensor_height": 24.0
    },
    "objects": [
        {
            "object_name": "Cube",
            "bbox_2d": {
                "x_min": 693.2236034459249,
                "y_min": 328.3099569684813,
                "x_max": 1220.2236541474867,
                "y_max": 786.4490285676828,
                "width": 527.0000507015618,
                "height": 458.13907159920154,
                "center_x": 956.7236287967058,
                "center_y": 557.3794927680821
            },
            "visible_vertices": 8,
            "total_vertices": 8
        }
    ],
    "metadata": {
        "total_objects": 1,
        "render_settings": {
            "resolution_percentage": 50,
            "file_format": "PNG"
        }
    }
}