{
    "frame": "151",
    "image_filename": "render_151.png",
    "image_resolution": {
        "width": 1920,
        "height": 1080
    },
    "camera_parameters": {
        "intrinsic_matrix": [
            [
                2666.666666666667,
                0,
                960.0
            ],
            [
                0,
                2250.0,
                540.0
            ],
            [
                0,
                0,
                1
            ]
        ],
        "extrinsic_matrix": [
            [
                -0.12026885896921158,
                0.9927412867546082,
                1.5017572252418177e-07,
                1.0734338502516039e-06
            ],
            [
                0.029430411756038666,
                0.0035653708036988974,
                0.9995603561401367,
                -6.562682983712875e-07
            ],
            [
                0.9923049211502075,
                0.12021607905626297,
                -0.02964550256729126,
                -11.256314277648926
            ],
            [
                -0.0,
                -0.0,
                -0.0,
                1.0
            ]
        ],
        "camera_location": [
            11.169698715209961,
            1.353188395500183,
            -0.3336995244026184
        ],
        "camera_rotation_euler": [
            1.1093189716339111,
            0.0,
            0.8149281740188599
        ],
        "camera_rotation_quaternion": [
            0.4619661867618561,
            0.47587060928344727,
            0.5370008945465088,
            0.5213103890419006
        ],
        "focal_length": 50.0,
        "sensor_width": 36.0,
        "sensor_height": 24.0
    },
    "objects": [
        {
            "object_name": "Cube",
            "bbox_2d": {
                "x_min": 714.6831070725469,
                "y_min": 324.97726299385795,
                "x_max": 1246.638820027525,
                "y_max": 768.3642513787513,
                "width": 531.9557129549781,
                "height": 443.38698838489336,
                "center_x": 980.6609635500361,
                "center_y": 546.6707571863046
            },
            "visible_vertices": 8,
            "total_vertices": 8
        }
    ],
    "metadata": {
        "total_objects": 1,
        "render_settings": {
            "resolution_percentage": 50,
            "file_format": "PNG"
        }
    }
}