{
    "frame": "230",
    "image_filename": "render_230.png",
    "image_resolution": {
        "width": 1920,
        "height": 1080
    },
    "camera_parameters": {
        "intrinsic_matrix": [
            [
                2666.666666666667,
                0,
                960.0
            ],
            [
                0,
                2250.0,
                540.0
            ],
            [
                0,
                0,
                1
            ]
        ],
        "extrinsic_matrix": [
            [
                0.9974111914634705,
                -0.07190985977649689,
                -9.51695344753034e-09,
                1.1920955955702084e-07
            ],
            [
                -0.00016760840662755072,
                -0.002324920380488038,
                0.9999973773956299,
                3.3052572234737454e-07
            ],
            [
                -0.07190966606140137,
                -0.9974085092544556,
                -0.002330954186618328,
                -11.256316184997559
            ],
            [
                -0.0,
                0.0,
                -0.0,
                1.0
            ]
        ],
        "camera_location": [
            -0.8094379305839539,
            -11.227144241333008,
            -0.02623828500509262
        ],
        "camera_rotation_euler": [
            1.1093189716339111,
            0.0,
            0.8149281740188599
        ],
        "camera_rotation_quaternion": [
            0.7058249115943909,
            0.7074720859527588,
            -0.025470072403550148,
            -0.02541077882051468
        ],
        "focal_length": 50.0,
        "sensor_width": 36.0,
        "sensor_height": 24.0
    },
    "objects": [
        {
            "object_name": "Cube",
            "bbox_2d": {
                "x_min": 683.9166554249568,
                "y_min": 319.63096108094874,
                "x_max": 1202.3253859745078,
                "y_max": 761.3691502174315,
                "width": 518.4087305495509,
                "height": 441.7381891364828,
                "center_x": 943.1210206997323,
                "center_y": 540.5000556491901
            },
            "visible_vertices": 8,
            "total_vertices": 8
        }
    ],
    "metadata": {
        "total_objects": 1,
        "render_settings": {
            "resolution_percentage": 50,
            "file_format": "PNG"
        }
    }
}