{
    "frame": "378",
    "image_filename": "render_378.png",
    "image_resolution": {
        "width": 1920,
        "height": 1080
    },
    "camera_parameters": {
        "intrinsic_matrix": [
            [
                2666.666666666667,
                0,
                960.0
            ],
            [
                0,
                2250.0,
                540.0
            ],
            [
                0,
                0,
                1
            ]
        ],
        "extrinsic_matrix": [
            [
                -0.3771868348121643,
                -0.9261370897293091,
                4.0978189730367376e-08,
                -1.441278072888963e-06
            ],
            [
                0.11233222484588623,
                -0.04574935883283615,
                0.9926168918609619,
                -2.0033240843986277e-07
            ],
            [
                -0.9192994236946106,
                0.37440210580825806,
                0.12129112333059311,
                -11.256315231323242
            ],
            [
                -0.0,
                0.0,
                -0.0,
                1.0
            ]
        ],
        "camera_location": [
            -10.347926139831543,
            4.214386940002441,
            1.3652912378311157
        ],
        "camera_rotation_euler": [
            1.1093189716339111,
            0.0,
            0.8149281740188599
        ],
        "camera_rotation_quaternion": [
            0.4178381562232971,
            0.36988896131515503,
            -0.5500332713127136,
            -0.6213347315788269
        ],
        "focal_length": 50.0,
        "sensor_width": 36.0,
        "sensor_height": 24.0
    },
    "objects": [
        {
            "object_name": "Cube",
            "bbox_2d": {
                "x_min": 631.8144350339901,
                "y_min": 283.2470920178582,
                "x_max": 1257.5648616543722,
                "y_max": 748.3134942527747,
                "width": 625.7504266203821,
                "height": 465.0664022349165,
                "center_x": 944.6896483441811,
                "center_y": 515.7802931353165
            },
            "visible_vertices": 8,
            "total_vertices": 8
        }
    ],
    "metadata": {
        "total_objects": 1,
        "render_settings": {
            "resolution_percentage": 50,
            "file_format": "PNG"
        }
    }
}