{
    "frame": "951",
    "image_filename": "render_951.png",
    "image_resolution": {
        "width": 1920,
        "height": 1080
    },
    "camera_parameters": {
        "intrinsic_matrix": [
            [
                2666.666666666667,
                0,
                960.0
            ],
            [
                0,
                2250.0,
                540.0
            ],
            [
                0,
                0,
                1
            ]
        ],
        "extrinsic_matrix": [
            [
                -0.2615499794483185,
                0.9651897549629211,
                1.3224777717368852e-07,
                -5.375268008478429e-10
            ],
            [
                -0.053716737776994705,
                -0.01455639023333788,
                0.9984500408172607,
                -4.914175519843411e-07
            ],
            [
                0.9636938571929932,
                0.2611446976661682,
                0.05565416067838669,
                -11.256314277648926
            ],
            [
                -0.0,
                0.0,
                -0.0,
                1.0
            ]
        ],
        "camera_location": [
            10.847643852233887,
            2.9395267963409424,
            0.6264603734016418
        ],
        "camera_rotation_euler": [
            1.1093189716339111,
            0.0,
            0.8149281740188599
        ],
        "camera_rotation_quaternion": [
            0.4414600133895874,
            0.4175381064414978,
            0.5457425117492676,
            0.5770096778869629
        ],
        "focal_length": 50.0,
        "sensor_width": 36.0,
        "sensor_height": 24.0
    },
    "objects": [
        {
            "object_name": "Cube",
            "bbox_2d": {
                "x_min": 685.1744326099647,
                "y_min": 302.06032522362887,
                "x_max": 1271.60899244769,
                "y_max": 749.796955976474,
                "width": 586.4345598377254,
                "height": 447.73663075284514,
                "center_x": 978.3917125288274,
                "center_y": 525.9286406000515
            },
            "visible_vertices": 8,
            "total_vertices": 8
        }
    ],
    "metadata": {
        "total_objects": 1,
        "render_settings": {
            "resolution_percentage": 50,
            "file_format": "PNG"
        }
    }
}