{
    "frame": "208",
    "image_filename": "render_208.png",
    "image_resolution": {
        "width": 1920,
        "height": 1080
    },
    "camera_parameters": {
        "intrinsic_matrix": [
            [
                2666.666666666667,
                0,
                960.0
            ],
            [
                0,
                2250.0,
                540.0
            ],
            [
                0,
                0,
                1
            ]
        ],
        "extrinsic_matrix": [
            [
                -0.46858757734298706,
                0.8834168314933777,
                1.3131645459907304e-07,
                4.770924988406477e-07
            ],
            [
                -0.021178865805268288,
                -0.011233904398977757,
                0.9997125267982483,
                -1.813526296245982e-06
            ],
            [
                0.8831629753112793,
                0.46845299005508423,
                0.023973951116204262,
                -11.256314277648926
            ],
            [
                -0.0,
                0.0,
                -0.0,
                1.0
            ]
        ],
        "camera_location": [
            9.941163063049316,
            5.273054122924805,
            0.2698589563369751
        ],
        "camera_rotation_euler": [
            1.1093189716339111,
            0.0,
            0.8149281740188599
        ],
        "camera_rotation_quaternion": [
            0.36883342266082764,
            0.3600945770740509,
            0.5986192226409912,
            0.6131467223167419
        ],
        "focal_length": 50.0,
        "sensor_width": 36.0,
        "sensor_height": 24.0
    },
    "objects": [
        {
            "object_name": "Cube",
            "bbox_2d": {
                "x_min": 650.4497954894435,
                "y_min": 306.10304907315526,
                "x_max": 1293.2840229209373,
                "y_max": 760.2693290094578,
                "width": 642.8342274314938,
                "height": 454.16627993630254,
                "center_x": 971.8669092051905,
                "center_y": 533.1861890413065
            },
            "visible_vertices": 8,
            "total_vertices": 8
        }
    ],
    "metadata": {
        "total_objects": 1,
        "render_settings": {
            "resolution_percentage": 50,
            "file_format": "PNG"
        }
    }
}