{
    "frame": "391",
    "image_filename": "render_391.png",
    "image_resolution": {
        "width": 1920,
        "height": 1080
    },
    "camera_parameters": {
        "intrinsic_matrix": [
            [
                2666.666666666667,
                0,
                960.0
            ],
            [
                0,
                2250.0,
                540.0
            ],
            [
                0,
                0,
                1
            ]
        ],
        "extrinsic_matrix": [
            [
                0.9362045526504517,
                -0.35145536065101624,
                -3.0733637856883433e-08,
                2.3851126229601505e-07
            ],
            [
                0.014560723677277565,
                0.038786765187978745,
                0.9991412162780762,
                -5.7030138123082e-07
            ],
            [
                -0.35115358233451843,
                -0.935400664806366,
                0.0414297953248024,
                -11.256314277648926
            ],
            [
                -0.0,
                0.0,
                -0.0,
                1.0
            ]
        ],
        "camera_location": [
            -3.9526963233947754,
            -10.529167175292969,
            0.46634748578071594
        ],
        "camera_rotation_euler": [
            1.1093189716339111,
            0.0,
            0.8149281740188599
        ],
        "camera_rotation_quaternion": [
            0.7100037932395935,
            0.6811732649803162,
            -0.12364498525857925,
            -0.12887823581695557
        ],
        "focal_length": 50.0,
        "sensor_width": 36.0,
        "sensor_height": 24.0
    },
    "objects": [
        {
            "object_name": "Cube",
            "bbox_2d": {
                "x_min": 636.9939307904798,
                "y_min": 303.4545933967281,
                "x_max": 1251.017978946386,
                "y_max": 754.3396222065395,
                "width": 614.0240481559061,
                "height": 450.8850288098114,
                "center_x": 944.0059548684328,
                "center_y": 528.8971078016339
            },
            "visible_vertices": 8,
            "total_vertices": 8
        }
    ],
    "metadata": {
        "total_objects": 1,
        "render_settings": {
            "resolution_percentage": 50,
            "file_format": "PNG"
        }
    }
}