{
    "frame": "420",
    "image_filename": "render_420.png",
    "image_resolution": {
        "width": 1920,
        "height": 1080
    },
    "camera_parameters": {
        "intrinsic_matrix": [
            [
                2666.666666666667,
                0,
                960.0
            ],
            [
                0,
                2250.0,
                540.0
            ],
            [
                0,
                0,
                1
            ]
        ],
        "extrinsic_matrix": [
            [
                0.9943485856056213,
                -0.10616403073072433,
                -1.0244545656235005e-08,
                1.175355777149889e-07
            ],
            [
                0.012724007479846478,
                0.1191750019788742,
                0.9927915930747986,
                -1.1995932709396584e-06
            ],
            [
                -0.10539877414703369,
                -0.9871809482574463,
                0.11985233426094055,
                -11.256314277648926
            ],
            [
                -0.0,
                0.0,
                -0.0,
                1.0
            ]
        ],
        "camera_location": [
            -1.1864019632339478,
            -11.112022399902344,
            1.3490971326828003
        ],
        "camera_rotation_euler": [
            1.1093189716339111,
            0.0,
            0.8149281740188599
        ],
        "camera_rotation_quaternion": [
            0.7472242712974548,
            0.662442684173584,
            -0.035263437777757645,
            -0.03977656736969948
        ],
        "focal_length": 50.0,
        "sensor_width": 36.0,
        "sensor_height": 24.0
    },
    "objects": [
        {
            "object_name": "Cube",
            "bbox_2d": {
                "x_min": 673.8183990524276,
                "y_min": 293.92275365613045,
                "x_max": 1204.187092853682,
                "y_max": 746.9296412211419,
                "width": 530.3686938012545,
                "height": 453.0068875650114,
                "center_x": 939.0027459530548,
                "center_y": 520.4261974386361
            },
            "visible_vertices": 8,
            "total_vertices": 8
        }
    ],
    "metadata": {
        "total_objects": 1,
        "render_settings": {
            "resolution_percentage": 50,
            "file_format": "PNG"
        }
    }
}