{
    "frame": "911",
    "image_filename": "render_911.png",
    "image_resolution": {
        "width": 1920,
        "height": 1080
    },
    "camera_parameters": {
        "intrinsic_matrix": [
            [
                2666.666666666667,
                0,
                960.0
            ],
            [
                0,
                2250.0,
                540.0
            ],
            [
                0,
                0,
                1
            ]
        ],
        "extrinsic_matrix": [
            [
                -0.9150367975234985,
                -0.4033704996109009,
                0.0,
                4.778742095368216e-07
            ],
            [
                0.03760434314608574,
                -0.0853046253323555,
                0.9956450462341309,
                9.623631740396377e-07
            ],
            [
                -0.40161383152008057,
                0.9110518097877502,
                0.09322526305913925,
                -11.256316184997559
            ],
            [
                0.0,
                0.0,
                -0.0,
                1.0
            ]
        ],
        "camera_location": [
            -4.520691871643066,
            10.255086898803711,
            1.0493730306625366
        ],
        "camera_rotation_euler": [
            1.1093189716339111,
            0.0,
            0.8149281740188599
        ],
        "camera_rotation_quaternion": [
            0.15238435566425323,
            0.13878268003463745,
            -0.6588829159736633,
            -0.7234581112861633
        ],
        "focal_length": 50.0,
        "sensor_width": 36.0,
        "sensor_height": 24.0
    },
    "objects": [
        {
            "object_name": "Cube",
            "bbox_2d": {
                "x_min": 658.8010055502657,
                "y_min": 289.2502234325916,
                "x_max": 1290.0043161717392,
                "y_max": 741.7311421290636,
                "width": 631.2033106214735,
                "height": 452.48091869647203,
                "center_x": 974.4026608610025,
                "center_y": 515.4906827808277
            },
            "visible_vertices": 8,
            "total_vertices": 8
        }
    ],
    "metadata": {
        "total_objects": 1,
        "render_settings": {
            "resolution_percentage": 50,
            "file_format": "PNG"
        }
    }
}