{
    "frame": "385",
    "image_filename": "render_385.png",
    "image_resolution": {
        "width": 1920,
        "height": 1080
    },
    "camera_parameters": {
        "intrinsic_matrix": [
            [
                2666.666666666667,
                0,
                960.0
            ],
            [
                0,
                2250.0,
                540.0
            ],
            [
                0,
                0,
                1
            ]
        ],
        "extrinsic_matrix": [
            [
                0.9942851066589355,
                -0.10675783455371857,
                -5.5879341154252415e-09,
                3.19697518458284e-10
            ],
            [
                -0.00665446650236845,
                -0.06197604537010193,
                0.9980553388595581,
                -7.199174092420435e-07
            ],
            [
                -0.10655023902654648,
                -0.9923514723777771,
                -0.06233227252960205,
                -11.256314277648926
            ],
            [
                -0.0,
                0.0,
                -0.0,
                1.0
            ]
        ],
        "camera_location": [
            -1.199363112449646,
            -11.170223236083984,
            -0.7016310691833496
        ],
        "camera_rotation_euler": [
            1.1093189716339111,
            0.0,
            0.8149281740188599
        ],
        "camera_rotation_quaternion": [
            0.6837355494499207,
            0.7277694344520569,
            -0.038958869874477386,
            -0.03660164773464203
        ],
        "focal_length": 50.0,
        "sensor_width": 36.0,
        "sensor_height": 24.0
    },
    "objects": [
        {
            "object_name": "Cube",
            "bbox_2d": {
                "x_min": 675.1665571736752,
                "y_min": 332.84885491266846,
                "x_max": 1203.0602041652262,
                "y_max": 774.8435803237329,
                "width": 527.893646991551,
                "height": 441.99472541106445,
                "center_x": 939.1133806694506,
                "center_y": 553.8462176182006
            },
            "visible_vertices": 8,
            "total_vertices": 8
        }
    ],
    "metadata": {
        "total_objects": 1,
        "render_settings": {
            "resolution_percentage": 50,
            "file_format": "PNG"
        }
    }
}