{
    "frame": "505",
    "image_filename": "render_505.png",
    "image_resolution": {
        "width": 1920,
        "height": 1080
    },
    "camera_parameters": {
        "intrinsic_matrix": [
            [
                2666.666666666667,
                0,
                960.0
            ],
            [
                0,
                2250.0,
                540.0
            ],
            [
                0,
                0,
                1
            ]
        ],
        "extrinsic_matrix": [
            [
                -0.754393458366394,
                -0.6564223766326904,
                2.2351740014414645e-08,
                -9.589497267370461e-07
            ],
            [
                -0.043234702199697495,
                0.04968753829598427,
                0.9978286027908325,
                2.1898726743074803e-07
            ],
            [
                -0.6549970507621765,
                0.752755343914032,
                -0.06586416065692902,
                -11.256315231323242
            ],
            [
                0.0,
                0.0,
                -0.0,
                1.0
            ]
        ],
        "camera_location": [
            -7.372855186462402,
            8.473252296447754,
            -0.7413883209228516
        ],
        "camera_rotation_euler": [
            1.1093189716339111,
            0.0,
            0.8149281740188599
        ],
        "camera_rotation_quaternion": [
            0.2394941747188568,
            0.2558237314224243,
            -0.6837297081947327,
            -0.64008629322052
        ],
        "focal_length": 50.0,
        "sensor_width": 36.0,
        "sensor_height": 24.0
    },
    "objects": [
        {
            "object_name": "Cube",
            "bbox_2d": {
                "x_min": 626.7165686158137,
                "y_min": 331.87349804828534,
                "x_max": 1299.1582472390494,
                "y_max": 787.5372419808331,
                "width": 672.4416786232357,
                "height": 455.66374393254773,
                "center_x": 962.9374079274315,
                "center_y": 559.7053700145592
            },
            "visible_vertices": 8,
            "total_vertices": 8
        }
    ],
    "metadata": {
        "total_objects": 1,
        "render_settings": {
            "resolution_percentage": 50,
            "file_format": "PNG"
        }
    }
}