{
    "frame": "254",
    "image_filename": "render_254.png",
    "image_resolution": {
        "width": 1920,
        "height": 1080
    },
    "camera_parameters": {
        "intrinsic_matrix": [
            [
                2666.666666666667,
                0,
                960.0
            ],
            [
                0,
                2250.0,
                540.0
            ],
            [
                0,
                0,
                1
            ]
        ],
        "extrinsic_matrix": [
            [
                0.7772083282470703,
                -0.6292431950569153,
                -7.450577754752885e-08,
                -4.7363187150040176e-07
            ],
            [
                -0.08224780112504959,
                -0.1015881672501564,
                0.991420567035675,
                -2.7553764994081575e-06
            ],
            [
                -0.6238448023796082,
                -0.7705403566360474,
                -0.13070902228355408,
                -11.256314277648926
            ],
            [
                -0.0,
                0.0,
                -0.0,
                1.0
            ]
        ],
        "camera_location": [
            -7.0221943855285645,
            -8.67344856262207,
            -1.4712998867034912
        ],
        "camera_rotation_euler": [
            1.1093189716339111,
            0.0,
            0.8149281740188599
        ],
        "camera_rotation_quaternion": [
            0.6214723587036133,
            0.7087851762771606,
            -0.25095441937446594,
            -0.2200402021408081
        ],
        "focal_length": 50.0,
        "sensor_width": 36.0,
        "sensor_height": 24.0
    },
    "objects": [
        {
            "object_name": "Cube",
            "bbox_2d": {
                "x_min": 618.387175390975,
                "y_min": 328.79110286276955,
                "x_max": 1292.7216511684624,
                "y_max": 804.6268962633378,
                "width": 674.3344757774873,
                "height": 475.83579340056826,
                "center_x": 955.5544132797187,
                "center_y": 566.7089995630537
            },
            "visible_vertices": 8,
            "total_vertices": 8
        }
    ],
    "metadata": {
        "total_objects": 1,
        "render_settings": {
            "resolution_percentage": 50,
            "file_format": "PNG"
        }
    }
}