{
    "frame": "214",
    "image_filename": "render_214.png",
    "image_resolution": {
        "width": 1920,
        "height": 1080
    },
    "camera_parameters": {
        "intrinsic_matrix": [
            [
                2666.666666666667,
                0,
                960.0
            ],
            [
                0,
                2250.0,
                540.0
            ],
            [
                0,
                0,
                1
            ]
        ],
        "extrinsic_matrix": [
            [
                -0.6976462006568909,
                -0.7164421081542969,
                -2.5331962660857243e-07,
                9.577656783221755e-07
            ],
            [
                -0.11674609035253525,
                0.11368300765752792,
                0.9866337776184082,
                -1.4317453178591677e-06
            ],
            [
                -0.7068660855293274,
                0.6883215308189392,
                -0.16295219957828522,
                -11.25631332397461
            ],
            [
                -0.0,
                0.0,
                -0.0,
                1.0
            ]
        ],
        "camera_location": [
            -7.956709384918213,
            7.747966289520264,
            -1.834242343902588
        ],
        "camera_rotation_euler": [
            1.1093189716339111,
            0.0,
            0.8149281740188599
        ],
        "camera_rotation_quaternion": [
            0.25153741240501404,
            0.29648903012275696,
            -0.702545702457428,
            -0.5960308909416199
        ],
        "focal_length": 50.0,
        "sensor_width": 36.0,
        "sensor_height": 24.0
    },
    "objects": [
        {
            "object_name": "Cube",
            "bbox_2d": {
                "x_min": 619.5062838920579,
                "y_min": 320.7275491837004,
                "x_max": 1299.3566145580062,
                "y_max": 813.1810397014253,
                "width": 679.8503306659483,
                "height": 492.45349051772496,
                "center_x": 959.4314492250321,
                "center_y": 566.9542944425629
            },
            "visible_vertices": 8,
            "total_vertices": 8
        }
    ],
    "metadata": {
        "total_objects": 1,
        "render_settings": {
            "resolution_percentage": 50,
            "file_format": "PNG"
        }
    }
}