{
    "frame": "220",
    "image_filename": "render_220.png",
    "image_resolution": {
        "width": 1920,
        "height": 1080
    },
    "camera_parameters": {
        "intrinsic_matrix": [
            [
                2666.666666666667,
                0,
                960.0
            ],
            [
                0,
                2250.0,
                540.0
            ],
            [
                0,
                0,
                1
            ]
        ],
        "extrinsic_matrix": [
            [
                -0.5425470471382141,
                0.8400254845619202,
                -7.823110337312755e-08,
                -9.597997632226907e-07
            ],
            [
                -0.06394875794649124,
                -0.04130248725414276,
                0.9970982074737549,
                6.430927328437974e-07
            ],
            [
                0.8375878930091858,
                0.5409726500511169,
                0.07612709701061249,
                -11.256316184997559
            ],
            [
                -0.0,
                -0.0,
                -0.0,
                1.0
            ]
        ],
        "camera_location": [
            9.428152084350586,
            6.089359283447266,
            0.856910228729248
        ],
        "camera_rotation_euler": [
            1.1093189716339111,
            0.0,
            0.8149281740188599
        ],
        "camera_rotation_quaternion": [
            0.35081249475479126,
            0.32504937052726746,
            0.5968914031982422,
            0.6442003846168518
        ],
        "focal_length": 50.0,
        "sensor_width": 36.0,
        "sensor_height": 24.0
    },
    "objects": [
        {
            "object_name": "Cube",
            "bbox_2d": {
                "x_min": 638.755776612553,
                "y_min": 290.82239087635116,
                "x_max": 1298.7548156569246,
                "y_max": 744.7269188826506,
                "width": 659.9990390443717,
                "height": 453.9045280062994,
                "center_x": 968.7552961347387,
                "center_y": 517.7746548795009
            },
            "visible_vertices": 8,
            "total_vertices": 8
        }
    ],
    "metadata": {
        "total_objects": 1,
        "render_settings": {
            "resolution_percentage": 50,
            "file_format": "PNG"
        }
    }
}