{
    "frame": "668",
    "image_filename": "render_668.png",
    "image_resolution": {
        "width": 1920,
        "height": 1080
    },
    "camera_parameters": {
        "intrinsic_matrix": [
            [
                2666.666666666667,
                0,
                960.0
            ],
            [
                0,
                2250.0,
                540.0
            ],
            [
                0,
                0,
                1
            ]
        ],
        "extrinsic_matrix": [
            [
                -0.991821825504303,
                0.1276271492242813,
                -5.960460214282648e-08,
                -1.1701060032009991e-07
            ],
            [
                0.017819128930568695,
                0.13847748935222626,
                0.9902050495147705,
                -2.0442166714929044e-06
            ],
            [
                0.12637709081172943,
                0.982107400894165,
                -0.1396189033985138,
                -11.256314277648926
            ],
            [
                -0.0,
                0.0,
                0.0,
                1.0
            ]
        ],
        "camera_location": [
            1.4225409030914307,
            11.054913520812988,
            -1.5715967416763306
        ],
        "camera_rotation_euler": [
            1.1093189716339111,
            0.0,
            0.8149281740188599
        ],
        "camera_rotation_quaternion": [
            0.04194049909710884,
            0.04826891049742699,
            0.7533124089241028,
            0.6545467376708984
        ],
        "focal_length": 50.0,
        "sensor_width": 36.0,
        "sensor_height": 24.0
    },
    "objects": [
        {
            "object_name": "Cube",
            "bbox_2d": {
                "x_min": 669.0724930623467,
                "y_min": 328.99015272606425,
                "x_max": 1209.3394003514525,
                "y_max": 790.754507298113,
                "width": 540.2669072891058,
                "height": 461.7643545720488,
                "center_x": 939.2059467068996,
                "center_y": 559.8723300120887
            },
            "visible_vertices": 8,
            "total_vertices": 8
        }
    ],
    "metadata": {
        "total_objects": 1,
        "render_settings": {
            "resolution_percentage": 50,
            "file_format": "PNG"
        }
    }
}