{
    "frame": "118",
    "image_filename": "render_118.png",
    "image_resolution": {
        "width": 1920,
        "height": 1080
    },
    "camera_parameters": {
        "intrinsic_matrix": [
            [
                2666.666666666667,
                0,
                960.0
            ],
            [
                0,
                2250.0,
                540.0
            ],
            [
                0,
                0,
                1
            ]
        ],
        "extrinsic_matrix": [
            [
                -0.2545473277568817,
                -0.9670600891113281,
                -1.443549280111256e-07,
                -7.161162898228213e-07
            ],
            [
                0.05551537871360779,
                -0.014612634666264057,
                0.9983507394790649,
                -1.7967673784369254e-06
            ],
            [
                -0.9654653072357178,
                0.2541276812553406,
                0.05740652233362198,
                -11.256314277648926
            ],
            [
                -0.0,
                0.0,
                -0.0,
                1.0
            ]
        ],
        "camera_location": [
            -10.867585182189941,
            2.860539674758911,
            0.6461856365203857
        ],
        "camera_rotation_euler": [
            1.1093189716339111,
            0.0,
            0.8149281740188599
        ],
        "camera_rotation_quaternion": [
            0.4439162611961365,
            0.4191237688064575,
            -0.5437206029891968,
            -0.5758833885192871
        ],
        "focal_length": 50.0,
        "sensor_width": 36.0,
        "sensor_height": 24.0
    },
    "objects": [
        {
            "object_name": "Cube",
            "bbox_2d": {
                "x_min": 649.3829846295852,
                "y_min": 301.83369298008597,
                "x_max": 1233.514281105965,
                "y_max": 749.2826139231676,
                "width": 584.1312964763798,
                "height": 447.4489209430816,
                "center_x": 941.4486328677751,
                "center_y": 525.5581534516268
            },
            "visible_vertices": 8,
            "total_vertices": 8
        }
    ],
    "metadata": {
        "total_objects": 1,
        "render_settings": {
            "resolution_percentage": 50,
            "file_format": "PNG"
        }
    }
}