{
    "frame": "757",
    "image_filename": "render_757.png",
    "image_resolution": {
        "width": 1920,
        "height": 1080
    },
    "camera_parameters": {
        "intrinsic_matrix": [
            [
                2666.666666666667,
                0,
                960.0
            ],
            [
                0,
                2250.0,
                540.0
            ],
            [
                0,
                0,
                1
            ]
        ],
        "extrinsic_matrix": [
            [
                0.9219218492507935,
                -0.38737568259239197,
                -1.0803338312825872e-07,
                7.959227055209794e-09
            ],
            [
                -0.05431138724088669,
                -0.12925666570663452,
                0.9901224970817566,
                -2.4806502096907934e-06
            ],
            [
                -0.3835494816303253,
                -0.9128156304359436,
                -0.14020347595214844,
                -11.256314277648926
            ],
            [
                -0.0,
                0.0,
                -0.0,
                1.0
            ]
        ],
        "camera_location": [
            -4.317354679107666,
            -10.274944305419922,
            -1.5781724452972412
        ],
        "camera_rotation_euler": [
            1.1093189716339111,
            0.0,
            0.8149281740188599
        ],
        "camera_rotation_quaternion": [
            0.6427406668663025,
            0.7401658892631531,
            -0.1491851806640625,
            -0.12954853475093842
        ],
        "focal_length": 50.0,
        "sensor_width": 36.0,
        "sensor_height": 24.0
    },
    "objects": [
        {
            "object_name": "Cube",
            "bbox_2d": {
                "x_min": 630.2076335722913,
                "y_min": 327.2455523730921,
                "x_max": 1259.8150939029633,
                "y_max": 801.4612006077364,
                "width": 629.607460330672,
                "height": 474.2156482346443,
                "center_x": 945.0113637376273,
                "center_y": 564.3533764904142
            },
            "visible_vertices": 8,
            "total_vertices": 8
        }
    ],
    "metadata": {
        "total_objects": 1,
        "render_settings": {
            "resolution_percentage": 50,
            "file_format": "PNG"
        }
    }
}