{
    "frame": "692",
    "image_filename": "render_692.png",
    "image_resolution": {
        "width": 1920,
        "height": 1080
    },
    "camera_parameters": {
        "intrinsic_matrix": [
            [
                2666.666666666667,
                0,
                960.0
            ],
            [
                0,
                2250.0,
                540.0
            ],
            [
                0,
                0,
                1
            ]
        ],
        "extrinsic_matrix": [
            [
                0.10797657072544098,
                -0.9941534399986267,
                -1.4936084369310265e-07,
                -5.961554734312813e-07
            ],
            [
                0.01747731864452362,
                0.0018981441389769316,
                0.9998454451560974,
                -7.781738986523123e-07
            ],
            [
                -0.9939997792243958,
                -0.10795982927083969,
                0.017580144107341766,
                -11.256317138671875
            ],
            [
                -0.0,
                0.0,
                -0.0,
                1.0
            ]
        ],
        "camera_location": [
            -11.188776016235352,
            -1.2152312994003296,
            0.1978878676891327
        ],
        "camera_rotation_euler": [
            1.1093189716339111,
            0.0,
            0.8149281740188599
        ],
        "camera_rotation_quaternion": [
            0.5309084057807922,
            0.5216556191444397,
            -0.4680655598640442,
            -0.47636789083480835
        ],
        "focal_length": 50.0,
        "sensor_width": 36.0,
        "sensor_height": 24.0
    },
    "objects": [
        {
            "object_name": "Cube",
            "bbox_2d": {
                "x_min": 717.6028577983154,
                "y_min": 314.551441841169,
                "x_max": 1243.8888535768208,
                "y_max": 757.6289146830786,
                "width": 526.2859957785054,
                "height": 443.07747284190964,
                "center_x": 980.7458556875681,
                "center_y": 536.0901782621238
            },
            "visible_vertices": 8,
            "total_vertices": 8
        }
    ],
    "metadata": {
        "total_objects": 1,
        "render_settings": {
            "resolution_percentage": 50,
            "file_format": "PNG"
        }
    }
}