{
    "frame": "359",
    "image_filename": "render_359.png",
    "image_resolution": {
        "width": 1920,
        "height": 1080
    },
    "camera_parameters": {
        "intrinsic_matrix": [
            [
                2666.666666666667,
                0,
                960.0
            ],
            [
                0,
                2250.0,
                540.0
            ],
            [
                0,
                0,
                1
            ]
        ],
        "extrinsic_matrix": [
            [
                0.7649936079978943,
                0.6440379023551941,
                3.725290298461914e-08,
                3.658531255723574e-09
            ],
            [
                0.046688634902238846,
                -0.05545719340443611,
                0.9973688125610352,
                5.878937372472137e-07
            ],
            [
                0.6423433423042297,
                -0.7629807591438293,
                -0.07249364256858826,
                -11.256315231323242
            ],
            [
                -0.0,
                0.0,
                -0.0,
                1.0
            ]
        ],
        "camera_location": [
            7.230419635772705,
            -8.588353157043457,
            -0.8160120248794556
        ],
        "camera_rotation_euler": [
            1.1093189716339111,
            0.0,
            0.8149281740188599
        ],
        "camera_rotation_quaternion": [
            0.6397348642349243,
            0.6879215836524963,
            0.25101935863494873,
            0.23343627154827118
        ],
        "focal_length": 50.0,
        "sensor_width": 36.0,
        "sensor_height": 24.0
    },
    "objects": [
        {
            "object_name": "Cube",
            "bbox_2d": {
                "x_min": 627.6163372473113,
                "y_min": 334.0122787852497,
                "x_max": 1299.6325537148732,
                "y_max": 789.2984318047099,
                "width": 672.0162164675619,
                "height": 455.28615301946024,
                "center_x": 963.6244454810923,
                "center_y": 561.6553552949798
            },
            "visible_vertices": 8,
            "total_vertices": 8
        }
    ],
    "metadata": {
        "total_objects": 1,
        "render_settings": {
            "resolution_percentage": 50,
            "file_format": "PNG"
        }
    }
}