{
    "frame": "196",
    "image_filename": "render_196.png",
    "image_resolution": {
        "width": 1920,
        "height": 1080
    },
    "camera_parameters": {
        "intrinsic_matrix": [
            [
                2666.666666666667,
                0,
                960.0
            ],
            [
                0,
                2250.0,
                540.0
            ],
            [
                0,
                0,
                1
            ]
        ],
        "extrinsic_matrix": [
            [
                -0.7176473140716553,
                0.6964068412780762,
                7.450582373280668e-09,
                -1.4529067584589939e-06
            ],
            [
                0.12117309868335724,
                0.12486883252859116,
                0.9847461581230164,
                8.048615995903674e-08
            ],
            [
                0.685783863067627,
                0.7067003846168518,
                -0.17399761080741882,
                -11.256317138671875
            ],
            [
                -0.0,
                -0.0,
                -0.0,
                1.0
            ]
        ],
        "camera_location": [
            7.719398498535156,
            7.954843521118164,
            -1.9585713148117065
        ],
        "camera_rotation_euler": [
            1.1093189716339111,
            0.0,
            0.8149281740188599
        ],
        "camera_rotation_quaternion": [
            0.24146637320518494,
            0.2878721356391907,
            0.7100200653076172,
            0.5955629944801331
        ],
        "focal_length": 50.0,
        "sensor_width": 36.0,
        "sensor_height": 24.0
    },
    "objects": [
        {
            "object_name": "Cube",
            "bbox_2d": {
                "x_min": 619.1022700604428,
                "y_min": 318.01070062335737,
                "x_max": 1299.614039388325,
                "y_max": 815.883647558085,
                "width": 680.5117693278821,
                "height": 497.8729469347277,
                "center_x": 959.3581547243839,
                "center_y": 566.9471740907212
            },
            "visible_vertices": 8,
            "total_vertices": 8
        }
    ],
    "metadata": {
        "total_objects": 1,
        "render_settings": {
            "resolution_percentage": 50,
            "file_format": "PNG"
        }
    }
}