{
    "frame": "222",
    "image_filename": "render_222.png",
    "image_resolution": {
        "width": 1920,
        "height": 1080
    },
    "camera_parameters": {
        "intrinsic_matrix": [
            [
                2666.666666666667,
                0,
                960.0
            ],
            [
                0,
                2250.0,
                540.0
            ],
            [
                0,
                0,
                1
            ]
        ],
        "extrinsic_matrix": [
            [
                0.10466930270195007,
                -0.9945071339607239,
                -4.0978196835794733e-08,
                2.391494149378559e-07
            ],
            [
                0.08252463489770889,
                0.00868547149002552,
                0.9965512752532959,
                1.778317511025307e-07
            ],
            [
                -0.9910773038864136,
                -0.10430831462144852,
                0.0829804539680481,
                -11.256317138671875
            ],
            [
                -0.0,
                0.0,
                -0.0,
                1.0
            ]
        ],
        "camera_location": [
            -11.155878067016602,
            -1.1741269826889038,
            0.9340537786483765
        ],
        "camera_rotation_euler": [
            1.1093189716339111,
            0.0,
            0.8149281740188599
        ],
        "camera_rotation_quaternion": [
            0.5468855500221252,
            0.5032403469085693,
            -0.45305511355400085,
            -0.4923478662967682
        ],
        "focal_length": 50.0,
        "sensor_width": 36.0,
        "sensor_height": 24.0
    },
    "objects": [
        {
            "object_name": "Cube",
            "bbox_2d": {
                "x_min": 716.9558770799928,
                "y_min": 301.0812471140025,
                "x_max": 1244.947988092492,
                "y_max": 742.1261959902902,
                "width": 527.9921110124993,
                "height": 441.04494887628766,
                "center_x": 980.9519325862425,
                "center_y": 521.6037215521463
            },
            "visible_vertices": 8,
            "total_vertices": 8
        }
    ],
    "metadata": {
        "total_objects": 1,
        "render_settings": {
            "resolution_percentage": 50,
            "file_format": "PNG"
        }
    }
}