{
    "frame": "18",
    "image_filename": "render_018.png",
    "image_resolution": {
        "width": 1920,
        "height": 1080
    },
    "camera_parameters": {
        "intrinsic_matrix": [
            [
                2666.666666666667,
                0,
                960.0
            ],
            [
                0,
                2250.0,
                540.0
            ],
            [
                0,
                0,
                1
            ]
        ],
        "extrinsic_matrix": [
            [
                -0.9999966621398926,
                -0.0026228788774460554,
                -1.0518127169234504e-07,
                7.606438146012806e-09
            ],
            [
                -0.0004426633531693369,
                0.16872991621494293,
                0.9856623411178589,
                -2.3841535323754215e-07
            ],
            [
                -0.0025852546095848083,
                0.9856589436531067,
                -0.16873058676719666,
                -11.256319046020508
            ],
            [
                -0.0,
                0.0,
                -0.0,
                1.0
            ]
        ],
        "camera_location": [
            -0.029100438579916954,
            11.094889640808105,
            -1.899283766746521
        ],
        "camera_rotation_euler": [
            1.1093189716339111,
            0.0,
            0.8149281740188599
        ],
        "camera_rotation_quaternion": [
            0.0008454418275505304,
            0.0010025484953075647,
            -0.764437198638916,
            -0.644696831703186
        ],
        "focal_length": 50.0,
        "sensor_width": 36.0,
        "sensor_height": 24.0
    },
    "objects": [
        {
            "object_name": "Cube",
            "bbox_2d": {
                "x_min": 696.6498645411253,
                "y_min": 324.8281669400212,
                "x_max": 1224.5997037191403,
                "y_max": 788.9629472538932,
                "width": 527.9498391780149,
                "height": 464.13478031387194,
                "center_x": 960.6247841301329,
                "center_y": 556.8955570969572
            },
            "visible_vertices": 8,
            "total_vertices": 8
        }
    ],
    "metadata": {
        "total_objects": 1,
        "render_settings": {
            "resolution_percentage": 50,
            "file_format": "PNG"
        }
    }
}