{
    "frame": "927",
    "image_filename": "render_927.png",
    "image_resolution": {
        "width": 1920,
        "height": 1080
    },
    "camera_parameters": {
        "intrinsic_matrix": [
            [
                2666.666666666667,
                0,
                960.0
            ],
            [
                0,
                2250.0,
                540.0
            ],
            [
                0,
                0,
                1
            ]
        ],
        "extrinsic_matrix": [
            [
                -0.15980136394500732,
                -0.9871490001678467,
                -5.582112549973317e-08,
                -7.152603416216152e-07
            ],
            [
                0.0036970884539186954,
                -0.0005984393646940589,
                0.999992847442627,
                -1.0268972800986376e-06
            ],
            [
                -0.9871420860290527,
                0.15980035066604614,
                0.003745335154235363,
                -11.256314277648926
            ],
            [
                -0.0,
                0.0,
                -0.0,
                1.0
            ]
        ],
        "camera_location": [
            -11.11158561706543,
            1.7987617254257202,
            0.04215829446911812
        ],
        "camera_rotation_euler": [
            1.1093189716339111,
            0.0,
            0.8149281740188599
        ],
        "camera_rotation_quaternion": [
            0.4591692388057709,
            0.4574526846408844,
            -0.5374611020088196,
            -0.5394778251647949
        ],
        "focal_length": 50.0,
        "sensor_width": 36.0,
        "sensor_height": 24.0
    },
    "objects": [
        {
            "object_name": "Cube",
            "bbox_2d": {
                "x_min": 666.6219902473337,
                "y_min": 316.56235206573297,
                "x_max": 1213.191964276316,
                "y_max": 761.6900432944146,
                "width": 546.5699740289823,
                "height": 445.12769122868167,
                "center_x": 939.9069772618247,
                "center_y": 539.1261976800738
            },
            "visible_vertices": 8,
            "total_vertices": 8
        }
    ],
    "metadata": {
        "total_objects": 1,
        "render_settings": {
            "resolution_percentage": 50,
            "file_format": "PNG"
        }
    }
}