{
    "frame": "958",
    "image_filename": "render_958.png",
    "image_resolution": {
        "width": 1920,
        "height": 1080
    },
    "camera_parameters": {
        "intrinsic_matrix": [
            [
                2666.666666666667,
                0,
                960.0
            ],
            [
                0,
                2250.0,
                540.0
            ],
            [
                0,
                0,
                1
            ]
        ],
        "extrinsic_matrix": [
            [
                0.987455427646637,
                0.157898411154747,
                9.313225746154785e-09,
                -8.776090965056937e-12
            ],
            [
                -0.004780332092195749,
                0.029894934967160225,
                0.9995416402816772,
                -1.629724010854261e-06
            ],
            [
                0.1578260362148285,
                -0.9870027303695679,
                0.03027472086250782,
                -11.256317138671875
            ],
            [
                -0.0,
                0.0,
                -0.0,
                1.0
            ]
        ],
        "camera_location": [
            1.7765395641326904,
            -11.110014915466309,
            0.34078341722488403
        ],
        "camera_rotation_euler": [
            1.1093189716339111,
            0.0,
            0.8149281740188599
        ],
        "camera_rotation_quaternion": [
            0.7154762744903564,
            0.6941335797309875,
            0.0551471933722496,
            0.05684281885623932
        ],
        "focal_length": 50.0,
        "sensor_width": 36.0,
        "sensor_height": 24.0
    },
    "objects": [
        {
            "object_name": "Cube",
            "bbox_2d": {
                "x_min": 706.6427726339015,
                "y_min": 310.5535222972899,
                "x_max": 1253.7689905665409,
                "y_max": 755.3456572697228,
                "width": 547.1262179326394,
                "height": 444.7921349724329,
                "center_x": 980.2058816002211,
                "center_y": 532.9495897835063
            },
            "visible_vertices": 8,
            "total_vertices": 8
        }
    ],
    "metadata": {
        "total_objects": 1,
        "render_settings": {
            "resolution_percentage": 50,
            "file_format": "PNG"
        }
    }
}