{
    "frame": "682",
    "image_filename": "render_682.png",
    "image_resolution": {
        "width": 1920,
        "height": 1080
    },
    "camera_parameters": {
        "intrinsic_matrix": [
            [
                2666.666666666667,
                0,
                960.0
            ],
            [
                0,
                2250.0,
                540.0
            ],
            [
                0,
                0,
                1
            ]
        ],
        "extrinsic_matrix": [
            [
                -0.9960323572158813,
                0.08899271488189697,
                6.239861960466442e-08,
                6.04879559773508e-08
            ],
            [
                0.01190014649182558,
                0.1331891268491745,
                0.9910191893577576,
                1.1873629546244047e-07
            ],
            [
                0.08819348365068436,
                0.987087070941925,
                -0.133719801902771,
                -11.256316184997559
            ],
            [
                -0.0,
                -0.0,
                -0.0,
                1.0
            ]
        ],
        "camera_location": [
            0.9927337765693665,
            11.11096477508545,
            -1.5051913261413574
        ],
        "camera_rotation_euler": [
            1.1093189716339111,
            0.0,
            0.8149281740188599
        ],
        "camera_rotation_quaternion": [
            0.029313623905181885,
            0.03353465348482132,
            0.752153754234314,
            0.6574806571006775
        ],
        "focal_length": 50.0,
        "sensor_width": 36.0,
        "sensor_height": 24.0
    },
    "objects": [
        {
            "object_name": "Cube",
            "bbox_2d": {
                "x_min": 676.9909617512672,
                "y_min": 330.4353428793984,
                "x_max": 1200.7381709151157,
                "y_max": 787.8240466151155,
                "width": 523.7472091638485,
                "height": 457.3887037357172,
                "center_x": 938.8645663331914,
                "center_y": 559.129694747257
            },
            "visible_vertices": 8,
            "total_vertices": 8
        }
    ],
    "metadata": {
        "total_objects": 1,
        "render_settings": {
            "resolution_percentage": 50,
            "file_format": "PNG"
        }
    }
}