{
    "frame": "148",
    "image_filename": "render_148.png",
    "image_resolution": {
        "width": 1920,
        "height": 1080
    },
    "camera_parameters": {
        "intrinsic_matrix": [
            [
                2666.666666666667,
                0,
                960.0
            ],
            [
                0,
                2250.0,
                540.0
            ],
            [
                0,
                0,
                1
            ]
        ],
        "extrinsic_matrix": [
            [
                0.9133582711219788,
                0.40715664625167847,
                -2.7939673685750677e-08,
                9.555748192724423e-07
            ],
            [
                -0.030070267617702484,
                0.06745554506778717,
                0.9972689747810364,
                4.296196607356251e-07
            ],
            [
                0.40604475140571594,
                -0.9108639359474182,
                0.07385439425706863,
                -11.256317138671875
            ],
            [
                -0.0,
                0.0,
                -0.0,
                1.0
            ]
        ],
        "camera_location": [
            4.570567607879639,
            -10.252973556518555,
            0.8313280940055847
        ],
        "camera_rotation_euler": [
            1.1093189716339111,
            0.0,
            0.8149281740188599
        ],
        "camera_rotation_quaternion": [
            0.7167057394981384,
            0.6655915379524231,
            0.14163582026958466,
            0.15251272916793823
        ],
        "focal_length": 50.0,
        "sensor_width": 36.0,
        "sensor_height": 24.0
    },
    "objects": [
        {
            "object_name": "Cube",
            "bbox_2d": {
                "x_min": 658.7001961566227,
                "y_min": 293.9975285644773,
                "x_max": 1289.7891036409787,
                "y_max": 745.201164260768,
                "width": 631.088907484356,
                "height": 451.2036356962907,
                "center_x": 974.2446498988007,
                "center_y": 519.5993464126227
            },
            "visible_vertices": 8,
            "total_vertices": 8
        }
    ],
    "metadata": {
        "total_objects": 1,
        "render_settings": {
            "resolution_percentage": 50,
            "file_format": "PNG"
        }
    }
}