{
    "frame": "71",
    "image_filename": "render_071.png",
    "image_resolution": {
        "width": 1920,
        "height": 1080
    },
    "camera_parameters": {
        "intrinsic_matrix": [
            [
                2666.666666666667,
                0,
                960.0
            ],
            [
                0,
                2250.0,
                540.0
            ],
            [
                0,
                0,
                1
            ]
        ],
        "extrinsic_matrix": [
            [
                0.865803062915802,
                -0.5003849267959595,
                -9.289941260703927e-08,
                -2.166266948808171e-12
            ],
            [
                -0.0014038768131285906,
                -0.0024292035959661007,
                0.9999960064888,
                -2.5811239083850523e-06
            ],
            [
                -0.5003829598426819,
                -0.8657995462417603,
                -0.0028056807350367308,
                -11.256314277648926
            ],
            [
                -0.0,
                0.0,
                -0.0,
                1.0
            ]
        ],
        "camera_location": [
            -5.6324687004089355,
            -9.74571418762207,
            -0.0315791592001915
        ],
        "camera_rotation_euler": [
            1.1093189716339111,
            0.0,
            0.8149281740188599
        ],
        "camera_rotation_quaternion": [
            0.6820132732391357,
            0.683929443359375,
            -0.1834212690591812,
            -0.18290741741657257
        ],
        "focal_length": 50.0,
        "sensor_width": 36.0,
        "sensor_height": 24.0
    },
    "objects": [
        {
            "object_name": "Cube",
            "bbox_2d": {
                "x_min": 625.3988487802508,
                "y_min": 313.3085414646554,
                "x_max": 1273.5546346977283,
                "y_max": 768.3052517150195,
                "width": 648.1557859174775,
                "height": 454.9967102503641,
                "center_x": 949.4767417389895,
                "center_y": 540.8068965898374
            },
            "visible_vertices": 8,
            "total_vertices": 8
        }
    ],
    "metadata": {
        "total_objects": 1,
        "render_settings": {
            "resolution_percentage": 50,
            "file_format": "PNG"
        }
    }
}