{
    "frame": "815",
    "image_filename": "render_815.png",
    "image_resolution": {
        "width": 1920,
        "height": 1080
    },
    "camera_parameters": {
        "intrinsic_matrix": [
            [
                2666.666666666667,
                0,
                960.0
            ],
            [
                0,
                2250.0,
                540.0
            ],
            [
                0,
                0,
                1
            ]
        ],
        "extrinsic_matrix": [
            [
                0.9960727691650391,
                0.08853833377361298,
                2.5145700632833723e-08,
                -1.193186989212336e-07
            ],
            [
                0.004005132708698511,
                -0.045058611780405045,
                0.9989761710166931,
                -2.214520918641938e-06
            ],
            [
                0.088447704911232,
                -0.9950528740882874,
                -0.045236263424158096,
                -11.256314277648926
            ],
            [
                -0.0,
                0.0,
                -0.0,
                1.0
            ]
        ],
        "camera_location": [
            0.995595395565033,
            -11.200632095336914,
            -0.5091915130615234
        ],
        "camera_rotation_euler": [
            1.1093189716339111,
            0.0,
            0.8149281740188599
        ],
        "camera_rotation_quaternion": [
            0.6902496814727783,
            0.7222132086753845,
            0.032034680247306824,
            0.03061690554022789
        ],
        "focal_length": 50.0,
        "sensor_width": 36.0,
        "sensor_height": 24.0
    },
    "objects": [
        {
            "object_name": "Cube",
            "bbox_2d": {
                "x_min": 721.0394585701414,
                "y_min": 328.9615885370687,
                "x_max": 1240.6836227928436,
                "y_max": 770.7763915568969,
                "width": 519.6441642227022,
                "height": 441.8148030198282,
                "center_x": 980.8615406814924,
                "center_y": 549.8689900469828
            },
            "visible_vertices": 8,
            "total_vertices": 8
        }
    ],
    "metadata": {
        "total_objects": 1,
        "render_settings": {
            "resolution_percentage": 50,
            "file_format": "PNG"
        }
    }
}