{
    "frame": "393",
    "image_filename": "render_393.png",
    "image_resolution": {
        "width": 1920,
        "height": 1080
    },
    "camera_parameters": {
        "intrinsic_matrix": [
            [
                2666.666666666667,
                0,
                960.0
            ],
            [
                0,
                2250.0,
                540.0
            ],
            [
                0,
                0,
                1
            ]
        ],
        "extrinsic_matrix": [
            [
                -0.506945013999939,
                0.8619784116744995,
                6.705522537231445e-08,
                7.491136599924175e-10
            ],
            [
                -0.07131286710500717,
                -0.04194045066833496,
                0.9965718984603882,
                1.3297210443852236e-07
            ],
            [
                0.85902339220047,
                0.5052071213722229,
                0.08273165673017502,
                -11.256315231323242
            ],
            [
                -0.0,
                0.0,
                -0.0,
                1.0
            ]
        ],
        "camera_location": [
            9.669439315795898,
            5.686770439147949,
            0.9312534332275391
        ],
        "camera_rotation_euler": [
            1.1093189716339111,
            0.0,
            0.8149281740188599
        ],
        "camera_rotation_quaternion": [
            0.36532390117645264,
            0.3362528085708618,
            0.5878505110740662,
            0.6386738419532776
        ],
        "focal_length": 50.0,
        "sensor_width": 36.0,
        "sensor_height": 24.0
    },
    "objects": [
        {
            "object_name": "Cube",
            "bbox_2d": {
                "x_min": 643.3229712648741,
                "y_min": 289.65889381494253,
                "x_max": 1297.3882405370025,
                "y_max": 742.6094025195969,
                "width": 654.0652692721284,
                "height": 452.95050870465434,
                "center_x": 970.3556059009384,
                "center_y": 516.1341481672697
            },
            "visible_vertices": 8,
            "total_vertices": 8
        }
    ],
    "metadata": {
        "total_objects": 1,
        "render_settings": {
            "resolution_percentage": 50,
            "file_format": "PNG"
        }
    }
}