{
    "frame": "294",
    "image_filename": "render_294.png",
    "image_resolution": {
        "width": 1920,
        "height": 1080
    },
    "camera_parameters": {
        "intrinsic_matrix": [
            [
                2666.666666666667,
                0,
                960.0
            ],
            [
                0,
                2250.0,
                540.0
            ],
            [
                0,
                0,
                1
            ]
        ],
        "extrinsic_matrix": [
            [
                -0.9140844941139221,
                -0.4055236577987671,
                -8.940696005765858e-08,
                -9.5548261924705e-07
            ],
            [
                -0.030184224247932434,
                0.06803760677576065,
                0.9972260594367981,
                1.0167653954340494e-06
            ],
            [
                -0.40439876914024353,
                0.911548912525177,
                -0.07443246245384216,
                -11.256316184997559
            ],
            [
                -0.0,
                0.0,
                -0.0,
                1.0
            ]
        ],
        "camera_location": [
            -4.552041053771973,
            10.260682106018066,
            -0.8378372192382812
        ],
        "camera_rotation_euler": [
            1.1093189716339111,
            0.0,
            0.8149281740188599
        ],
        "camera_rotation_quaternion": [
            0.14099693298339844,
            0.1519131362438202,
            -0.717034637928009,
            -0.6655100584030151
        ],
        "focal_length": 50.0,
        "sensor_width": 36.0,
        "sensor_height": 24.0
    },
    "objects": [
        {
            "object_name": "Cube",
            "bbox_2d": {
                "x_min": 658.952639233821,
                "y_min": 334.9756454911774,
                "x_max": 1289.652966736825,
                "y_max": 786.1117210235324,
                "width": 630.700327503004,
                "height": 451.136075532355,
                "center_x": 974.302802985323,
                "center_y": 560.5436832573548
            },
            "visible_vertices": 8,
            "total_vertices": 8
        }
    ],
    "metadata": {
        "total_objects": 1,
        "render_settings": {
            "resolution_percentage": 50,
            "file_format": "PNG"
        }
    }
}