{
    "frame": "860",
    "image_filename": "render_860.png",
    "image_resolution": {
        "width": 1920,
        "height": 1080
    },
    "camera_parameters": {
        "intrinsic_matrix": [
            [
                2666.666666666667,
                0,
                960.0
            ],
            [
                0,
                2250.0,
                540.0
            ],
            [
                0,
                0,
                1
            ]
        ],
        "extrinsic_matrix": [
            [
                -0.18175725638866425,
                0.9833434224128723,
                5.2154071283894154e-08,
                -1.436581669622683e-06
            ],
            [
                0.09912147372961044,
                0.018321124836802483,
                0.9949067234992981,
                -2.669479783889983e-07
            ],
            [
                0.9783349633216858,
                0.18083147704601288,
                -0.10080049186944962,
                -11.256317138671875
            ],
            [
                -0.0,
                -0.0,
                -0.0,
                1.0
            ]
        ],
        "camera_location": [
            11.012447357177734,
            2.0354981422424316,
            -1.134641408920288
        ],
        "camera_rotation_euler": [
            1.1093189716339111,
            0.0,
            0.8149281740188599
        ],
        "camera_rotation_quaternion": [
            0.42888331413269043,
            0.47453194856643677,
            0.5702804327011108,
            0.5154211521148682
        ],
        "focal_length": 50.0,
        "sensor_width": 36.0,
        "sensor_height": 24.0
    },
    "objects": [
        {
            "object_name": "Cube",
            "bbox_2d": {
                "x_min": 700.0714609604279,
                "y_min": 336.7640194895314,
                "x_max": 1259.9551122390444,
                "y_max": 785.4204033038549,
                "width": 559.8836512786165,
                "height": 448.6563838143235,
                "center_x": 980.0132865997361,
                "center_y": 561.0922113966931
            },
            "visible_vertices": 8,
            "total_vertices": 8
        }
    ],
    "metadata": {
        "total_objects": 1,
        "render_settings": {
            "resolution_percentage": 50,
            "file_format": "PNG"
        }
    }
}