{
    "frame": "837",
    "image_filename": "render_837.png",
    "image_resolution": {
        "width": 1920,
        "height": 1080
    },
    "camera_parameters": {
        "intrinsic_matrix": [
            [
                2666.666666666667,
                0,
                960.0
            ],
            [
                0,
                2250.0,
                540.0
            ],
            [
                0,
                0,
                1
            ]
        ],
        "extrinsic_matrix": [
            [
                0.6108805537223816,
                -0.7917227745056152,
                -8.568168397005138e-08,
                1.5296779398710214e-09
            ],
            [
                0.04076926410198212,
                0.031456753611564636,
                0.9986733198165894,
                4.287874446617934e-07
            ],
            [
                -0.7906724214553833,
                -0.6100701689720154,
                0.051494255661964417,
                -11.256316184997559
            ],
            [
                -0.0,
                0.0,
                -0.0,
                1.0
            ]
        ],
        "camera_location": [
            -8.900057792663574,
            -6.867142200469971,
            0.5796353816986084
        ],
        "camera_rotation_euler": [
            1.1093189716339111,
            0.0,
            0.8149281740188599
        ],
        "camera_rotation_quaternion": [
            0.650736391544342,
            0.6180472373962402,
            -0.3037605583667755,
            -0.3198268711566925
        ],
        "focal_length": 50.0,
        "sensor_width": 36.0,
        "sensor_height": 24.0
    },
    "objects": [
        {
            "object_name": "Cube",
            "bbox_2d": {
                "x_min": 631.4856485535054,
                "y_min": 296.78753368929745,
                "x_max": 1299.2780501601019,
                "y_max": 752.6163430240804,
                "width": 667.7924016065965,
                "height": 455.82880933478293,
                "center_x": 965.3818493568036,
                "center_y": 524.701938356689
            },
            "visible_vertices": 8,
            "total_vertices": 8
        }
    ],
    "metadata": {
        "total_objects": 1,
        "render_settings": {
            "resolution_percentage": 50,
            "file_format": "PNG"
        }
    }
}