{
    "frame": "667",
    "image_filename": "render_667.png",
    "image_resolution": {
        "width": 1920,
        "height": 1080
    },
    "camera_parameters": {
        "intrinsic_matrix": [
            [
                2666.666666666667,
                0,
                960.0
            ],
            [
                0,
                2250.0,
                540.0
            ],
            [
                0,
                0,
                1
            ]
        ],
        "extrinsic_matrix": [
            [
                -0.8023369312286377,
                0.5968713760375977,
                0.0,
                -9.522104278403276e-07
            ],
            [
                -0.042028412222862244,
                -0.05649618059396744,
                0.9975178241729736,
                -2.3240978919147892e-07
            ],
            [
                0.5953898429870605,
                0.8003453612327576,
                0.07041452080011368,
                -11.256317138671875
            ],
            [
                -0.0,
                0.0,
                -0.0,
                1.0
            ]
        ],
        "camera_location": [
            6.701895236968994,
            9.008941650390625,
            0.7926084399223328
        ],
        "camera_rotation_euler": [
            1.1093189716339111,
            0.0,
            0.8149281740188599
        ],
        "camera_rotation_quaternion": [
            0.2299898862838745,
            0.21432726085186005,
            0.6471912860870361,
            0.6944867968559265
        ],
        "focal_length": 50.0,
        "sensor_width": 36.0,
        "sensor_height": 24.0
    },
    "objects": [
        {
            "object_name": "Cube",
            "bbox_2d": {
                "x_min": 620.2096848705473,
                "y_min": 291.6769010712635,
                "x_max": 1287.563103257542,
                "y_max": 746.6087450143609,
                "width": 667.3534183869947,
                "height": 454.9318439430974,
                "center_x": 953.8863940640447,
                "center_y": 519.1428230428122
            },
            "visible_vertices": 8,
            "total_vertices": 8
        }
    ],
    "metadata": {
        "total_objects": 1,
        "render_settings": {
            "resolution_percentage": 50,
            "file_format": "PNG"
        }
    }
}