{
    "frame": "852",
    "image_filename": "render_852.png",
    "image_resolution": {
        "width": 1920,
        "height": 1080
    },
    "camera_parameters": {
        "intrinsic_matrix": [
            [
                2666.666666666667,
                0,
                960.0
            ],
            [
                0,
                2250.0,
                540.0
            ],
            [
                0,
                0,
                1
            ]
        ],
        "extrinsic_matrix": [
            [
                -0.7690016627311707,
                -0.63924640417099,
                -3.352759847530251e-08,
                1.4360678051161813e-06
            ],
            [
                -0.04872209578752518,
                0.058611851185560226,
                0.9970909953117371,
                -1.8317387002753094e-06
            ],
            [
                -0.6373869180679321,
                0.7667649388313293,
                -0.07621786743402481,
                -11.256314277648926
            ],
            [
                0.0,
                0.0,
                -0.0,
                1.0
            ]
        ],
        "camera_location": [
            -7.174629211425781,
            8.630949974060059,
            -0.8579328656196594
        ],
        "camera_rotation_euler": [
            1.1093189716339111,
            0.0,
            0.8149281740188599
        ],
        "camera_rotation_quaternion": [
            0.23097184300422668,
            0.24930119514465332,
            -0.6898970603942871,
            -0.6391737461090088
        ],
        "focal_length": 50.0,
        "sensor_width": 36.0,
        "sensor_height": 24.0
    },
    "objects": [
        {
            "object_name": "Cube",
            "bbox_2d": {
                "x_min": 627.9481295097676,
                "y_min": 335.21595605610514,
                "x_max": 1299.8262682310396,
                "y_max": 790.2877729137467,
                "width": 671.8781387212721,
                "height": 455.0718168576416,
                "center_x": 963.8871988704036,
                "center_y": 562.7518644849259
            },
            "visible_vertices": 8,
            "total_vertices": 8
        }
    ],
    "metadata": {
        "total_objects": 1,
        "render_settings": {
            "resolution_percentage": 50,
            "file_format": "PNG"
        }
    }
}