{
    "frame": "608",
    "image_filename": "render_608.png",
    "image_resolution": {
        "width": 1920,
        "height": 1080
    },
    "camera_parameters": {
        "intrinsic_matrix": [
            [
                2666.666666666667,
                0,
                960.0
            ],
            [
                0,
                2250.0,
                540.0
            ],
            [
                0,
                0,
                1
            ]
        ],
        "extrinsic_matrix": [
            [
                -0.6835157871246338,
                0.7299357056617737,
                1.1175870895385742e-07,
                1.9094998151558684e-06
            ],
            [
                0.04105232656002045,
                0.03844146057963371,
                0.9984171986579895,
                1.5150853869272396e-06
            ],
            [
                0.7287803888320923,
                0.6824339032173157,
                -0.05624092370271683,
                -11.256315231323242
            ],
            [
                -0.0,
                -0.0,
                -0.0,
                1.0
            ]
        ],
        "camera_location": [
            8.203383445739746,
            7.6816911697387695,
            -0.6330668926239014
        ],
        "camera_rotation_euler": [
            1.1093189716339111,
            0.0,
            0.8149281740188599
        ],
        "camera_rotation_quaternion": [
            0.27326029539108276,
            0.28908634185791016,
            0.6667454838752747,
            0.6302446722984314
        ],
        "focal_length": 50.0,
        "sensor_width": 36.0,
        "sensor_height": 24.0
    },
    "objects": [
        {
            "object_name": "Cube",
            "bbox_2d": {
                "x_min": 624.8525824433991,
                "y_min": 328.7829451123323,
                "x_max": 1297.9317849413308,
                "y_max": 784.9469122186597,
                "width": 673.0792024979316,
                "height": 456.1639671063274,
                "center_x": 961.3921836923649,
                "center_y": 556.864928665496
            },
            "visible_vertices": 8,
            "total_vertices": 8
        }
    ],
    "metadata": {
        "total_objects": 1,
        "render_settings": {
            "resolution_percentage": 50,
            "file_format": "PNG"
        }
    }
}