{
    "frame": "371",
    "image_filename": "render_371.png",
    "image_resolution": {
        "width": 1920,
        "height": 1080
    },
    "camera_parameters": {
        "intrinsic_matrix": [
            [
                2666.666666666667,
                0,
                960.0
            ],
            [
                0,
                2250.0,
                540.0
            ],
            [
                0,
                0,
                1
            ]
        ],
        "extrinsic_matrix": [
            [
                -0.003504134714603424,
                -0.9999938607215881,
                -7.345806807279587e-08,
                5.869946448910923e-07
            ],
            [
                0.08496902137994766,
                -0.0002978364937007427,
                0.9963834881782532,
                -4.1706019260345784e-07
            ],
            [
                -0.9963774085044861,
                0.0034914356656372547,
                0.08496952056884766,
                -11.256316184997559
            ],
            [
                0.0,
                0.0,
                -0.0,
                1.0
            ]
        ],
        "camera_location": [
            -11.21553897857666,
            0.039301518350839615,
            0.9564444422721863
        ],
        "camera_rotation_euler": [
            1.1093189716339111,
            0.0,
            0.8149281740188599
        ],
        "camera_rotation_quaternion": [
            0.5198960304260254,
            0.47744742035865784,
            -0.4791233539581299,
            -0.5217210650444031
        ],
        "focal_length": 50.0,
        "sensor_width": 36.0,
        "sensor_height": 24.0
    },
    "objects": [
        {
            "object_name": "Cube",
            "bbox_2d": {
                "x_min": 697.0922652315039,
                "y_min": 304.6633843494536,
                "x_max": 1221.2505806848105,
                "y_max": 741.5450941056304,
                "width": 524.1583154533066,
                "height": 436.88170975617675,
                "center_x": 959.1714229581572,
                "center_y": 523.1042392275419
            },
            "visible_vertices": 8,
            "total_vertices": 8
        }
    ],
    "metadata": {
        "total_objects": 1,
        "render_settings": {
            "resolution_percentage": 50,
            "file_format": "PNG"
        }
    }
}