{
    "frame": "535",
    "image_filename": "render_535.png",
    "image_resolution": {
        "width": 1920,
        "height": 1080
    },
    "camera_parameters": {
        "intrinsic_matrix": [
            [
                2666.666666666667,
                0,
                960.0
            ],
            [
                0,
                2250.0,
                540.0
            ],
            [
                0,
                0,
                1
            ]
        ],
        "extrinsic_matrix": [
            [
                0.2875061333179474,
                0.9577786922454834,
                -3.7252898543727042e-09,
                -9.56940994001343e-07
            ],
            [
                -0.0918835923075676,
                0.02758164331316948,
                0.995387613773346,
                -1.4844953000192618e-07
            ],
            [
                0.9533611536026001,
                -0.2861800491809845,
                0.09593405574560165,
                -11.256316184997559
            ],
            [
                -0.0,
                0.0,
                -0.0,
                1.0
            ]
        ],
        "camera_location": [
            10.731335639953613,
            -3.221332550048828,
            1.079864263534546
        ],
        "camera_rotation_euler": [
            1.1093189716339111,
            0.0,
            0.8149281740188599
        ],
        "camera_rotation_quaternion": [
            0.5939322113990784,
            0.5394419431686401,
            0.4012921154499054,
            0.44182753562927246
        ],
        "focal_length": 50.0,
        "sensor_width": 36.0,
        "sensor_height": 24.0
    },
    "objects": [
        {
            "object_name": "Cube",
            "bbox_2d": {
                "x_min": 643.5325244146576,
                "y_min": 291.9537748171813,
                "x_max": 1240.7646780866153,
                "y_max": 742.2930654296922,
                "width": 597.2321536719577,
                "height": 450.3392906125109,
                "center_x": 942.1486012506364,
                "center_y": 517.1234201234367
            },
            "visible_vertices": 8,
            "total_vertices": 8
        }
    ],
    "metadata": {
        "total_objects": 1,
        "render_settings": {
            "resolution_percentage": 50,
            "file_format": "PNG"
        }
    }
}