{
    "frame": "263",
    "image_filename": "render_263.png",
    "image_resolution": {
        "width": 1920,
        "height": 1080
    },
    "camera_parameters": {
        "intrinsic_matrix": [
            [
                2666.666666666667,
                0,
                960.0
            ],
            [
                0,
                2250.0,
                540.0
            ],
            [
                0,
                0,
                1
            ]
        ],
        "extrinsic_matrix": [
            [
                0.8887015581130981,
                0.4584861993789673,
                1.0803339023368608e-07,
                -4.819196419703076e-07
            ],
            [
                -0.065004862844944,
                0.12600134313106537,
                0.9898978471755981,
                -1.3053655720796087e-06
            ],
            [
                0.4538545608520508,
                -0.8797237277030945,
                0.14178143441677094,
                -11.256315231323242
            ],
            [
                -0.0,
                0.0,
                -0.0,
                1.0
            ]
        ],
        "camera_location": [
            5.108730316162109,
            -9.902449607849121,
            1.595937967300415
        ],
        "camera_rotation_euler": [
            1.1093189716339111,
            0.0,
            0.8149281740188599
        ],
        "camera_rotation_quaternion": [
            0.7342487573623657,
            0.6365765333175659,
            0.15453024208545685,
            0.17824040353298187
        ],
        "focal_length": 50.0,
        "sensor_width": 36.0,
        "sensor_height": 24.0
    },
    "objects": [
        {
            "object_name": "Cube",
            "bbox_2d": {
                "x_min": 648.7024119514188,
                "y_min": 275.999575303229,
                "x_max": 1296.1038847945958,
                "y_max": 753.448514501725,
                "width": 647.4014728431771,
                "height": 477.44893919849596,
                "center_x": 972.4031483730073,
                "center_y": 514.724044902477
            },
            "visible_vertices": 8,
            "total_vertices": 8
        }
    ],
    "metadata": {
        "total_objects": 1,
        "render_settings": {
            "resolution_percentage": 50,
            "file_format": "PNG"
        }
    }
}