{
    "frame": "164",
    "image_filename": "render_164.png",
    "image_resolution": {
        "width": 1920,
        "height": 1080
    },
    "camera_parameters": {
        "intrinsic_matrix": [
            [
                2666.666666666667,
                0,
                960.0
            ],
            [
                0,
                2250.0,
                540.0
            ],
            [
                0,
                0,
                1
            ]
        ],
        "extrinsic_matrix": [
            [
                0.37114617228507996,
                0.9285744428634644,
                1.6577541828155518e-07,
                -4.774841499965987e-07
            ],
            [
                -0.07954506576061249,
                0.03179357573390007,
                0.9963241815567017,
                -1.2949841448062216e-06
            ],
            [
                0.9251611828804016,
                -0.36978185176849365,
                0.08566360175609589,
                -11.256316184997559
            ],
            [
                -0.0,
                0.0,
                -0.0,
                1.0
            ]
        ],
        "camera_location": [
            10.41390609741211,
            -4.162381649017334,
            0.9642575979232788
        ],
        "camera_rotation_euler": [
            1.1093189716339111,
            0.0,
            0.8149281740188599
        ],
        "camera_rotation_quaternion": [
            0.6100416779518127,
            0.5598412752151489,
            0.37913843989372253,
            0.4131355285644531
        ],
        "focal_length": 50.0,
        "sensor_width": 36.0,
        "sensor_height": 24.0
    },
    "objects": [
        {
            "object_name": "Cube",
            "bbox_2d": {
                "x_min": 633.496799291511,
                "y_min": 291.9423674158397,
                "x_max": 1255.57503166164,
                "y_max": 741.6274948741877,
                "width": 622.078232370129,
                "height": 449.685127458348,
                "center_x": 944.5359154765755,
                "center_y": 516.7849311450137
            },
            "visible_vertices": 8,
            "total_vertices": 8
        }
    ],
    "metadata": {
        "total_objects": 1,
        "render_settings": {
            "resolution_percentage": 50,
            "file_format": "PNG"
        }
    }
}