{
    "frame": "821",
    "image_filename": "render_821.png",
    "image_resolution": {
        "width": 1920,
        "height": 1080
    },
    "camera_parameters": {
        "intrinsic_matrix": [
            [
                2666.666666666667,
                0,
                960.0
            ],
            [
                0,
                2250.0,
                540.0
            ],
            [
                0,
                0,
                1
            ]
        ],
        "extrinsic_matrix": [
            [
                0.9897744059562683,
                0.1426418125629425,
                2.9336657547673894e-08,
                -9.47060069256267e-11
            ],
            [
                0.0033469838090240955,
                -0.02322443202137947,
                0.9997246265411377,
                -5.726756171497982e-07
            ],
            [
                0.14260254800319672,
                -0.9895017743110657,
                -0.023464364930987358,
                -11.256315231323242
            ],
            [
                -0.0,
                0.0,
                -0.0,
                1.0
            ]
        ],
        "camera_location": [
            1.6051790714263916,
            -11.138145446777344,
            -0.26412174105644226
        ],
        "camera_rotation_euler": [
            1.1093189716339111,
            0.0,
            0.8149281740188599
        ],
        "camera_rotation_quaternion": [
            0.6969730854034424,
            0.7135235071182251,
            0.05115066096186638,
            0.049964215606451035
        ],
        "focal_length": 50.0,
        "sensor_width": 36.0,
        "sensor_height": 24.0
    },
    "objects": [
        {
            "object_name": "Cube",
            "bbox_2d": {
                "x_min": 710.013315926838,
                "y_min": 323.22433324442477,
                "x_max": 1250.7558848141707,
                "y_max": 767.5560249887953,
                "width": 540.7425688873327,
                "height": 444.3316917443706,
                "center_x": 980.3846003705044,
                "center_y": 545.39017911661
            },
            "visible_vertices": 8,
            "total_vertices": 8
        }
    ],
    "metadata": {
        "total_objects": 1,
        "render_settings": {
            "resolution_percentage": 50,
            "file_format": "PNG"
        }
    }
}