{
    "frame": "759",
    "image_filename": "render_759.png",
    "image_resolution": {
        "width": 1920,
        "height": 1080
    },
    "camera_parameters": {
        "intrinsic_matrix": [
            [
                2666.666666666667,
                0,
                960.0
            ],
            [
                0,
                2250.0,
                540.0
            ],
            [
                0,
                0,
                1
            ]
        ],
        "extrinsic_matrix": [
            [
                0.10834722220897675,
                0.9941131472587585,
                1.50932464748621e-07,
                1.072903273779957e-06
            ],
            [
                -0.006048667710274458,
                0.0006591291748918593,
                0.9999815225601196,
                -5.838795686941012e-07
            ],
            [
                0.9940947890281677,
                -0.10834517329931259,
                0.00608451385051012,
                -11.256316184997559
            ],
            [
                -0.0,
                0.0,
                -0.0,
                1.0
            ]
        ],
        "camera_location": [
            11.189844131469727,
            -1.2195690870285034,
            0.06848935037851334
        ],
        "camera_rotation_euler": [
            1.1093189716339111,
            0.0,
            0.8149281740188599
        ],
        "camera_rotation_quaternion": [
            0.5279893279075623,
            0.5247865319252014,
            0.4706982672214508,
            0.4735710620880127
        ],
        "focal_length": 50.0,
        "sensor_width": 36.0,
        "sensor_height": 24.0
    },
    "objects": [
        {
            "object_name": "Cube",
            "bbox_2d": {
                "x_min": 676.3488191467993,
                "y_min": 317.06092127453803,
                "x_max": 1202.245850896168,
                "y_max": 760.2316122595337,
                "width": 525.8970317493686,
                "height": 443.17069098499564,
                "center_x": 939.2973350214836,
                "center_y": 538.6462667670359
            },
            "visible_vertices": 8,
            "total_vertices": 8
        }
    ],
    "metadata": {
        "total_objects": 1,
        "render_settings": {
            "resolution_percentage": 50,
            "file_format": "PNG"
        }
    }
}