{
    "frame": "109",
    "image_filename": "render_109.png",
    "image_resolution": {
        "width": 1920,
        "height": 1080
    },
    "camera_parameters": {
        "intrinsic_matrix": [
            [
                2666.666666666667,
                0,
                960.0
            ],
            [
                0,
                2250.0,
                540.0
            ],
            [
                0,
                0,
                1
            ]
        ],
        "extrinsic_matrix": [
            [
                -0.6328858733177185,
                0.7742448449134827,
                9.685750512744562e-08,
                -1.196665699865207e-08
            ],
            [
                -0.11200813204050064,
                -0.09155808389186859,
                0.9894801378250122,
                -2.549848204580485e-06
            ],
            [
                0.7661000490188599,
                0.6262282133102417,
                0.14466774463653564,
                -11.256314277648926
            ],
            [
                -0.0,
                0.0,
                -0.0,
                1.0
            ]
        ],
        "camera_location": [
            8.623465538024902,
            7.049022674560547,
            1.6284265518188477
        ],
        "camera_rotation_euler": [
            1.1093189716339111,
            0.0,
            0.8149281740188599
        ],
        "camera_rotation_quaternion": [
            0.3241232931613922,
            0.28018054366111755,
            0.5909019112586975,
            0.6835773587226868
        ],
        "focal_length": 50.0,
        "sensor_width": 36.0,
        "sensor_height": 24.0
    },
    "objects": [
        {
            "object_name": "Cube",
            "bbox_2d": {
                "x_min": 626.5028828439088,
                "y_min": 271.7960793853433,
                "x_max": 1302.0001089406048,
                "y_max": 754.6796223895172,
                "width": 675.4972260966961,
                "height": 482.88354300417393,
                "center_x": 964.2514958922568,
                "center_y": 513.2378508874303
            },
            "visible_vertices": 8,
            "total_vertices": 8
        }
    ],
    "metadata": {
        "total_objects": 1,
        "render_settings": {
            "resolution_percentage": 50,
            "file_format": "PNG"
        }
    }
}