{
    "frame": "457",
    "image_filename": "render_457.png",
    "image_resolution": {
        "width": 1920,
        "height": 1080
    },
    "camera_parameters": {
        "intrinsic_matrix": [
            [
                2666.666666666667,
                0,
                960.0
            ],
            [
                0,
                2250.0,
                540.0
            ],
            [
                0,
                0,
                1
            ]
        ],
        "extrinsic_matrix": [
            [
                0.9363143444061279,
                0.35116302967071533,
                -1.862645326866641e-08,
                -2.341133438221732e-07
            ],
            [
                0.04924154281616211,
                -0.1312938779592514,
                0.9901198148727417,
                1.1510730928421253e-06
            ],
            [
                0.34769344329833984,
                -0.9270634055137634,
                -0.1402241587638855,
                -11.256316184997559
            ],
            [
                -0.0,
                0.0,
                -0.0,
                1.0
            ]
        ],
        "camera_location": [
            3.913747549057007,
            -10.435317993164062,
            -1.5784083604812622
        ],
        "camera_rotation_euler": [
            1.1093189716339111,
            0.0,
            0.8149281740188599
        ],
        "camera_rotation_quaternion": [
            0.6451349258422852,
            0.7429388165473938,
            0.13473671674728394,
            0.11699934303760529
        ],
        "focal_length": 50.0,
        "sensor_width": 36.0,
        "sensor_height": 24.0
    },
    "objects": [
        {
            "object_name": "Cube",
            "bbox_2d": {
                "x_min": 666.4440639320603,
                "y_min": 327.42605874646836,
                "x_max": 1285.838868446797,
                "y_max": 800.2285515494996,
                "width": 619.3948045147367,
                "height": 472.8024928030312,
                "center_x": 976.1414661894287,
                "center_y": 563.8273051479839
            },
            "visible_vertices": 8,
            "total_vertices": 8
        }
    ],
    "metadata": {
        "total_objects": 1,
        "render_settings": {
            "resolution_percentage": 50,
            "file_format": "PNG"
        }
    }
}