{
    "frame": "601",
    "image_filename": "render_601.png",
    "image_resolution": {
        "width": 1920,
        "height": 1080
    },
    "camera_parameters": {
        "intrinsic_matrix": [
            [
                2666.666666666667,
                0,
                960.0
            ],
            [
                0,
                2250.0,
                540.0
            ],
            [
                0,
                0,
                1
            ]
        ],
        "extrinsic_matrix": [
            [
                -0.9999156594276428,
                -0.012983804568648338,
                2.1827871066193438e-08,
                4.47156622840339e-08
            ],
            [
                0.00031221381505019963,
                -0.024042651057243347,
                0.9997108578681946,
                -1.0133778687304584e-06
            ],
            [
                -0.012980049476027489,
                0.9996265769004822,
                0.024044770747423172,
                -11.256316184997559
            ],
            [
                -0.0,
                0.0,
                -0.0,
                1.0
            ]
        ],
        "camera_location": [
            -0.1461075246334076,
            11.252113342285156,
            0.2706555426120758
        ],
        "camera_rotation_euler": [
            1.1093189716339111,
            0.0,
            0.8149281740188599
        ],
        "camera_rotation_quaternion": [
            0.00464543467387557,
            0.004535031970590353,
            -0.6985392570495605,
            -0.7155423164367676
        ],
        "focal_length": 50.0,
        "sensor_width": 36.0,
        "sensor_height": 24.0
    },
    "objects": [
        {
            "object_name": "Cube",
            "bbox_2d": {
                "x_min": 702.4750651551085,
                "y_min": 315.5935796252104,
                "x_max": 1223.6310800129122,
                "y_max": 754.7378385619949,
                "width": 521.1560148578037,
                "height": 439.14425893678447,
                "center_x": 963.0530725840104,
                "center_y": 535.1657090936026
            },
            "visible_vertices": 8,
            "total_vertices": 8
        }
    ],
    "metadata": {
        "total_objects": 1,
        "render_settings": {
            "resolution_percentage": 50,
            "file_format": "PNG"
        }
    }
}