{
    "frame": "136",
    "image_filename": "render_136.png",
    "image_resolution": {
        "width": 1920,
        "height": 1080
    },
    "camera_parameters": {
        "intrinsic_matrix": [
            [
                2666.666666666667,
                0,
                960.0
            ],
            [
                0,
                2250.0,
                540.0
            ],
            [
                0,
                0,
                1
            ]
        ],
        "extrinsic_matrix": [
            [
                -0.9733093976974487,
                -0.22949664294719696,
                7.823108916227284e-08,
                -7.459088208205955e-11
            ],
            [
                -0.02076389640569687,
                0.08806135505437851,
                0.9958985447883606,
                -6.143352493381826e-08
            ],
            [
                -0.22855541110038757,
                0.9693175554275513,
                -0.09047609567642212,
                -11.256317138671875
            ],
            [
                0.0,
                0.0,
                -0.0,
                1.0
            ]
        ],
        "camera_location": [
            -2.5726921558380127,
            10.910944938659668,
            -1.0184285640716553
        ],
        "camera_rotation_euler": [
            1.1093189716339111,
            0.0,
            0.8149281740188599
        ],
        "camera_rotation_quaternion": [
            0.07790333032608032,
            0.08530151098966599,
            -0.7334587574005127,
            -0.6698455214500427
        ],
        "focal_length": 50.0,
        "sensor_width": 36.0,
        "sensor_height": 24.0
    },
    "objects": [
        {
            "object_name": "Cube",
            "bbox_2d": {
                "x_min": 690.613114950356,
                "y_min": 338.95777828318296,
                "x_max": 1267.6698859905136,
                "y_max": 784.9155469119559,
                "width": 577.0567710401576,
                "height": 445.9577686287729,
                "center_x": 979.1415004704348,
                "center_y": 561.9366625975695
            },
            "visible_vertices": 8,
            "total_vertices": 8
        }
    ],
    "metadata": {
        "total_objects": 1,
        "render_settings": {
            "resolution_percentage": 50,
            "file_format": "PNG"
        }
    }
}