{
    "frame": "952",
    "image_filename": "render_952.png",
    "image_resolution": {
        "width": 1920,
        "height": 1080
    },
    "camera_parameters": {
        "intrinsic_matrix": [
            [
                2666.666666666667,
                0,
                960.0
            ],
            [
                0,
                2250.0,
                540.0
            ],
            [
                0,
                0,
                1
            ]
        ],
        "extrinsic_matrix": [
            [
                0.06628663092851639,
                0.9978005290031433,
                1.9083377367223875e-07,
                -6.556588800776808e-07
            ],
            [
                -0.004888463299721479,
                0.0003246469423174858,
                0.9999879598617554,
                -5.453043172565231e-07
            ],
            [
                0.9977885484695435,
                -0.06628575921058655,
                0.004899310879409313,
                -11.256316184997559
            ],
            [
                -0.0,
                0.0,
                -0.0,
                1.0
            ]
        ],
        "camera_location": [
            11.231424331665039,
            -0.7461337447166443,
            0.05514785274863243
        ],
        "camera_rotation_euler": [
            1.1093189716339111,
            0.0,
            0.8149281740188599
        ],
        "camera_rotation_quaternion": [
            0.5175690054893494,
            0.5150395035743713,
            0.4819592237472534,
            0.4843263626098633
        ],
        "focal_length": 50.0,
        "sensor_width": 36.0,
        "sensor_height": 24.0
    },
    "objects": [
        {
            "object_name": "Cube",
            "bbox_2d": {
                "x_min": 685.0399077219986,
                "y_min": 318.20220322174146,
                "x_max": 1203.8357518575522,
                "y_max": 759.7081430089842,
                "width": 518.7958441355536,
                "height": 441.5059397872427,
                "center_x": 944.4378297897754,
                "center_y": 538.9551731153629
            },
            "visible_vertices": 8,
            "total_vertices": 8
        }
    ],
    "metadata": {
        "total_objects": 1,
        "render_settings": {
            "resolution_percentage": 50,
            "file_format": "PNG"
        }
    }
}