{
    "frame": "122",
    "image_filename": "render_122.png",
    "image_resolution": {
        "width": 1920,
        "height": 1080
    },
    "camera_parameters": {
        "intrinsic_matrix": [
            [
                2666.666666666667,
                0,
                960.0
            ],
            [
                0,
                2250.0,
                540.0
            ],
            [
                0,
                0,
                1
            ]
        ],
        "extrinsic_matrix": [
            [
                -0.3024424612522125,
                0.9531675577163696,
                4.470347292340193e-08,
                7.179110070865136e-07
            ],
            [
                0.08483323454856873,
                0.02691781148314476,
                0.9960314035415649,
                -2.9307955173862865e-07
            ],
            [
                0.949384868144989,
                0.30124226212501526,
                -0.08900132030248642,
                -11.256315231323242
            ],
            [
                -0.0,
                0.0,
                -0.0,
                1.0
            ]
        ],
        "camera_location": [
            10.686577796936035,
            3.3908772468566895,
            -1.001827597618103
        ],
        "camera_rotation_euler": [
            1.1093189716339111,
            0.0,
            0.8149281740188599
        ],
        "camera_rotation_quaternion": [
            0.3985831141471863,
            0.4357869625091553,
            0.5954749584197998,
            0.5446382761001587
        ],
        "focal_length": 50.0,
        "sensor_width": 36.0,
        "sensor_height": 24.0
    },
    "objects": [
        {
            "object_name": "Cube",
            "bbox_2d": {
                "x_min": 676.6173610933988,
                "y_min": 339.2814505510456,
                "x_max": 1278.3037415655808,
                "y_max": 786.9129748478255,
                "width": 601.686380472182,
                "height": 447.63152429677984,
                "center_x": 977.4605513294898,
                "center_y": 563.0972126994355
            },
            "visible_vertices": 8,
            "total_vertices": 8
        }
    ],
    "metadata": {
        "total_objects": 1,
        "render_settings": {
            "resolution_percentage": 50,
            "file_format": "PNG"
        }
    }
}