{
    "frame": "506",
    "image_filename": "render_506.png",
    "image_resolution": {
        "width": 1920,
        "height": 1080
    },
    "camera_parameters": {
        "intrinsic_matrix": [
            [
                2666.666666666667,
                0,
                960.0
            ],
            [
                0,
                2250.0,
                540.0
            ],
            [
                0,
                0,
                1
            ]
        ],
        "extrinsic_matrix": [
            [
                -0.3547602891921997,
                -0.9349573850631714,
                -2.2351745343485163e-08,
                7.237975410134823e-07
            ],
            [
                -0.12936459481716156,
                0.04908605292439461,
                0.9903814792633057,
                -4.229068295558136e-08
            ],
            [
                -0.9259644746780396,
                0.35134798288345337,
                -0.13836419582366943,
                -11.256317138671875
            ],
            [
                -0.0,
                0.0,
                -0.0,
                1.0
            ]
        ],
        "camera_location": [
            -10.42294692993164,
            3.9548842906951904,
            -1.557470440864563
        ],
        "camera_rotation_euler": [
            1.1093189716339111,
            0.0,
            0.8149281740188599
        ],
        "camera_rotation_quaternion": [
            0.3728141784667969,
            0.4285200834274292,
            -0.6209288239479065,
            -0.5402106046676636
        ],
        "focal_length": 50.0,
        "sensor_width": 36.0,
        "sensor_height": 24.0
    },
    "objects": [
        {
            "object_name": "Cube",
            "bbox_2d": {
                "x_min": 633.7988094602772,
                "y_min": 327.83250792967624,
                "x_max": 1254.1393810456107,
                "y_max": 799.936374934842,
                "width": 620.3405715853335,
                "height": 472.10386700516574,
                "center_x": 943.9690952529439,
                "center_y": 563.8844414322591
            },
            "visible_vertices": 8,
            "total_vertices": 8
        }
    ],
    "metadata": {
        "total_objects": 1,
        "render_settings": {
            "resolution_percentage": 50,
            "file_format": "PNG"
        }
    }
}