{
    "frame": "772",
    "image_filename": "render_772.png",
    "image_resolution": {
        "width": 1920,
        "height": 1080
    },
    "camera_parameters": {
        "intrinsic_matrix": [
            [
                2666.666666666667,
                0,
                960.0
            ],
            [
                0,
                2250.0,
                540.0
            ],
            [
                0,
                0,
                1
            ]
        ],
        "extrinsic_matrix": [
            [
                0.889728844165802,
                0.4564895033836365,
                3.91155481338501e-08,
                -4.759813236887567e-07
            ],
            [
                0.03011365234851837,
                -0.058693621307611465,
                0.9978216886520386,
                2.6654569751372037e-07
            ],
            [
                0.455495148897171,
                -0.8877907395362854,
                -0.06596796959638596,
                -11.256315231323242
            ],
            [
                -0.0,
                0.0,
                -0.0,
                1.0
            ]
        ],
        "camera_location": [
            5.127197265625,
            -9.993252754211426,
            -0.7425565719604492
        ],
        "camera_rotation_euler": [
            1.1093189716339111,
            0.0,
            0.8149281740188599
        ],
        "camera_rotation_quaternion": [
            0.6642791628837585,
            0.7096461057662964,
            0.17142458260059357,
            0.16046561300754547
        ],
        "focal_length": 50.0,
        "sensor_width": 36.0,
        "sensor_height": 24.0
    },
    "objects": [
        {
            "object_name": "Cube",
            "bbox_2d": {
                "x_min": 651.1275283034101,
                "y_min": 332.2951996035598,
                "x_max": 1293.695812927789,
                "y_max": 785.0061668933383,
                "width": 642.5682846243787,
                "height": 452.7109672897785,
                "center_x": 972.4116706155995,
                "center_y": 558.650683248449
            },
            "visible_vertices": 8,
            "total_vertices": 8
        }
    ],
    "metadata": {
        "total_objects": 1,
        "render_settings": {
            "resolution_percentage": 50,
            "file_format": "PNG"
        }
    }
}