{
    "frame": "690",
    "image_filename": "render_690.png",
    "image_resolution": {
        "width": 1920,
        "height": 1080
    },
    "camera_parameters": {
        "intrinsic_matrix": [
            [
                2666.666666666667,
                0,
                960.0
            ],
            [
                0,
                2250.0,
                540.0
            ],
            [
                0,
                0,
                1
            ]
        ],
        "extrinsic_matrix": [
            [
                0.30880415439605713,
                -0.9511255621910095,
                -2.0861621408130304e-07,
                2.404622421181557e-07
            ],
            [
                0.10597044229507446,
                0.03440552577376366,
                0.9937738180160522,
                -1.6396344335589674e-06
            ],
            [
                -0.9452037215232849,
                -0.3068814277648926,
                0.1114158183336258,
                -11.256315231323242
            ],
            [
                -0.0,
                0.0,
                -0.0,
                1.0
            ]
        ],
        "camera_location": [
            -10.63951301574707,
            -3.454355239868164,
            1.2541329860687256
        ],
        "camera_rotation_euler": [
            1.1093189716339111,
            0.0,
            0.8149281740188599
        ],
        "camera_rotation_quaternion": [
            0.6030393242835999,
            0.5392084121704102,
            -0.39184996485710144,
            -0.43823686242103577
        ],
        "focal_length": 50.0,
        "sensor_width": 36.0,
        "sensor_height": 24.0
    },
    "objects": [
        {
            "object_name": "Cube",
            "bbox_2d": {
                "x_min": 674.8646650430578,
                "y_min": 287.73329446600667,
                "x_max": 1279.78181489212,
                "y_max": 745.8430704859845,
                "width": 604.9171498490623,
                "height": 458.10977601997786,
                "center_x": 977.323239967589,
                "center_y": 516.7881824759957
            },
            "visible_vertices": 8,
            "total_vertices": 8
        }
    ],
    "metadata": {
        "total_objects": 1,
        "render_settings": {
            "resolution_percentage": 50,
            "file_format": "PNG"
        }
    }
}