{
    "frame": "87",
    "image_filename": "render_087.png",
    "image_resolution": {
        "width": 1920,
        "height": 1080
    },
    "camera_parameters": {
        "intrinsic_matrix": [
            [
                2666.666666666667,
                0,
                960.0
            ],
            [
                0,
                2250.0,
                540.0
            ],
            [
                0,
                0,
                1
            ]
        ],
        "extrinsic_matrix": [
            [
                0.8159427642822266,
                0.5781328082084656,
                1.4901157641133977e-08,
                -1.157853901645467e-08
            ],
            [
                0.0688195675611496,
                -0.09712780267000198,
                0.9928896427154541,
                -6.891878712167454e-08
            ],
            [
                0.574022114276886,
                -0.8101410865783691,
                -0.11903754621744156,
                -11.256315231323242
            ],
            [
                -0.0,
                0.0,
                -0.0,
                1.0
            ]
        ],
        "camera_location": [
            6.461374282836914,
            -9.1192045211792,
            -1.3399244546890259
        ],
        "camera_rotation_euler": [
            1.1093189716339111,
            0.0,
            0.8149281740188599
        ],
        "camera_rotation_quaternion": [
            0.6324115991592407,
            0.7127601504325867,
            0.22691796720027924,
            0.2013377547264099
        ],
        "focal_length": 50.0,
        "sensor_width": 36.0,
        "sensor_height": 24.0
    },
    "objects": [
        {
            "object_name": "Cube",
            "bbox_2d": {
                "x_min": 633.1376964695771,
                "y_min": 331.76649613448365,
                "x_max": 1301.022018525036,
                "y_max": 800.9682303201387,
                "width": 667.8843220554588,
                "height": 469.201734185655,
                "center_x": 967.0798574973065,
                "center_y": 566.3673632273112
            },
            "visible_vertices": 8,
            "total_vertices": 8
        }
    ],
    "metadata": {
        "total_objects": 1,
        "render_settings": {
            "resolution_percentage": 50,
            "file_format": "PNG"
        }
    }
}