{
    "frame": "306",
    "image_filename": "render_306.png",
    "image_resolution": {
        "width": 1920,
        "height": 1080
    },
    "camera_parameters": {
        "intrinsic_matrix": [
            [
                2666.666666666667,
                0,
                960.0
            ],
            [
                0,
                2250.0,
                540.0
            ],
            [
                0,
                0,
                1
            ]
        ],
        "extrinsic_matrix": [
            [
                0.26692646741867065,
                0.9637168645858765,
                1.5273685960437433e-07,
                -1.1991245401077322e-06
            ],
            [
                0.11561641097068787,
                -0.03202304244041443,
                0.9927775263786316,
                -5.823748665534367e-07
            ],
            [
                0.9567564725875854,
                -0.26499855518341064,
                -0.11996923387050629,
                -11.256315231323242
            ],
            [
                -0.0,
                0.0,
                -0.0,
                1.0
            ]
        ],
        "camera_location": [
            10.769554138183594,
            -2.9829070568084717,
            -1.3504116535186768
        ],
        "camera_rotation_euler": [
            1.1093189716339111,
            0.0,
            0.8149281740188599
        ],
        "camera_rotation_quaternion": [
            0.527952253818512,
            0.5955919027328491,
            0.4530507028102875,
            0.40159910917282104
        ],
        "focal_length": 50.0,
        "sensor_width": 36.0,
        "sensor_height": 24.0
    },
    "objects": [
        {
            "object_name": "Cube",
            "bbox_2d": {
                "x_min": 645.7978516568992,
                "y_min": 332.367810536603,
                "x_max": 1237.4509931977527,
                "y_max": 792.6888956644173,
                "width": 591.6531415408535,
                "height": 460.3210851278143,
                "center_x": 941.624422427326,
                "center_y": 562.5283531005101
            },
            "visible_vertices": 8,
            "total_vertices": 8
        }
    ],
    "metadata": {
        "total_objects": 1,
        "render_settings": {
            "resolution_percentage": 50,
            "file_format": "PNG"
        }
    }
}