{
    "frame": "478",
    "image_filename": "render_478.png",
    "image_resolution": {
        "width": 1920,
        "height": 1080
    },
    "camera_parameters": {
        "intrinsic_matrix": [
            [
                2666.666666666667,
                0,
                960.0
            ],
            [
                0,
                2250.0,
                540.0
            ],
            [
                0,
                0,
                1
            ]
        ],
        "extrinsic_matrix": [
            [
                -0.9140584468841553,
                0.4055824279785156,
                -7.82310962677002e-08,
                1.2892931167129973e-10
            ],
            [
                0.009055978618562222,
                0.020409587770700455,
                0.9997506141662598,
                4.5389867864287226e-07
            ],
            [
                0.4054813086986542,
                0.9138305187225342,
                -0.022328510880470276,
                -11.256315231323242
            ],
            [
                -0.0,
                0.0,
                0.0,
                1.0
            ]
        ],
        "camera_location": [
            4.564225673675537,
            10.286365509033203,
            -0.25133711099624634
        ],
        "camera_rotation_euler": [
            1.1093189716339111,
            0.0,
            0.8149281740188599
        ],
        "camera_rotation_quaternion": [
            0.14493326842784882,
            0.14820630848407745,
            0.6994277238845825,
            0.6839810609817505
        ],
        "focal_length": 50.0,
        "sensor_width": 36.0,
        "sensor_height": 24.0
    },
    "objects": [
        {
            "object_name": "Cube",
            "bbox_2d": {
                "x_min": 631.9036353890158,
                "y_min": 319.8071685909108,
                "x_max": 1259.6884038408373,
                "y_max": 772.5193667053013,
                "width": 627.7847684518215,
                "height": 452.7121981143905,
                "center_x": 945.7960196149265,
                "center_y": 546.1632676481061
            },
            "visible_vertices": 8,
            "total_vertices": 8
        }
    ],
    "metadata": {
        "total_objects": 1,
        "render_settings": {
            "resolution_percentage": 50,
            "file_format": "PNG"
        }
    }
}