{
    "frame": "387",
    "image_filename": "render_387.png",
    "image_resolution": {
        "width": 1920,
        "height": 1080
    },
    "camera_parameters": {
        "intrinsic_matrix": [
            [
                2666.666666666667,
                0,
                960.0
            ],
            [
                0,
                2250.0,
                540.0
            ],
            [
                0,
                0,
                1
            ]
        ],
        "extrinsic_matrix": [
            [
                0.23333531618118286,
                0.9723963141441345,
                1.601874686230076e-07,
                -4.845375087825232e-07
            ],
            [
                -0.1497497707605362,
                0.035933710634708405,
                0.9880707263946533,
                -2.0861753213807788e-08
            ],
            [
                0.9607963562011719,
                -0.23055174946784973,
                0.15400078892707825,
                -11.256315231323242
            ],
            [
                -0.0,
                0.0,
                -0.0,
                1.0
            ]
        ],
        "camera_location": [
            10.815027236938477,
            -2.595163583755493,
            1.7334809303283691
        ],
        "camera_rotation_euler": [
            1.1093189716339111,
            0.0,
            0.8149281740188599
        ],
        "camera_rotation_quaternion": [
            0.5965043902397156,
            0.5107349753379822,
            0.4026778042316437,
            0.47030091285705566
        ],
        "focal_length": 50.0,
        "sensor_width": 36.0,
        "sensor_height": 24.0
    },
    "objects": [
        {
            "object_name": "Cube",
            "bbox_2d": {
                "x_min": 650.0056307962998,
                "y_min": 281.5642039785116,
                "x_max": 1231.7320404854,
                "y_max": 754.821813396179,
                "width": 581.7264096891001,
                "height": 473.25760941766737,
                "center_x": 940.8688356408499,
                "center_y": 518.1930086873454
            },
            "visible_vertices": 8,
            "total_vertices": 8
        }
    ],
    "metadata": {
        "total_objects": 1,
        "render_settings": {
            "resolution_percentage": 50,
            "file_format": "PNG"
        }
    }
}