{
    "frame": "638",
    "image_filename": "render_638.png",
    "image_resolution": {
        "width": 1920,
        "height": 1080
    },
    "camera_parameters": {
        "intrinsic_matrix": [
            [
                2666.666666666667,
                0,
                960.0
            ],
            [
                0,
                2250.0,
                540.0
            ],
            [
                0,
                0,
                1
            ]
        ],
        "extrinsic_matrix": [
            [
                0.5822204351425171,
                -0.8130309581756592,
                -3.7252894102834944e-09,
                -4.78333447517798e-07
            ],
            [
                -0.048083335161209106,
                -0.03443290293216705,
                0.9982495307922363,
                -1.7877044911074336e-06
            ],
            [
                -0.8116078972816467,
                -0.5812012553215027,
                -0.05914073809981346,
                -11.256314277648926
            ],
            [
                -0.0,
                0.0,
                -0.0,
                1.0
            ]
        ],
        "camera_location": [
            -9.135714530944824,
            -6.542186260223389,
            -0.6657056212425232
        ],
        "camera_rotation_euler": [
            1.1093189716339111,
            0.0,
            0.8149281740188599
        ],
        "camera_rotation_quaternion": [
            0.610050618648529,
            0.6472623348236084,
            -0.33259865641593933,
            -0.31347718834877014
        ],
        "focal_length": 50.0,
        "sensor_width": 36.0,
        "sensor_height": 24.0
    },
    "objects": [
        {
            "object_name": "Cube",
            "bbox_2d": {
                "x_min": 634.4132047411294,
                "y_min": 329.84829047535163,
                "x_max": 1299.2678579022077,
                "y_max": 785.0675920271402,
                "width": 664.8546531610782,
                "height": 455.2193015517886,
                "center_x": 966.8405313216685,
                "center_y": 557.457941251246
            },
            "visible_vertices": 8,
            "total_vertices": 8
        }
    ],
    "metadata": {
        "total_objects": 1,
        "render_settings": {
            "resolution_percentage": 50,
            "file_format": "PNG"
        }
    }
}