{
    "frame": "839",
    "image_filename": "render_839.png",
    "image_resolution": {
        "width": 1920,
        "height": 1080
    },
    "camera_parameters": {
        "intrinsic_matrix": [
            [
                2666.666666666667,
                0,
                960.0
            ],
            [
                0,
                2250.0,
                540.0
            ],
            [
                0,
                0,
                1
            ]
        ],
        "extrinsic_matrix": [
            [
                -0.9995447397232056,
                0.030175209045410156,
                1.1711382796875114e-07,
                -5.993276630533728e-08
            ],
            [
                0.0026148485485464334,
                0.08661217242479324,
                0.9962387084960938,
                -1.0135482853002031e-06
            ],
            [
                0.03006169945001602,
                0.9957850575447083,
                -0.08665169030427933,
                -11.256316184997559
            ],
            [
                -0.0,
                -0.0,
                -0.0,
                1.0
            ]
        ],
        "camera_location": [
            0.33838388323783875,
            11.208870887756348,
            -0.9753771424293518
        ],
        "camera_rotation_euler": [
            1.1093189716339111,
            0.0,
            0.8149281740188599
        ],
        "camera_rotation_quaternion": [
            0.010196967981755733,
            0.011122474446892738,
            0.7370224595069885,
            0.675699770450592
        ],
        "focal_length": 50.0,
        "sensor_width": 36.0,
        "sensor_height": 24.0
    },
    "objects": [
        {
            "object_name": "Cube",
            "bbox_2d": {
                "x_min": 690.896184857115,
                "y_min": 338.81553502616066,
                "x_max": 1214.8336254702804,
                "y_max": 776.7225790203735,
                "width": 523.9374406131653,
                "height": 437.9070439942128,
                "center_x": 952.8649051636977,
                "center_y": 557.7690570232671
            },
            "visible_vertices": 8,
            "total_vertices": 8
        }
    ],
    "metadata": {
        "total_objects": 1,
        "render_settings": {
            "resolution_percentage": 50,
            "file_format": "PNG"
        }
    }
}