{
    "frame": "808",
    "image_filename": "render_808.png",
    "image_resolution": {
        "width": 1920,
        "height": 1080
    },
    "camera_parameters": {
        "intrinsic_matrix": [
            [
                2666.666666666667,
                0,
                960.0
            ],
            [
                0,
                2250.0,
                540.0
            ],
            [
                0,
                0,
                1
            ]
        ],
        "extrinsic_matrix": [
            [
                0.6373357772827148,
                -0.7705862522125244,
                -5.587935447692871e-08,
                4.790427396983432e-07
            ],
            [
                -0.07201448827981949,
                -0.05956172198057175,
                0.9956235885620117,
                3.7988190371152086e-08
            ],
            [
                -0.7672138214111328,
                -0.6345465183258057,
                -0.09345418214797974,
                -11.256317138671875
            ],
            [
                -0.0,
                0.0,
                -0.0,
                1.0
            ]
        ],
        "camera_location": [
            -8.636001586914062,
            -7.142655849456787,
            -1.0519498586654663
        ],
        "camera_rotation_euler": [
            1.1093189716339111,
            0.0,
            0.8149281740188599
        ],
        "camera_rotation_quaternion": [
            0.6091633439064026,
            0.6690201163291931,
            -0.31486374139785767,
            -0.28669312596321106
        ],
        "focal_length": 50.0,
        "sensor_width": 36.0,
        "sensor_height": 24.0
    },
    "objects": [
        {
            "object_name": "Cube",
            "bbox_2d": {
                "x_min": 627.6154274492096,
                "y_min": 338.14758431561324,
                "x_max": 1300.379965481578,
                "y_max": 794.9454003385597,
                "width": 672.7645380323684,
                "height": 456.79781602294645,
                "center_x": 963.9976964653938,
                "center_y": 566.5464923270865
            },
            "visible_vertices": 8,
            "total_vertices": 8
        }
    ],
    "metadata": {
        "total_objects": 1,
        "render_settings": {
            "resolution_percentage": 50,
            "file_format": "PNG"
        }
    }
}