{
    "frame": "243",
    "image_filename": "render_243.png",
    "image_resolution": {
        "width": 1920,
        "height": 1080
    },
    "camera_parameters": {
        "intrinsic_matrix": [
            [
                2666.666666666667,
                0,
                960.0
            ],
            [
                0,
                2250.0,
                540.0
            ],
            [
                0,
                0,
                1
            ]
        ],
        "extrinsic_matrix": [
            [
                -0.6486369967460632,
                0.7610979080200195,
                -1.4156103134155273e-07,
                1.1705960645258529e-09
            ],
            [
                -0.06645496934652328,
                -0.0566352978348732,
                0.9961808323860168,
                -1.6805350355753035e-07
            ],
            [
                0.7581911683082581,
                0.6461596488952637,
                0.08731447160243988,
                -11.256316184997559
            ],
            [
                -0.0,
                -0.0,
                -0.0,
                1.0
            ]
        ],
        "camera_location": [
            8.534439086914062,
            7.273377895355225,
            0.9828396439552307
        ],
        "camera_rotation_euler": [
            1.1093189716339111,
            0.0,
            0.8149281740188599
        ],
        "camera_rotation_quaternion": [
            0.3090478181838989,
            0.2831447720527649,
            0.6133284568786621,
            0.6694375872612
        ],
        "focal_length": 50.0,
        "sensor_width": 36.0,
        "sensor_height": 24.0
    },
    "objects": [
        {
            "object_name": "Cube",
            "bbox_2d": {
                "x_min": 626.759911914942,
                "y_min": 286.6254609200266,
                "x_max": 1299.993086123135,
                "y_max": 741.1800840933456,
                "width": 673.2331742081931,
                "height": 454.554623173319,
                "center_x": 963.3764990190385,
                "center_y": 513.9027725066861
            },
            "visible_vertices": 8,
            "total_vertices": 8
        }
    ],
    "metadata": {
        "total_objects": 1,
        "render_settings": {
            "resolution_percentage": 50,
            "file_format": "PNG"
        }
    }
}