{
    "frame": "6",
    "image_filename": "render_006.png",
    "image_resolution": {
        "width": 1920,
        "height": 1080
    },
    "camera_parameters": {
        "intrinsic_matrix": [
            [
                2666.666666666667,
                0,
                960.0
            ],
            [
                0,
                2250.0,
                540.0
            ],
            [
                0,
                0,
                1
            ]
        ],
        "extrinsic_matrix": [
            [
                0.5719388723373413,
                -0.8202961683273315,
                0.0,
                1.432138446944009e-06
            ],
            [
                -0.032216381281614304,
                -0.022462308406829834,
                0.9992283582687378,
                6.297790378084756e-07
            ],
            [
                -0.8196632862091064,
                -0.5714974999427795,
                -0.03927401080727577,
                -11.256315231323242
            ],
            [
                -0.0,
                0.0,
                -0.0,
                1.0
            ]
        ],
        "camera_location": [
            -9.226391792297363,
            -6.432957649230957,
            -0.4420818090438843
        ],
        "camera_rotation_euler": [
            1.1093189716339111,
            0.0,
            0.8149281740188599
        ],
        "camera_rotation_quaternion": [
            0.61445152759552,
            0.6390765309333801,
            -0.3334939479827881,
            -0.32064366340637207
        ],
        "focal_length": 50.0,
        "sensor_width": 36.0,
        "sensor_height": 24.0
    },
    "objects": [
        {
            "object_name": "Cube",
            "bbox_2d": {
                "x_min": 636.1828584997187,
                "y_min": 323.7104367975835,
                "x_max": 1298.4688640229995,
                "y_max": 779.4173654904614,
                "width": 662.2860055232808,
                "height": 455.7069286928779,
                "center_x": 967.325861261359,
                "center_y": 551.5639011440225
            },
            "visible_vertices": 8,
            "total_vertices": 8
        }
    ],
    "metadata": {
        "total_objects": 1,
        "render_settings": {
            "resolution_percentage": 50,
            "file_format": "PNG"
        }
    }
}