{
    "frame": "332",
    "image_filename": "render_332.png",
    "image_resolution": {
        "width": 1920,
        "height": 1080
    },
    "camera_parameters": {
        "intrinsic_matrix": [
            [
                2666.666666666667,
                0,
                960.0
            ],
            [
                0,
                2250.0,
                540.0
            ],
            [
                0,
                0,
                1
            ]
        ],
        "extrinsic_matrix": [
            [
                0.9694674015045166,
                0.24522025883197784,
                7.500054977072068e-08,
                2.3841909069233225e-07
            ],
            [
                -0.00037004545447416604,
                0.0014627662021666765,
                0.9999987483024597,
                -1.249003503289714e-06
            ],
            [
                0.24521999061107635,
                -0.9694662094116211,
                0.0015088502550497651,
                -11.256314277648926
            ],
            [
                -0.0,
                0.0,
                -0.0,
                1.0
            ]
        ],
        "camera_location": [
            2.7602734565734863,
            -10.912618637084961,
            0.01698530837893486
        ],
        "camera_rotation_euler": [
            1.1093189716339111,
            0.0,
            0.8149281740188599
        ],
        "camera_rotation_quaternion": [
            0.7022178173065186,
            0.7011590003967285,
            0.08730196207761765,
            0.0874338299036026
        ],
        "focal_length": 50.0,
        "sensor_width": 36.0,
        "sensor_height": 24.0
    },
    "objects": [
        {
            "object_name": "Cube",
            "bbox_2d": {
                "x_min": 689.5973036850355,
                "y_min": 315.5557863162369,
                "x_max": 1267.5967851019536,
                "y_max": 763.6896362312341,
                "width": 577.9994814169181,
                "height": 448.1338499149972,
                "center_x": 978.5970443934946,
                "center_y": 539.6227112737355
            },
            "visible_vertices": 8,
            "total_vertices": 8
        }
    ],
    "metadata": {
        "total_objects": 1,
        "render_settings": {
            "resolution_percentage": 50,
            "file_format": "PNG"
        }
    }
}