{
    "frame": "913",
    "image_filename": "render_913.png",
    "image_resolution": {
        "width": 1920,
        "height": 1080
    },
    "camera_parameters": {
        "intrinsic_matrix": [
            [
                2666.666666666667,
                0,
                960.0
            ],
            [
                0,
                2250.0,
                540.0
            ],
            [
                0,
                0,
                1
            ]
        ],
        "extrinsic_matrix": [
            [
                -0.9967799186706543,
                0.08018344640731812,
                -9.313222193441106e-08,
                -5.940533043258256e-08
            ],
            [
                -0.0053140269592404366,
                -0.06605874747037888,
                0.9978014230728149,
                3.588658898934227e-07
            ],
            [
                0.0800071656703949,
                0.9945886731147766,
                0.06627227365970612,
                -11.256315231323242
            ],
            [
                -0.0,
                -0.0,
                -0.0,
                1.0
            ]
        ],
        "camera_location": [
            0.9005861282348633,
            11.195405960083008,
            0.745979905128479
        ],
        "camera_rotation_euler": [
            1.1093189716339111,
            0.0,
            0.8149281740188599
        ],
        "camera_rotation_quaternion": [
            0.029297076165676117,
            0.027415698394179344,
            0.6827241778373718,
            0.7295737266540527
        ],
        "focal_length": 50.0,
        "sensor_width": 36.0,
        "sensor_height": 24.0
    },
    "objects": [
        {
            "object_name": "Cube",
            "bbox_2d": {
                "x_min": 680.5087173212214,
                "y_min": 305.257312672358,
                "x_max": 1201.636155622588,
                "y_max": 746.0675436028629,
                "width": 521.1274383013665,
                "height": 440.8102309305049,
                "center_x": 941.0724364719047,
                "center_y": 525.6624281376105
            },
            "visible_vertices": 8,
            "total_vertices": 8
        }
    ],
    "metadata": {
        "total_objects": 1,
        "render_settings": {
            "resolution_percentage": 50,
            "file_format": "PNG"
        }
    }
}