{
    "frame": "377",
    "image_filename": "render_377.png",
    "image_resolution": {
        "width": 1920,
        "height": 1080
    },
    "camera_parameters": {
        "intrinsic_matrix": [
            [
                2666.666666666667,
                0,
                960.0
            ],
            [
                0,
                2250.0,
                540.0
            ],
            [
                0,
                0,
                1
            ]
        ],
        "extrinsic_matrix": [
            [
                -0.34169435501098633,
                -0.9398112297058105,
                1.91852478792498e-07,
                7.181615160334331e-07
            ],
            [
                -0.06745998561382294,
                0.024527089670300484,
                0.9974204897880554,
                3.564691439805756e-07
            ],
            [
                -0.9373869895935059,
                0.3408128619194031,
                -0.0717804804444313,
                -11.256316184997559
            ],
            [
                0.0,
                0.0,
                -0.0,
                1.0
            ]
        ],
        "camera_location": [
            -10.551522254943848,
            3.8362982273101807,
            -0.8079832792282104
        ],
        "camera_rotation_euler": [
            1.1093189716339111,
            0.0,
            0.8149281740188599
        ],
        "camera_rotation_quaternion": [
            0.390849232673645,
            0.41998785734176636,
            -0.599583625793457,
            -0.5579845309257507
        ],
        "focal_length": 50.0,
        "sensor_width": 36.0,
        "sensor_height": 24.0
    },
    "objects": [
        {
            "object_name": "Cube",
            "bbox_2d": {
                "x_min": 637.2419700142127,
                "y_min": 334.3513709830984,
                "x_max": 1250.070036651481,
                "y_max": 783.8997906734633,
                "width": 612.8280666372682,
                "height": 449.5484196903649,
                "center_x": 943.6560033328468,
                "center_y": 559.1255808282808
            },
            "visible_vertices": 8,
            "total_vertices": 8
        }
    ],
    "metadata": {
        "total_objects": 1,
        "render_settings": {
            "resolution_percentage": 50,
            "file_format": "PNG"
        }
    }
}