{
    "frame": "323",
    "image_filename": "render_323.png",
    "image_resolution": {
        "width": 1920,
        "height": 1080
    },
    "camera_parameters": {
        "intrinsic_matrix": [
            [
                2666.666666666667,
                0,
                960.0
            ],
            [
                0,
                2250.0,
                540.0
            ],
            [
                0,
                0,
                1
            ]
        ],
        "extrinsic_matrix": [
            [
                0.977798581123352,
                -0.2095470428466797,
                2.2351741790771484e-08,
                2.3652319214306772e-07
            ],
            [
                0.02296409197151661,
                0.10715621709823608,
                0.9939769506454468,
                1.5840096239116974e-06
            ],
            [
                -0.20828492939472198,
                -0.97190922498703,
                0.10958925634622574,
                -11.256316184997559
            ],
            [
                -0.0,
                0.0,
                -0.0,
                1.0
            ]
        ],
        "camera_location": [
            -2.3445212841033936,
            -10.940117835998535,
            1.2335697412490845
        ],
        "camera_rotation_euler": [
            1.1093189716339111,
            0.0,
            0.8149281740188599
        ],
        "camera_rotation_quaternion": [
            0.7406997084617615,
            0.6635234355926514,
            -0.07030007988214493,
            -0.07847686856985092
        ],
        "focal_length": 50.0,
        "sensor_width": 36.0,
        "sensor_height": 24.0
    },
    "objects": [
        {
            "object_name": "Cube",
            "bbox_2d": {
                "x_min": 655.0568812790823,
                "y_min": 291.6898624613922,
                "x_max": 1225.8405629486047,
                "y_max": 745.1787646895174,
                "width": 570.7836816695224,
                "height": 453.4889022281252,
                "center_x": 940.4487221138435,
                "center_y": 518.4343135754548
            },
            "visible_vertices": 8,
            "total_vertices": 8
        }
    ],
    "metadata": {
        "total_objects": 1,
        "render_settings": {
            "resolution_percentage": 50,
            "file_format": "PNG"
        }
    }
}