{
    "frame": "877",
    "image_filename": "render_877.png",
    "image_resolution": {
        "width": 1920,
        "height": 1080
    },
    "camera_parameters": {
        "intrinsic_matrix": [
            [
                2666.666666666667,
                0,
                960.0
            ],
            [
                0,
                2250.0,
                540.0
            ],
            [
                0,
                0,
                1
            ]
        ],
        "extrinsic_matrix": [
            [
                0.4436337649822235,
                0.8962080478668213,
                1.415610029198433e-07,
                4.792668164554925e-07
            ],
            [
                -0.1200493723154068,
                0.05942583084106445,
                0.9909876585006714,
                -7.732310791652708e-07
            ],
            [
                0.8881312012672424,
                -0.4396355450153351,
                0.13395260274410248,
                -11.256315231323242
            ],
            [
                -0.0,
                0.0,
                -0.0,
                1.0
            ]
        ],
        "camera_location": [
            9.997086524963379,
            -4.948678493499756,
            1.5078129768371582
        ],
        "camera_rotation_euler": [
            1.1093189716339111,
            0.0,
            0.8149281740188599
        ],
        "camera_rotation_quaternion": [
            0.6397289633750916,
            0.5590741038322449,
            0.3470732867717743,
            0.3971438705921173
        ],
        "focal_length": 50.0,
        "sensor_width": 36.0,
        "sensor_height": 24.0
    },
    "objects": [
        {
            "object_name": "Cube",
            "bbox_2d": {
                "x_min": 625.2653537533323,
                "y_min": 278.2814376990809,
                "x_max": 1268.7852249520945,
                "y_max": 751.527100499452,
                "width": 643.5198711987622,
                "height": 473.24566280037106,
                "center_x": 947.0252893527133,
                "center_y": 514.9042690992665
            },
            "visible_vertices": 8,
            "total_vertices": 8
        }
    ],
    "metadata": {
        "total_objects": 1,
        "render_settings": {
            "resolution_percentage": 50,
            "file_format": "PNG"
        }
    }
}