{
    "frame": "508",
    "image_filename": "render_508.png",
    "image_resolution": {
        "width": 1920,
        "height": 1080
    },
    "camera_parameters": {
        "intrinsic_matrix": [
            [
                2666.666666666667,
                0,
                960.0
            ],
            [
                0,
                2250.0,
                540.0
            ],
            [
                0,
                0,
                1
            ]
        ],
        "extrinsic_matrix": [
            [
                0.402527779340744,
                0.9154078364372253,
                -1.6763807764164085e-07,
                -1.4414612223845324e-06
            ],
            [
                0.08161462843418121,
                -0.035887837409973145,
                0.9960176944732666,
                5.378890932661307e-07
            ],
            [
                0.9117623567581177,
                -0.40092477202415466,
                -0.08915653079748154,
                -11.256316184997559
            ],
            [
                -0.0,
                0.0,
                -0.0,
                1.0
            ]
        ],
        "camera_location": [
            10.26308536529541,
            -4.51293420791626,
            -1.0035744905471802
        ],
        "camera_rotation_euler": [
            1.1093189716339111,
            0.0,
            0.8149281740188599
        ],
        "camera_rotation_quaternion": [
            0.5651291012763977,
            0.6179749965667725,
            0.4033426344394684,
            0.36885079741477966
        ],
        "focal_length": 50.0,
        "sensor_width": 36.0,
        "sensor_height": 24.0
    },
    "objects": [
        {
            "object_name": "Cube",
            "bbox_2d": {
                "x_min": 630.1965688571515,
                "y_min": 339.24279011846795,
                "x_max": 1260.9504297224582,
                "y_max": 789.7234381573702,
                "width": 630.7538608653067,
                "height": 450.48064803890225,
                "center_x": 945.5734992898049,
                "center_y": 564.4831141379191
            },
            "visible_vertices": 8,
            "total_vertices": 8
        }
    ],
    "metadata": {
        "total_objects": 1,
        "render_settings": {
            "resolution_percentage": 50,
            "file_format": "PNG"
        }
    }
}