{
    "frame": "325",
    "image_filename": "render_325.png",
    "image_resolution": {
        "width": 1920,
        "height": 1080
    },
    "camera_parameters": {
        "intrinsic_matrix": [
            [
                2666.666666666667,
                0,
                960.0
            ],
            [
                0,
                2250.0,
                540.0
            ],
            [
                0,
                0,
                1
            ]
        ],
        "extrinsic_matrix": [
            [
                0.6491056680679321,
                0.7606982588768005,
                1.4901161193847656e-08,
                -9.49082902934606e-07
            ],
            [
                0.12479610741138458,
                -0.10648881644010544,
                0.986451268196106,
                -4.268057409717585e-07
            ],
            [
                0.7503918409347534,
                -0.640311062335968,
                -0.16405467689037323,
                -11.256317138671875
            ],
            [
                -0.0,
                0.0,
                -0.0,
                1.0
            ]
        ],
        "camera_location": [
            8.446647644042969,
            -7.20754337310791,
            -1.8466508388519287
        ],
        "camera_rotation_euler": [
            1.1093189716339111,
            0.0,
            0.8149281740188599
        ],
        "camera_rotation_quaternion": [
            0.5870609879493713,
            0.6927570700645447,
            0.31955450773239136,
            0.27079910039901733
        ],
        "focal_length": 50.0,
        "sensor_width": 36.0,
        "sensor_height": 24.0
    },
    "objects": [
        {
            "object_name": "Cube",
            "bbox_2d": {
                "x_min": 617.6750785221134,
                "y_min": 320.5082966189734,
                "x_max": 1295.5976374709262,
                "y_max": 813.1800549973518,
                "width": 677.9225589488128,
                "height": 492.6717583783784,
                "center_x": 956.6363579965198,
                "center_y": 566.8441758081626
            },
            "visible_vertices": 8,
            "total_vertices": 8
        }
    ],
    "metadata": {
        "total_objects": 1,
        "render_settings": {
            "resolution_percentage": 50,
            "file_format": "PNG"
        }
    }
}