{
    "frame": "683",
    "image_filename": "render_683.png",
    "image_resolution": {
        "width": 1920,
        "height": 1080
    },
    "camera_parameters": {
        "intrinsic_matrix": [
            [
                2666.666666666667,
                0,
                960.0
            ],
            [
                0,
                2250.0,
                540.0
            ],
            [
                0,
                0,
                1
            ]
        ],
        "extrinsic_matrix": [
            [
                -0.9346944093704224,
                0.3554519712924957,
                -6.332992086299782e-08,
                2.4222586603173113e-07
            ],
            [
                -0.0466265045106411,
                -0.12260855734348297,
                0.9913591742515564,
                -6.206810212461278e-07
            ],
            [
                0.35238057374954224,
                0.9266180396080017,
                0.1311751902103424,
                -11.256317138671875
            ],
            [
                -0.0,
                -0.0,
                -0.0,
                1.0
            ]
        ],
        "camera_location": [
            3.966507911682129,
            10.430305480957031,
            1.4765483140945435
        ],
        "camera_rotation_euler": [
            1.1093189716339111,
            0.0,
            0.8149281740188599
        ],
        "camera_rotation_quaternion": [
            0.1358969807624817,
            0.11909973621368408,
            0.6482497453689575,
            0.7396753430366516
        ],
        "focal_length": 50.0,
        "sensor_width": 36.0,
        "sensor_height": 24.0
    },
    "objects": [
        {
            "object_name": "Cube",
            "bbox_2d": {
                "x_min": 633.9245456688743,
                "y_min": 281.6688977023874,
                "x_max": 1254.0660321108048,
                "y_max": 750.5212909185769,
                "width": 620.1414864419305,
                "height": 468.8523932161895,
                "center_x": 943.9952888898396,
                "center_y": 516.0950943104822
            },
            "visible_vertices": 8,
            "total_vertices": 8
        }
    ],
    "metadata": {
        "total_objects": 1,
        "render_settings": {
            "resolution_percentage": 50,
            "file_format": "PNG"
        }
    }
}