{
    "frame": "426",
    "image_filename": "render_426.png",
    "image_resolution": {
        "width": 1920,
        "height": 1080
    },
    "camera_parameters": {
        "intrinsic_matrix": [
            [
                2666.666666666667,
                0,
                960.0
            ],
            [
                0,
                2250.0,
                540.0
            ],
            [
                0,
                0,
                1
            ]
        ],
        "extrinsic_matrix": [
            [
                0.3047982156276703,
                0.9524167776107788,
                1.4528625058574107e-07,
                2.429905237022467e-07
            ],
            [
                -0.10146258771419525,
                0.032470688223838806,
                0.99430912733078,
                -8.58344208154449e-07
            ],
            [
                0.9469968676567078,
                -0.3030635416507721,
                0.10653182119131088,
                -11.25631332397461
            ],
            [
                -0.0,
                0.0,
                -0.0,
                1.0
            ]
        ],
        "camera_location": [
            10.659697532653809,
            -3.411381721496582,
            1.1991554498672485
        ],
        "camera_rotation_euler": [
            1.1093189716339111,
            0.0,
            0.8149281740188599
        ],
        "camera_rotation_quaternion": [
            0.6007913947105408,
            0.5398601293563843,
            0.3940623998641968,
            0.43853819370269775
        ],
        "focal_length": 50.0,
        "sensor_width": 36.0,
        "sensor_height": 24.0
    },
    "objects": [
        {
            "object_name": "Cube",
            "bbox_2d": {
                "x_min": 640.8849347051337,
                "y_min": 288.97643210506044,
                "x_max": 1244.2677017984292,
                "y_max": 744.7238512442955,
                "width": 603.3827670932956,
                "height": 455.74741913923503,
                "center_x": 942.5763182517815,
                "center_y": 516.850141674678
            },
            "visible_vertices": 8,
            "total_vertices": 8
        }
    ],
    "metadata": {
        "total_objects": 1,
        "render_settings": {
            "resolution_percentage": 50,
            "file_format": "PNG"
        }
    }
}