{
    "frame": "960",
    "image_filename": "render_960.png",
    "image_resolution": {
        "width": 1920,
        "height": 1080
    },
    "camera_parameters": {
        "intrinsic_matrix": [
            [
                2666.666666666667,
                0,
                960.0
            ],
            [
                0,
                2250.0,
                540.0
            ],
            [
                0,
                0,
                1
            ]
        ],
        "extrinsic_matrix": [
            [
                -0.8931233286857605,
                -0.4498113989830017,
                -3.352759847530251e-08,
                -4.866466838393535e-07
            ],
            [
                -0.05915878713130951,
                0.11746282875537872,
                0.9913135170936584,
                -1.869011185817726e-07
            ],
            [
                -0.4459041357040405,
                0.8853654265403748,
                -0.1315189003944397,
                -11.25631332397461
            ],
            [
                0.0,
                0.0,
                -0.0,
                1.0
            ]
        ],
        "camera_location": [
            -5.01923942565918,
            9.965953826904297,
            -1.480420708656311
        ],
        "camera_rotation_euler": [
            1.1093189716339111,
            0.0,
            0.8149281740188599
        ],
        "camera_rotation_quaternion": [
            0.15233203768730164,
            0.17387694120407104,
            -0.7317966818809509,
            -0.6411204934120178
        ],
        "focal_length": 50.0,
        "sensor_width": 36.0,
        "sensor_height": 24.0
    },
    "objects": [
        {
            "object_name": "Cube",
            "bbox_2d": {
                "x_min": 650.3252495745849,
                "y_min": 329.0301030615269,
                "x_max": 1295.1472959155988,
                "y_max": 801.3073336639776,
                "width": 644.8220463410139,
                "height": 472.2772306024507,
                "center_x": 972.7362727450918,
                "center_y": 565.1687183627523
            },
            "visible_vertices": 8,
            "total_vertices": 8
        }
    ],
    "metadata": {
        "total_objects": 1,
        "render_settings": {
            "resolution_percentage": 50,
            "file_format": "PNG"
        }
    }
}