{
    "frame": "587",
    "image_filename": "render_587.png",
    "image_resolution": {
        "width": 1920,
        "height": 1080
    },
    "camera_parameters": {
        "intrinsic_matrix": [
            [
                2666.666666666667,
                0,
                960.0
            ],
            [
                0,
                2250.0,
                540.0
            ],
            [
                0,
                0,
                1
            ]
        ],
        "extrinsic_matrix": [
            [
                -0.6189495921134949,
                -0.7854304313659668,
                9.313222193441106e-09,
                4.79221682780917e-07
            ],
            [
                -0.04512667655944824,
                0.03556167334318161,
                0.99834805727005,
                -1.1818290204246296e-06
            ],
            [
                -0.7841329574584961,
                0.6179272532463074,
                -0.05745462328195572,
                -11.256314277648926
            ],
            [
                0.0,
                0.0,
                -0.0,
                1.0
            ]
        ],
        "camera_location": [
            -8.82645034790039,
            6.955585479736328,
            -0.6467278003692627
        ],
        "camera_rotation_euler": [
            1.1093189716339111,
            0.0,
            0.8149281740188599
        ],
        "camera_rotation_quaternion": [
            0.299648642539978,
            0.3173891007900238,
            -0.65421062707901,
            -0.617643415927887
        ],
        "focal_length": 50.0,
        "sensor_width": 36.0,
        "sensor_height": 24.0
    },
    "objects": [
        {
            "object_name": "Cube",
            "bbox_2d": {
                "x_min": 620.5517970981621,
                "y_min": 329.2437246104696,
                "x_max": 1289.5196370604176,
                "y_max": 784.9455917245732,
                "width": 668.9678399622555,
                "height": 455.7018671141036,
                "center_x": 955.0357170792898,
                "center_y": 557.0946581675214
            },
            "visible_vertices": 8,
            "total_vertices": 8
        }
    ],
    "metadata": {
        "total_objects": 1,
        "render_settings": {
            "resolution_percentage": 50,
            "file_format": "PNG"
        }
    }
}