{
    "frame": "313",
    "image_filename": "render_313.png",
    "image_resolution": {
        "width": 1920,
        "height": 1080
    },
    "camera_parameters": {
        "intrinsic_matrix": [
            [
                2666.666666666667,
                0,
                960.0
            ],
            [
                0,
                2250.0,
                540.0
            ],
            [
                0,
                0,
                1
            ]
        ],
        "extrinsic_matrix": [
            [
                0.39653781056404114,
                0.9180184006690979,
                -8.009374852235851e-08,
                8.431034191104525e-13
            ],
            [
                0.020212404429912567,
                -0.008730669505894184,
                0.9997575879096985,
                3.57084218194359e-07
            ],
            [
                0.9177958965301514,
                -0.3964417278766632,
                -0.022017408162355423,
                -11.256317138671875
            ],
            [
                -0.0,
                0.0,
                -0.0,
                1.0
            ]
        ],
        "camera_location": [
            10.331000328063965,
            -4.462472915649414,
            -0.24783514440059662
        ],
        "camera_rotation_euler": [
            1.1093189716339111,
            0.0,
            0.8149281740188599
        ],
        "camera_rotation_quaternion": [
            0.5843350887298584,
            0.5973454117774963,
            0.39266687631607056,
            0.38411444425582886
        ],
        "focal_length": 50.0,
        "sensor_width": 36.0,
        "sensor_height": 24.0
    },
    "objects": [
        {
            "object_name": "Cube",
            "bbox_2d": {
                "x_min": 632.7806403878644,
                "y_min": 319.8066317851892,
                "x_max": 1258.1954803734798,
                "y_max": 772.2917365556823,
                "width": 625.4148399856153,
                "height": 452.4851047704931,
                "center_x": 945.4880603806721,
                "center_y": 546.0491841704358
            },
            "visible_vertices": 8,
            "total_vertices": 8
        }
    ],
    "metadata": {
        "total_objects": 1,
        "render_settings": {
            "resolution_percentage": 50,
            "file_format": "PNG"
        }
    }
}