{
    "frame": "115",
    "image_filename": "render_115.png",
    "image_resolution": {
        "width": 1920,
        "height": 1080
    },
    "camera_parameters": {
        "intrinsic_matrix": [
            [
                2666.666666666667,
                0,
                960.0
            ],
            [
                0,
                2250.0,
                540.0
            ],
            [
                0,
                0,
                1
            ]
        ],
        "extrinsic_matrix": [
            [
                -0.9706987738609314,
                0.2403002828359604,
                -9.685758328714655e-08,
                -9.35083468989184e-11
            ],
            [
                0.03968226537108421,
                0.16029773652553558,
                0.9862707853317261,
                2.457556433910213e-07
            ],
            [
                0.23700115084648132,
                0.9573716521263123,
                -0.16513663530349731,
                -11.256316184997559
            ],
            [
                -0.0,
                0.0,
                0.0,
                1.0
            ]
        ],
        "camera_location": [
            2.667759418487549,
            10.776477813720703,
            -1.8588283061981201
        ],
        "camera_rotation_euler": [
            1.1093189716339111,
            0.0,
            0.8149281740188599
        ],
        "camera_rotation_quaternion": [
            0.0782027468085289,
            0.0923852026462555,
            0.7576498985290527,
            0.6413393020629883
        ],
        "focal_length": 50.0,
        "sensor_width": 36.0,
        "sensor_height": 24.0
    },
    "objects": [
        {
            "object_name": "Cube",
            "bbox_2d": {
                "x_min": 648.6133819776596,
                "y_min": 322.747753512853,
                "x_max": 1233.4044778431564,
                "y_max": 800.9801389582176,
                "width": 584.7910958654968,
                "height": 478.23238544536457,
                "center_x": 941.008929910408,
                "center_y": 561.8639462355353
            },
            "visible_vertices": 8,
            "total_vertices": 8
        }
    ],
    "metadata": {
        "total_objects": 1,
        "render_settings": {
            "resolution_percentage": 50,
            "file_format": "PNG"
        }
    }
}