{
    "frame": "805",
    "image_filename": "render_805.png",
    "image_resolution": {
        "width": 1920,
        "height": 1080
    },
    "camera_parameters": {
        "intrinsic_matrix": [
            [
                2666.666666666667,
                0,
                960.0
            ],
            [
                0,
                2250.0,
                540.0
            ],
            [
                0,
                0,
                1
            ]
        ],
        "extrinsic_matrix": [
            [
                0.5774202346801758,
                -0.8164470195770264,
                -1.0058281674218961e-07,
                9.598843462299556e-07
            ],
            [
                -0.09787710011005402,
                -0.06922218948602676,
                0.9927880764007568,
                -3.6081797816223116e-07
            ],
            [
                -0.8105589747428894,
                -0.5732558965682983,
                -0.11988173425197601,
                -11.256314277648926
            ],
            [
                -0.0,
                0.0,
                -0.0,
                1.0
            ]
        ],
        "camera_location": [
            -9.123908996582031,
            -6.452750205993652,
            -1.3494267463684082
        ],
        "camera_rotation_euler": [
            1.1093189716339111,
            0.0,
            0.8149281740188599
        ],
        "camera_rotation_quaternion": [
            0.5891342163085938,
            0.6645532846450806,
            -0.3439619541168213,
            -0.3049263060092926
        ],
        "focal_length": 50.0,
        "sensor_width": 36.0,
        "sensor_height": 24.0
    },
    "objects": [
        {
            "object_name": "Cube",
            "bbox_2d": {
                "x_min": 633.196002378847,
                "y_min": 331.5578530480908,
                "x_max": 1301.0342411579313,
                "y_max": 801.1735507723923,
                "width": 667.8382387790843,
                "height": 469.6156977243015,
                "center_x": 967.1151217683891,
                "center_y": 566.3657019102416
            },
            "visible_vertices": 8,
            "total_vertices": 8
        }
    ],
    "metadata": {
        "total_objects": 1,
        "render_settings": {
            "resolution_percentage": 50,
            "file_format": "PNG"
        }
    }
}