{
    "frame": "149",
    "image_filename": "render_149.png",
    "image_resolution": {
        "width": 1920,
        "height": 1080
    },
    "camera_parameters": {
        "intrinsic_matrix": [
            [
                2666.666666666667,
                0,
                960.0
            ],
            [
                0,
                2250.0,
                540.0
            ],
            [
                0,
                0,
                1
            ]
        ],
        "extrinsic_matrix": [
            [
                0.9536670446395874,
                -0.3008641004562378,
                -1.4901159417490817e-08,
                2.371254623767527e-07
            ],
            [
                0.03129267692565918,
                0.09919029474258423,
                0.9945762157440186,
                -5.342200270037022e-16
            ],
            [
                -0.2992323040962219,
                -0.9484946131706238,
                0.10400936007499695,
                -11.256317138671875
            ],
            [
                -0.0,
                0.0,
                -0.0,
                1.0
            ]
        ],
        "camera_location": [
            -3.368253469467163,
            -10.676555633544922,
            1.170762300491333
        ],
        "camera_rotation_euler": [
            1.1093189716339111,
            0.0,
            0.8149281740188599
        ],
        "camera_rotation_quaternion": [
            0.7343137860298157,
            0.6615261435508728,
            -0.10187481343746185,
            -0.1130840852856636
        ],
        "focal_length": 50.0,
        "sensor_width": 36.0,
        "sensor_height": 24.0
    },
    "objects": [
        {
            "object_name": "Cube",
            "bbox_2d": {
                "x_min": 641.4812279146529,
                "y_min": 289.6802540619997,
                "x_max": 1243.47209468974,
                "y_max": 744.1432187140522,
                "width": 601.9908667750872,
                "height": 454.4629646520525,
                "center_x": 942.4766613021965,
                "center_y": 516.9117363880259
            },
            "visible_vertices": 8,
            "total_vertices": 8
        }
    ],
    "metadata": {
        "total_objects": 1,
        "render_settings": {
            "resolution_percentage": 50,
            "file_format": "PNG"
        }
    }
}