{
    "frame": "598",
    "image_filename": "render_598.png",
    "image_resolution": {
        "width": 1920,
        "height": 1080
    },
    "camera_parameters": {
        "intrinsic_matrix": [
            [
                2666.666666666667,
                0,
                960.0
            ],
            [
                0,
                2250.0,
                540.0
            ],
            [
                0,
                0,
                1
            ]
        ],
        "extrinsic_matrix": [
            [
                0.5450302362442017,
                -0.8384164571762085,
                -1.30385160446167e-07,
                -1.917274403240299e-06
            ],
            [
                -0.08588135987520218,
                -0.05582910403609276,
                0.9947398900985718,
                -1.1219516409255448e-06
            ],
            [
                -0.8340063691139221,
                -0.5421632528305054,
                -0.10243287682533264,
                -11.256317138671875
            ],
            [
                -0.0,
                0.0,
                -0.0,
                1.0
            ]
        ],
        "camera_location": [
            -9.387837409973145,
            -6.102762222290039,
            -1.1530157327651978
        ],
        "camera_rotation_euler": [
            1.1093189716339111,
            0.0,
            0.8149281740188599
        ],
        "camera_rotation_quaternion": [
            0.588805615901947,
            0.6525511741638184,
            -0.3541093170642853,
            -0.3195176422595978
        ],
        "focal_length": 50.0,
        "sensor_width": 36.0,
        "sensor_height": 24.0
    },
    "objects": [
        {
            "object_name": "Cube",
            "bbox_2d": {
                "x_min": 637.6800371169176,
                "y_min": 335.9293856689475,
                "x_max": 1299.6411217784716,
                "y_max": 796.1472778250459,
                "width": 661.9610846615541,
                "height": 460.2178921560984,
                "center_x": 968.6605794476945,
                "center_y": 566.0383317469966
            },
            "visible_vertices": 8,
            "total_vertices": 8
        }
    ],
    "metadata": {
        "total_objects": 1,
        "render_settings": {
            "resolution_percentage": 50,
            "file_format": "PNG"
        }
    }
}