{
    "frame": "179",
    "image_filename": "render_179.png",
    "image_resolution": {
        "width": 1920,
        "height": 1080
    },
    "camera_parameters": {
        "intrinsic_matrix": [
            [
                2666.666666666667,
                0,
                960.0
            ],
            [
                0,
                2250.0,
                540.0
            ],
            [
                0,
                0,
                1
            ]
        ],
        "extrinsic_matrix": [
            [
                -0.03565419465303421,
                0.9993641972541809,
                -1.7741696467510337e-07,
                -5.375370619731257e-07
            ],
            [
                0.06430613994598389,
                0.0022943862713873386,
                0.9979275465011597,
                1.7770399551864102e-07
            ],
            [
                0.9972930550575256,
                0.03558025881648064,
                -0.06434709578752518,
                -11.256316184997559
            ],
            [
                -0.0,
                0.0,
                0.0,
                1.0
            ]
        ],
        "camera_location": [
            11.225846290588379,
            0.400503545999527,
            -0.7243110537528992
        ],
        "camera_rotation_euler": [
            1.1093189716339111,
            0.0,
            0.8149281740188599
        ],
        "camera_rotation_quaternion": [
            0.4749455451965332,
            0.5065566301345825,
            0.5249513387680054,
            0.49219220876693726
        ],
        "focal_length": 50.0,
        "sensor_width": 36.0,
        "sensor_height": 24.0
    },
    "objects": [
        {
            "object_name": "Cube",
            "bbox_2d": {
                "x_min": 707.0353202565688,
                "y_min": 333.7330745291471,
                "x_max": 1229.7928689257649,
                "y_max": 772.8185587896395,
                "width": 522.7575486691961,
                "height": 439.0854842604924,
                "center_x": 968.4140945911668,
                "center_y": 553.2758166593933
            },
            "visible_vertices": 8,
            "total_vertices": 8
        }
    ],
    "metadata": {
        "total_objects": 1,
        "render_settings": {
            "resolution_percentage": 50,
            "file_format": "PNG"
        }
    }
}