{
    "frame": "57",
    "image_filename": "render_057.png",
    "image_resolution": {
        "width": 1920,
        "height": 1080
    },
    "camera_parameters": {
        "intrinsic_matrix": [
            [
                2666.666666666667,
                0,
                960.0
            ],
            [
                0,
                2250.0,
                540.0
            ],
            [
                0,
                0,
                1
            ]
        ],
        "extrinsic_matrix": [
            [
                -0.9546946287155151,
                -0.2975875735282898,
                -5.5879368687783426e-08,
                -2.390613644820405e-07
            ],
            [
                -0.03940880671143532,
                0.12642768025398254,
                0.9911928176879883,
                8.676097422721796e-07
            ],
            [
                -0.29496660828590393,
                0.9462863206863403,
                -0.13242749869823456,
                -11.256318092346191
            ],
            [
                -0.0,
                0.0,
                -0.0,
                1.0
            ]
        ],
        "camera_location": [
            -3.320237398147583,
            10.651697158813477,
            -1.4906452894210815
        ],
        "camera_rotation_euler": [
            1.1093189716339111,
            0.0,
            0.8149281740188599
        ],
        "camera_rotation_quaternion": [
            0.09912839531898499,
            0.11325322091579437,
            -0.7439001202583313,
            -0.651121973991394
        ],
        "focal_length": 50.0,
        "sensor_width": 36.0,
        "sensor_height": 24.0
    },
    "objects": [
        {
            "object_name": "Cube",
            "bbox_2d": {
                "x_min": 676.4026271105015,
                "y_min": 329.4635089037747,
                "x_max": 1278.872974743881,
                "y_max": 796.5479136062055,
                "width": 602.4703476333796,
                "height": 467.0844047024308,
                "center_x": 977.6378009271913,
                "center_y": 563.00571125499
            },
            "visible_vertices": 8,
            "total_vertices": 8
        }
    ],
    "metadata": {
        "total_objects": 1,
        "render_settings": {
            "resolution_percentage": 50,
            "file_format": "PNG"
        }
    }
}