{
    "frame": "827",
    "image_filename": "render_827.png",
    "image_resolution": {
        "width": 1920,
        "height": 1080
    },
    "camera_parameters": {
        "intrinsic_matrix": [
            [
                2666.666666666667,
                0,
                960.0
            ],
            [
                0,
                2250.0,
                540.0
            ],
            [
                0,
                0,
                1
            ]
        ],
        "extrinsic_matrix": [
            [
                -0.14913208782672882,
                0.9888172149658203,
                1.7252746431495325e-07,
                1.4306257298812852e-06
            ],
            [
                0.012073843739926815,
                0.001820879289880395,
                0.999925434589386,
                -1.0069355766972876e-06
            ],
            [
                0.9887435436248779,
                0.14912106096744537,
                -0.012210271321237087,
                -11.256315231323242
            ],
            [
                -0.0,
                -0.0,
                -0.0,
                1.0
            ]
        ],
        "camera_location": [
            11.129610061645508,
            1.6785513162612915,
            -0.13744285702705383
        ],
        "camera_rotation_euler": [
            1.1093189716339111,
            0.0,
            0.8149281740188599
        ],
        "camera_rotation_quaternion": [
            0.458388090133667,
            0.464019775390625,
            0.5392502546310425,
            0.5327056050300598
        ],
        "focal_length": 50.0,
        "sensor_width": 36.0,
        "sensor_height": 24.0
    },
    "objects": [
        {
            "object_name": "Cube",
            "bbox_2d": {
                "x_min": 708.8742867044962,
                "y_min": 320.4751034852636,
                "x_max": 1251.6558316974324,
                "y_max": 765.1672392496946,
                "width": 542.7815449929362,
                "height": 444.692135764431,
                "center_x": 980.2650592009643,
                "center_y": 542.8211713674791
            },
            "visible_vertices": 8,
            "total_vertices": 8
        }
    ],
    "metadata": {
        "total_objects": 1,
        "render_settings": {
            "resolution_percentage": 50,
            "file_format": "PNG"
        }
    }
}