{
    "frame": "523",
    "image_filename": "render_523.png",
    "image_resolution": {
        "width": 1920,
        "height": 1080
    },
    "camera_parameters": {
        "intrinsic_matrix": [
            [
                2666.666666666667,
                0,
                960.0
            ],
            [
                0,
                2250.0,
                540.0
            ],
            [
                0,
                0,
                1
            ]
        ],
        "extrinsic_matrix": [
            [
                -0.9994498491287231,
                0.03316401690244675,
                -3.934837522479029e-08,
                -3.003689741376547e-08
            ],
            [
                -0.0025434361305087805,
                -0.0766492635011673,
                0.9970548152923584,
                -7.157888148867642e-07
            ],
            [
                0.033066339790821075,
                0.9965063333511353,
                0.07669147104024887,
                -11.256316184997559
            ],
            [
                -0.0,
                -0.0,
                -0.0,
                1.0
            ]
        ],
        "camera_location": [
            0.3722051680088043,
            11.216991424560547,
            0.8632640242576599
        ],
        "camera_rotation_euler": [
            1.1093189716339111,
            0.0,
            0.8149281740188599
        ],
        "camera_rotation_quaternion": [
            0.012168247252702713,
            0.01126820594072342,
            0.6793580055236816,
            0.7336195707321167
        ],
        "focal_length": 50.0,
        "sensor_width": 36.0,
        "sensor_height": 24.0
    },
    "objects": [
        {
            "object_name": "Cube",
            "bbox_2d": {
                "x_min": 690.463300974088,
                "y_min": 304.9756055316882,
                "x_max": 1213.8669102798767,
                "y_max": 743.4657694571347,
                "width": 523.4036093057887,
                "height": 438.4901639254465,
                "center_x": 952.1651056269824,
                "center_y": 524.2206874944114
            },
            "visible_vertices": 8,
            "total_vertices": 8
        }
    ],
    "metadata": {
        "total_objects": 1,
        "render_settings": {
            "resolution_percentage": 50,
            "file_format": "PNG"
        }
    }
}