{
    "frame": "376",
    "image_filename": "render_376.png",
    "image_resolution": {
        "width": 1920,
        "height": 1080
    },
    "camera_parameters": {
        "intrinsic_matrix": [
            [
                2666.666666666667,
                0,
                960.0
            ],
            [
                0,
                2250.0,
                540.0
            ],
            [
                0,
                0,
                1
            ]
        ],
        "extrinsic_matrix": [
            [
                -0.9000651836395264,
                -0.4357551038265228,
                0.0,
                -4.789613967659534e-07
            ],
            [
                -0.027169253677129745,
                0.0561189204454422,
                0.9980542659759521,
                -1.7454855196774588e-06
            ],
            [
                -0.43490728735923767,
                0.8983139991760254,
                -0.06234981119632721,
                -11.256316184997559
            ],
            [
                0.0,
                0.0,
                -0.0,
                1.0
            ]
        ],
        "camera_location": [
            -4.895454406738281,
            10.111706733703613,
            -0.7018277049064636
        ],
        "camera_rotation_euler": [
            1.1093189716339111,
            0.0,
            0.8149281740188599
        ],
        "camera_rotation_quaternion": [
            0.15305541455745697,
            0.16291536390781403,
            -0.7103756070137024,
            -0.6673822999000549
        ],
        "focal_length": 50.0,
        "sensor_width": 36.0,
        "sensor_height": 24.0
    },
    "objects": [
        {
            "object_name": "Cube",
            "bbox_2d": {
                "x_min": 654.4263420018355,
                "y_min": 331.27057861023786,
                "x_max": 1291.966738024094,
                "y_max": 783.6562920646181,
                "width": 637.5403960222585,
                "height": 452.38571345438027,
                "center_x": 973.1965400129648,
                "center_y": 557.463435337428
            },
            "visible_vertices": 8,
            "total_vertices": 8
        }
    ],
    "metadata": {
        "total_objects": 1,
        "render_settings": {
            "resolution_percentage": 50,
            "file_format": "PNG"
        }
    }
}