{
    "frame": "500",
    "image_filename": "render_500.png",
    "image_resolution": {
        "width": 1920,
        "height": 1080
    },
    "camera_parameters": {
        "intrinsic_matrix": [
            [
                2666.666666666667,
                0,
                960.0
            ],
            [
                0,
                2250.0,
                540.0
            ],
            [
                0,
                0,
                1
            ]
        ],
        "extrinsic_matrix": [
            [
                0.9448032975196838,
                -0.3276381194591522,
                -4.8428766774577525e-08,
                4.770022883349156e-07
            ],
            [
                -0.018415924161672592,
                -0.05310572683811188,
                0.9984189867973328,
                1.8359054365646443e-07
            ],
            [
                -0.3271201252937317,
                -0.9433095455169678,
                -0.05620822310447693,
                -11.256315231323242
            ],
            [
                -0.0,
                0.0,
                -0.0,
                1.0
            ]
        ],
        "camera_location": [
            -3.6821680068969727,
            -10.61819076538086,
            -0.6326977610588074
        ],
        "camera_rotation_euler": [
            1.1093189716339111,
            0.0,
            0.8149281740188599
        ],
        "camera_rotation_quaternion": [
            0.6774011850357056,
            0.7166095972061157,
            -0.12072613835334778,
            -0.11412078142166138
        ],
        "focal_length": 50.0,
        "sensor_width": 36.0,
        "sensor_height": 24.0
    },
    "objects": [
        {
            "object_name": "Cube",
            "bbox_2d": {
                "x_min": 639.4023966870311,
                "y_min": 329.97115149402794,
                "x_max": 1247.1606800543059,
                "y_max": 779.727566475234,
                "width": 607.7582833672748,
                "height": 449.75641498120604,
                "center_x": 943.2815383706685,
                "center_y": 554.849358984631
            },
            "visible_vertices": 8,
            "total_vertices": 8
        }
    ],
    "metadata": {
        "total_objects": 1,
        "render_settings": {
            "resolution_percentage": 50,
            "file_format": "PNG"
        }
    }
}