{
    "frame": "629",
    "image_filename": "render_629.png",
    "image_resolution": {
        "width": 1920,
        "height": 1080
    },
    "camera_parameters": {
        "intrinsic_matrix": [
            [
                2666.666666666667,
                0,
                960.0
            ],
            [
                0,
                2250.0,
                540.0
            ],
            [
                0,
                0,
                1
            ]
        ],
        "extrinsic_matrix": [
            [
                -0.4805179536342621,
                0.876984715461731,
                1.415610029198433e-07,
                -4.863898084295215e-07
            ],
            [
                0.15264320373535156,
                0.08363624662160873,
                0.9847359657287598,
                -1.6841531760292128e-06
            ],
            [
                0.8635984659194946,
                0.47318342328071594,
                -0.17405438423156738,
                -11.256314277648926
            ],
            [
                -0.0,
                -0.0,
                -0.0,
                1.0
            ]
        ],
        "camera_location": [
            9.720938682556152,
            5.326302528381348,
            -1.9592108726501465
        ],
        "camera_rotation_euler": [
            1.1093189716339111,
            0.0,
            0.8149281740188599
        ],
        "camera_rotation_quaternion": [
            0.32751479744911194,
            0.39048054814338684,
            0.6592057347297668,
            0.5529076457023621
        ],
        "focal_length": 50.0,
        "sensor_width": 36.0,
        "sensor_height": 24.0
    },
    "objects": [
        {
            "object_name": "Cube",
            "bbox_2d": {
                "x_min": 644.4672068508,
                "y_min": 318.784176254764,
                "x_max": 1298.5766260894302,
                "y_max": 812.1808447515484,
                "width": 654.1094192386302,
                "height": 493.3966684967844,
                "center_x": 971.5219164701151,
                "center_y": 565.4825105031562
            },
            "visible_vertices": 8,
            "total_vertices": 8
        }
    ],
    "metadata": {
        "total_objects": 1,
        "render_settings": {
            "resolution_percentage": 50,
            "file_format": "PNG"
        }
    }
}