{
    "frame": "233",
    "image_filename": "render_233.png",
    "image_resolution": {
        "width": 1920,
        "height": 1080
    },
    "camera_parameters": {
        "intrinsic_matrix": [
            [
                2666.666666666667,
                0,
                960.0
            ],
            [
                0,
                2250.0,
                540.0
            ],
            [
                0,
                0,
                1
            ]
        ],
        "extrinsic_matrix": [
            [
                -0.15815004706382751,
                -0.9874148368835449,
                -1.9557762698241277e-07,
                4.805373237104504e-07
            ],
            [
                0.13457687199115753,
                -0.021554648876190186,
                0.9906684160232544,
                -2.1635376015183283e-06
            ],
            [
                -0.9782009124755859,
                0.15667445957660675,
                0.13629229366779327,
                -11.256312370300293
            ],
            [
                0.0,
                0.0,
                -0.0,
                1.0
            ]
        ],
        "camera_location": [
            -11.010941505432129,
            1.7635760307312012,
            1.534149408340454
        ],
        "camera_rotation_euler": [
            1.1093189716339111,
            0.0,
            0.8149281740188599
        ],
        "camera_rotation_quaternion": [
            0.4890265166759491,
            0.42635443806648254,
            -0.5000758171081543,
            -0.5735846161842346
        ],
        "focal_length": 50.0,
        "sensor_width": 36.0,
        "sensor_height": 24.0
    },
    "objects": [
        {
            "object_name": "Cube",
            "bbox_2d": {
                "x_min": 663.3701638204584,
                "y_min": 288.45265272184133,
                "x_max": 1215.8160144200735,
                "y_max": 750.5521876954494,
                "width": 552.4458505996151,
                "height": 462.0995349736081,
                "center_x": 939.593089120266,
                "center_y": 519.5024202086454
            },
            "visible_vertices": 8,
            "total_vertices": 8
        }
    ],
    "metadata": {
        "total_objects": 1,
        "render_settings": {
            "resolution_percentage": 50,
            "file_format": "PNG"
        }
    }
}