{
    "frame": "181",
    "image_filename": "render_181.png",
    "image_resolution": {
        "width": 1920,
        "height": 1080
    },
    "camera_parameters": {
        "intrinsic_matrix": [
            [
                2666.666666666667,
                0,
                960.0
            ],
            [
                0,
                2250.0,
                540.0
            ],
            [
                0,
                0,
                1
            ]
        ],
        "extrinsic_matrix": [
            [
                -0.7783243656158447,
                0.6278625130653381,
                -1.587905131827938e-07,
                -9.537781124890898e-07
            ],
            [
                0.008929982781410217,
                0.011070182546973228,
                0.9998988509178162,
                1.1217623523407383e-06
            ],
            [
                0.6277989745140076,
                0.7782455086708069,
                -0.014223076403141022,
                -11.256314277648926
            ],
            [
                -0.0,
                0.0,
                0.0,
                1.0
            ]
        ],
        "camera_location": [
            7.0667033195495605,
            8.760178565979004,
            -0.16009964048862457
        ],
        "camera_rotation_euler": [
            1.1093189716339111,
            0.0,
            0.8149281740188599
        ],
        "camera_rotation_quaternion": [
            0.2337321639060974,
            0.2370804399251938,
            0.6714941263198853,
            0.6620103716850281
        ],
        "focal_length": 50.0,
        "sensor_width": 36.0,
        "sensor_height": 24.0
    },
    "objects": [
        {
            "object_name": "Cube",
            "bbox_2d": {
                "x_min": 621.9230194258189,
                "y_min": 315.8480141083203,
                "x_max": 1289.148230140969,
                "y_max": 772.6298294029102,
                "width": 667.2252107151501,
                "height": 456.78181529458993,
                "center_x": 955.5356247833939,
                "center_y": 544.2389217556153
            },
            "visible_vertices": 8,
            "total_vertices": 8
        }
    ],
    "metadata": {
        "total_objects": 1,
        "render_settings": {
            "resolution_percentage": 50,
            "file_format": "PNG"
        }
    }
}