{
    "frame": "973",
    "image_filename": "render_973.png",
    "image_resolution": {
        "width": 1920,
        "height": 1080
    },
    "camera_parameters": {
        "intrinsic_matrix": [
            [
                2666.666666666667,
                0,
                960.0
            ],
            [
                0,
                2250.0,
                540.0
            ],
            [
                0,
                0,
                1
            ]
        ],
        "extrinsic_matrix": [
            [
                0.21612484753131866,
                -0.9763657450675964,
                -5.4016709327697754e-08,
                4.791152719008096e-07
            ],
            [
                0.1308998167514801,
                0.028975484892725945,
                0.990972101688385,
                -7.43438363315363e-07
            ],
            [
                -0.9675512313842773,
                -0.21417367458343506,
                0.13406844437122345,
                -11.256315231323242
            ],
            [
                -0.0,
                0.0,
                -0.0,
                1.0
            ]
        ],
        "camera_location": [
            -10.891061782836914,
            -2.410806179046631,
            1.5091173648834229
        ],
        "camera_rotation_euler": [
            1.1093189716339111,
            0.0,
            0.8149281740188599
        ],
        "camera_rotation_quaternion": [
            0.5871900916099548,
            0.5130986571311951,
            -0.41194120049476624,
            -0.47142553329467773
        ],
        "focal_length": 50.0,
        "sensor_width": 36.0,
        "sensor_height": 24.0
    },
    "objects": [
        {
            "object_name": "Cube",
            "bbox_2d": {
                "x_min": 692.2266207160358,
                "y_min": 286.3517691767663,
                "x_max": 1266.6847476799442,
                "y_max": 750.4527709016111,
                "width": 574.4581269639084,
                "height": 464.10100172484476,
                "center_x": 979.45568419799,
                "center_y": 518.4022700391887
            },
            "visible_vertices": 8,
            "total_vertices": 8
        }
    ],
    "metadata": {
        "total_objects": 1,
        "render_settings": {
            "resolution_percentage": 50,
            "file_format": "PNG"
        }
    }
}