{
    "frame": "54",
    "image_filename": "render_054.png",
    "image_resolution": {
        "width": 1920,
        "height": 1080
    },
    "camera_parameters": {
        "intrinsic_matrix": [
            [
                2666.666666666667,
                0,
                960.0
            ],
            [
                0,
                2250.0,
                540.0
            ],
            [
                0,
                0,
                1
            ]
        ],
        "extrinsic_matrix": [
            [
                0.9866393208503723,
                0.16291947662830353,
                -1.8626449271863521e-09,
                2.4056606662270497e-07
            ],
            [
                -0.022965123876929283,
                0.13907669484615326,
                0.9900152087211609,
                -1.8176576759287855e-06
            ],
            [
                0.16129276156425476,
                -0.9767879843711853,
                0.14096002280712128,
                -11.256315231323242
            ],
            [
                -0.0,
                0.0,
                -0.0,
                1.0
            ]
        ],
        "camera_location": [
            1.815562129020691,
            -10.995035171508789,
            1.5866923332214355
        ],
        "camera_rotation_euler": [
            1.1093189716339111,
            0.0,
            0.8149281740188599
        ],
        "camera_rotation_quaternion": [
            0.7527742385864258,
            0.6531850099563599,
            0.05356612056493759,
            0.0617331862449646
        ],
        "focal_length": 50.0,
        "sensor_width": 36.0,
        "sensor_height": 24.0
    },
    "objects": [
        {
            "object_name": "Cube",
            "bbox_2d": {
                "x_min": 703.0618342190894,
                "y_min": 287.3356781217276,
                "x_max": 1257.6243804196213,
                "y_max": 751.5426500929008,
                "width": 554.5625462005319,
                "height": 464.2069719711732,
                "center_x": 980.3431073193553,
                "center_y": 519.4391641073141
            },
            "visible_vertices": 8,
            "total_vertices": 8
        }
    ],
    "metadata": {
        "total_objects": 1,
        "render_settings": {
            "resolution_percentage": 50,
            "file_format": "PNG"
        }
    }
}