{
    "frame": "819",
    "image_filename": "render_819.png",
    "image_resolution": {
        "width": 1920,
        "height": 1080
    },
    "camera_parameters": {
        "intrinsic_matrix": [
            [
                2666.666666666667,
                0,
                960.0
            ],
            [
                0,
                2250.0,
                540.0
            ],
            [
                0,
                0,
                1
            ]
        ],
        "extrinsic_matrix": [
            [
                0.9933667182922363,
                0.11498977988958359,
                -1.3038518709151958e-08,
                -1.2080890599008853e-07
            ],
            [
                -0.010722920298576355,
                0.09263258427381516,
                0.9956427812576294,
                1.6827052604639903e-06
            ],
            [
                0.11448871344327927,
                -0.9890382885932922,
                0.09325114637613297,
                -11.256316184997559
            ],
            [
                -0.0,
                0.0,
                -0.0,
                1.0
            ]
        ],
        "camera_location": [
            1.2887213230133057,
            -11.132926940917969,
            1.0496625900268555
        ],
        "camera_rotation_euler": [
            1.1093189716339111,
            0.0,
            0.8149281740188599
        ],
        "camera_rotation_quaternion": [
            0.7381141781806946,
            0.6722133159637451,
            0.038777440786361694,
            0.042579006403684616
        ],
        "focal_length": 50.0,
        "sensor_width": 36.0,
        "sensor_height": 24.0
    },
    "objects": [
        {
            "object_name": "Cube",
            "bbox_2d": {
                "x_min": 714.4682235975952,
                "y_min": 298.66360513533823,
                "x_max": 1247.2734851090086,
                "y_max": 741.5841028469373,
                "width": 532.8052615114134,
                "height": 442.92049771159907,
                "center_x": 980.8708543533019,
                "center_y": 520.1238539911378
            },
            "visible_vertices": 8,
            "total_vertices": 8
        }
    ],
    "metadata": {
        "total_objects": 1,
        "render_settings": {
            "resolution_percentage": 50,
            "file_format": "PNG"
        }
    }
}