{
    "frame": "800",
    "image_filename": "render_800.png",
    "image_resolution": {
        "width": 1920,
        "height": 1080
    },
    "camera_parameters": {
        "intrinsic_matrix": [
            [
                2666.666666666667,
                0,
                960.0
            ],
            [
                0,
                2250.0,
                540.0
            ],
            [
                0,
                0,
                1
            ]
        ],
        "extrinsic_matrix": [
            [
                -0.4627378284931183,
                0.886495053768158,
                -1.6391273049976007e-07,
                9.657998134571244e-07
            ],
            [
                -0.12302090227603912,
                -0.06421490758657455,
                0.9903242588043213,
                -3.4926327430184756e-07
            ],
            [
                0.8779176473617554,
                0.4582606256008148,
                0.13877224922180176,
                -11.256316184997559
            ],
            [
                -0.0,
                -0.0,
                -0.0,
                1.0
            ]
        ],
        "camera_location": [
            9.882120132446289,
            5.1583251953125,
            1.5620630979537964
        ],
        "camera_rotation_euler": [
            1.1093189716339111,
            0.0,
            0.8149281740188599
        ],
        "camera_rotation_quaternion": [
            0.391094446182251,
            0.3401120901107788,
            0.5611931085586548,
            0.6453148722648621
        ],
        "focal_length": 50.0,
        "sensor_width": 36.0,
        "sensor_height": 24.0
    },
    "objects": [
        {
            "object_name": "Cube",
            "bbox_2d": {
                "x_min": 648.1430459558807,
                "y_min": 276.60059469362125,
                "x_max": 1296.3236484173708,
                "y_max": 752.7483976359315,
                "width": 648.1806024614901,
                "height": 476.14780294231025,
                "center_x": 972.2333471866257,
                "center_y": 514.6744961647764
            },
            "visible_vertices": 8,
            "total_vertices": 8
        }
    ],
    "metadata": {
        "total_objects": 1,
        "render_settings": {
            "resolution_percentage": 50,
            "file_format": "PNG"
        }
    }
}