{
    "frame": "689",
    "image_filename": "render_689.png",
    "image_resolution": {
        "width": 1920,
        "height": 1080
    },
    "camera_parameters": {
        "intrinsic_matrix": [
            [
                2666.666666666667,
                0,
                960.0
            ],
            [
                0,
                2250.0,
                540.0
            ],
            [
                0,
                0,
                1
            ]
        ],
        "extrinsic_matrix": [
            [
                -0.7723198533058167,
                0.635233461856842,
                -1.3411039390121005e-07,
                -9.815539669943973e-07
            ],
            [
                -0.10870344936847687,
                -0.13216184079647064,
                0.9852494597434998,
                -2.5169017590087606e-06
            ],
            [
                0.6258635520935059,
                0.7609279155731201,
                0.17112353444099426,
                -11.256315231323242
            ],
            [
                -0.0,
                -0.0,
                -0.0,
                1.0
            ]
        ],
        "camera_location": [
            7.044918060302734,
            8.56524658203125,
            1.9262210130691528
        ],
        "camera_rotation_euler": [
            1.1093189716339111,
            0.0,
            0.8149281740188599
        ],
        "camera_rotation_quaternion": [
            0.2581866979598999,
            0.21720868349075317,
            0.6060186624526978,
            0.720348060131073
        ],
        "focal_length": 50.0,
        "sensor_width": 36.0,
        "sensor_height": 24.0
    },
    "objects": [
        {
            "object_name": "Cube",
            "bbox_2d": {
                "x_min": 617.2211043896,
                "y_min": 265.2404470838919,
                "x_max": 1294.526985633703,
                "y_max": 761.1959849851145,
                "width": 677.3058812441029,
                "height": 495.95553790122256,
                "center_x": 955.8740450116514,
                "center_y": 513.2182160345033
            },
            "visible_vertices": 8,
            "total_vertices": 8
        }
    ],
    "metadata": {
        "total_objects": 1,
        "render_settings": {
            "resolution_percentage": 50,
            "file_format": "PNG"
        }
    }
}