{
    "frame": "796",
    "image_filename": "render_796.png",
    "image_resolution": {
        "width": 1920,
        "height": 1080
    },
    "camera_parameters": {
        "intrinsic_matrix": [
            [
                2666.666666666667,
                0,
                960.0
            ],
            [
                0,
                2250.0,
                540.0
            ],
            [
                0,
                0,
                1
            ]
        ],
        "extrinsic_matrix": [
            [
                -0.5998406410217285,
                0.8001192212104797,
                2.551823001795128e-07,
                9.554483995088958e-07
            ],
            [
                -0.039541181176900864,
                -0.02964380942285061,
                0.9987780451774597,
                6.258603093556303e-07
            ],
            [
                0.7991415858268738,
                0.5991078019142151,
                0.04941940680146217,
                -11.256315231323242
            ],
            [
                -0.0,
                0.0,
                -0.0,
                1.0
            ]
        ],
        "camera_location": [
            8.995392799377441,
            6.743746757507324,
            0.5562779307365417
        ],
        "camera_rotation_euler": [
            1.1093189716339111,
            0.0,
            0.8149281740188599
        ],
        "camera_rotation_quaternion": [
            0.3240118622779846,
            0.3083763122558594,
            0.6165990829467773,
            0.6478626728057861
        ],
        "focal_length": 50.0,
        "sensor_width": 36.0,
        "sensor_height": 24.0
    },
    "objects": [
        {
            "object_name": "Cube",
            "bbox_2d": {
                "x_min": 632.7226653416974,
                "y_min": 297.46464252536225,
                "x_max": 1299.1723333758755,
                "y_max": 753.238987527699,
                "width": 666.4496680341781,
                "height": 455.77434500233676,
                "center_x": 965.9474993587864,
                "center_y": 525.3518150265306
            },
            "visible_vertices": 8,
            "total_vertices": 8
        }
    ],
    "metadata": {
        "total_objects": 1,
        "render_settings": {
            "resolution_percentage": 50,
            "file_format": "PNG"
        }
    }
}