{
    "frame": "950",
    "image_filename": "render_950.png",
    "image_resolution": {
        "width": 1920,
        "height": 1080
    },
    "camera_parameters": {
        "intrinsic_matrix": [
            [
                2666.666666666667,
                0,
                960.0
            ],
            [
                0,
                2250.0,
                540.0
            ],
            [
                0,
                0,
                1
            ]
        ],
        "extrinsic_matrix": [
            [
                -0.10812194645404816,
                -0.9941376447677612,
                -5.4016709327697754e-08,
                -1.3290347169458983e-06
            ],
            [
                0.15832361578941345,
                -0.01721925660967827,
                0.9872371554374695,
                3.3619755868130596e-07
            ],
            [
                -0.981449544429779,
                0.1067419946193695,
                0.15925724804401398,
                -11.256317138671875
            ],
            [
                0.0,
                0.0,
                -0.0,
                1.0
            ]
        ],
        "camera_location": [
            -11.047507286071777,
            1.201520323753357,
            1.792649507522583
        ],
        "camera_rotation_euler": [
            1.1093189716339111,
            0.0,
            0.8149281740188599
        ],
        "camera_rotation_quaternion": [
            0.5084083080291748,
            0.43296653032302856,
            -0.4826089143753052,
            -0.5667006373405457
        ],
        "focal_length": 50.0,
        "sensor_width": 36.0,
        "sensor_height": 24.0
    },
    "objects": [
        {
            "object_name": "Cube",
            "bbox_2d": {
                "x_min": 672.4580325138068,
                "y_min": 286.6682227825055,
                "x_max": 1205.5245262842272,
                "y_max": 754.7067679231116,
                "width": 533.0664937704205,
                "height": 468.03854514060606,
                "center_x": 938.991279399017,
                "center_y": 520.6874953528086
            },
            "visible_vertices": 8,
            "total_vertices": 8
        }
    ],
    "metadata": {
        "total_objects": 1,
        "render_settings": {
            "resolution_percentage": 50,
            "file_format": "PNG"
        }
    }
}