{
    "frame": "501",
    "image_filename": "render_501.png",
    "image_resolution": {
        "width": 1920,
        "height": 1080
    },
    "camera_parameters": {
        "intrinsic_matrix": [
            [
                2666.666666666667,
                0,
                960.0
            ],
            [
                0,
                2250.0,
                540.0
            ],
            [
                0,
                0,
                1
            ]
        ],
        "extrinsic_matrix": [
            [
                -0.7311368584632874,
                0.6822308301925659,
                -1.6763804566721774e-08,
                -9.548678008286515e-07
            ],
            [
                0.0375555083155632,
                0.04024776443839073,
                0.9984837174415588,
                1.670290004085473e-07
            ],
            [
                0.6811963319778442,
                0.7300283312797546,
                -0.05504807457327843,
                -11.256316184997559
            ],
            [
                -0.0,
                0.0,
                0.0,
                1.0
            ]
        ],
        "camera_location": [
            7.667760372161865,
            8.217429161071777,
            -0.61963951587677
        ],
        "camera_rotation_euler": [
            1.1093189716339111,
            0.0,
            0.8149281740188599
        ],
        "camera_rotation_quaternion": [
            0.25202319025993347,
            0.26630035042762756,
            0.675727903842926,
            0.6395000219345093
        ],
        "focal_length": 50.0,
        "sensor_width": 36.0,
        "sensor_height": 24.0
    },
    "objects": [
        {
            "object_name": "Cube",
            "bbox_2d": {
                "x_min": 622.0488983534283,
                "y_min": 328.4043548821526,
                "x_max": 1295.0177191110818,
                "y_max": 784.6072616312667,
                "width": 672.9688207576535,
                "height": 456.20290674911416,
                "center_x": 958.533308732255,
                "center_y": 556.5058082567097
            },
            "visible_vertices": 8,
            "total_vertices": 8
        }
    ],
    "metadata": {
        "total_objects": 1,
        "render_settings": {
            "resolution_percentage": 50,
            "file_format": "PNG"
        }
    }
}