{
    "frame": "10",
    "image_filename": "render_010.png",
    "image_resolution": {
        "width": 1920,
        "height": 1080
    },
    "camera_parameters": {
        "intrinsic_matrix": [
            [
                2666.666666666667,
                0,
                960.0
            ],
            [
                0,
                2250.0,
                540.0
            ],
            [
                0,
                0,
                1
            ]
        ],
        "extrinsic_matrix": [
            [
                -0.9833024740219116,
                0.1819789856672287,
                1.1548401346317405e-07,
                6.402523650139713e-11
            ],
            [
                -0.008169140666723251,
                -0.044141657650470734,
                0.9989919066429138,
                6.064316266929382e-07
            ],
            [
                0.18179555237293243,
                0.9823111295700073,
                0.044891174882650375,
                -11.256318092346191
            ],
            [
                -0.0,
                0.0,
                -0.0,
                1.0
            ]
        ],
        "camera_location": [
            2.0463483333587646,
            11.057206153869629,
            0.5053091049194336
        ],
        "camera_rotation_euler": [
            1.1093189716339111,
            0.0,
            0.8149281740188599
        ],
        "camera_rotation_quaternion": [
            0.06604380160570145,
            0.06314275413751602,
            0.6881623268127441,
            0.7197803854942322
        ],
        "focal_length": 50.0,
        "sensor_width": 36.0,
        "sensor_height": 24.0
    },
    "objects": [
        {
            "object_name": "Cube",
            "bbox_2d": {
                "x_min": 661.5230216303587,
                "y_min": 306.65622581617504,
                "x_max": 1218.6939368641629,
                "y_max": 752.0001983317354,
                "width": 557.1709152338042,
                "height": 445.3439725155604,
                "center_x": 940.1084792472608,
                "center_y": 529.3282120739552
            },
            "visible_vertices": 8,
            "total_vertices": 8
        }
    ],
    "metadata": {
        "total_objects": 1,
        "render_settings": {
            "resolution_percentage": 50,
            "file_format": "PNG"
        }
    }
}