{
    "frame": "989",
    "image_filename": "render_989.png",
    "image_resolution": {
        "width": 1920,
        "height": 1080
    },
    "camera_parameters": {
        "intrinsic_matrix": [
            [
                2666.666666666667,
                0,
                960.0
            ],
            [
                0,
                2250.0,
                540.0
            ],
            [
                0,
                0,
                1
            ]
        ],
        "extrinsic_matrix": [
            [
                -0.8814486265182495,
                0.47227969765663147,
                1.462176157929207e-07,
                -1.430807174074289e-06
            ],
            [
                -0.011248580180108547,
                -0.020994246006011963,
                0.9997163414955139,
                -1.5541625089099398e-06
            ],
            [
                0.4721457064151764,
                0.8811986446380615,
                0.02381797507405281,
                -11.256315231323242
            ],
            [
                -0.0,
                0.0,
                -0.0,
                1.0
            ]
        ],
        "camera_location": [
            5.314620494842529,
            9.919051170349121,
            0.2681025266647339
        ],
        "camera_rotation_euler": [
            1.1093189716339111,
            0.0,
            0.8149281740188599
        ],
        "camera_rotation_quaternion": [
            0.17419448494911194,
            0.1700938642024994,
            0.677612841129303,
            0.6939490437507629
        ],
        "focal_length": 50.0,
        "sensor_width": 36.0,
        "sensor_height": 24.0
    },
    "objects": [
        {
            "object_name": "Cube",
            "bbox_2d": {
                "x_min": 626.4704414512241,
                "y_min": 306.0964117758557,
                "x_max": 1270.0914908461368,
                "y_max": 760.3439756693741,
                "width": 643.6210493949127,
                "height": 454.2475638935184,
                "center_x": 948.2809661486805,
                "center_y": 533.2201937226149
            },
            "visible_vertices": 8,
            "total_vertices": 8
        }
    ],
    "metadata": {
        "total_objects": 1,
        "render_settings": {
            "resolution_percentage": 50,
            "file_format": "PNG"
        }
    }
}