{
    "frame": "315",
    "image_filename": "render_315.png",
    "image_resolution": {
        "width": 1920,
        "height": 1080
    },
    "camera_parameters": {
        "intrinsic_matrix": [
            [
                2666.666666666667,
                0,
                960.0
            ],
            [
                0,
                2250.0,
                540.0
            ],
            [
                0,
                0,
                1
            ]
        ],
        "extrinsic_matrix": [
            [
                0.849349319934845,
                -0.5278311371803284,
                -7.75908048922247e-08,
                -4.768362202867138e-07
            ],
            [
                -0.000924732768908143,
                -0.0014881433453410864,
                0.9999984502792358,
                -3.514423241313125e-08
            ],
            [
                -0.5278303027153015,
                -0.8493479490280151,
                -0.0017520535038784146,
                -11.256315231323242
            ],
            [
                -0.0,
                0.0,
                -0.0,
                1.0
            ]
        ],
        "camera_location": [
            -5.94142484664917,
            -9.560529708862305,
            -0.01972166635096073
        ],
        "camera_rotation_euler": [
            1.1093189716339111,
            0.0,
            0.8149281740188599
        ],
        "camera_rotation_quaternion": [
            0.6793580055236816,
            0.6805493235588074,
            -0.19423863291740417,
            -0.19389866292476654
        ],
        "focal_length": 50.0,
        "sensor_width": 36.0,
        "sensor_height": 24.0
    },
    "objects": [
        {
            "object_name": "Cube",
            "bbox_2d": {
                "x_min": 624.0935681492534,
                "y_min": 312.75690313993493,
                "x_max": 1277.2474419543946,
                "y_max": 768.2613758863523,
                "width": 653.1538738051412,
                "height": 455.5044727464174,
                "center_x": 950.670505051824,
                "center_y": 540.5091395131436
            },
            "visible_vertices": 8,
            "total_vertices": 8
        }
    ],
    "metadata": {
        "total_objects": 1,
        "render_settings": {
            "resolution_percentage": 50,
            "file_format": "PNG"
        }
    }
}