{
    "frame": "113",
    "image_filename": "render_113.png",
    "image_resolution": {
        "width": 1920,
        "height": 1080
    },
    "camera_parameters": {
        "intrinsic_matrix": [
            [
                2666.666666666667,
                0,
                960.0
            ],
            [
                0,
                2250.0,
                540.0
            ],
            [
                0,
                0,
                1
            ]
        ],
        "extrinsic_matrix": [
            [
                -0.9997049570083618,
                -0.024283848702907562,
                -5.8906131528146943e-08,
                2.992604919427322e-08
            ],
            [
                0.0020688166841864586,
                -0.08517030626535416,
                0.9963641166687012,
                -2.265710236315499e-06
            ],
            [
                -0.024195563048124313,
                0.9960703253746033,
                0.08519560843706131,
                -11.256315231323242
            ],
            [
                0.0,
                0.0,
                -0.0,
                1.0
            ]
        ],
        "camera_location": [
            -0.272352933883667,
            11.21208381652832,
            0.9589890837669373
        ],
        "camera_rotation_euler": [
            1.1093189716339111,
            0.0,
            0.8149281740188599
        ],
        "camera_rotation_quaternion": [
            0.00894453376531601,
            0.008212395943701267,
            -0.6762653589248657,
            -0.7365580797195435
        ],
        "focal_length": 50.0,
        "sensor_width": 36.0,
        "sensor_height": 24.0
    },
    "objects": [
        {
            "object_name": "Cube",
            "bbox_2d": {
                "x_min": 703.753301173569,
                "y_min": 303.77729701985004,
                "x_max": 1227.7293317935028,
                "y_max": 741.5127067114796,
                "width": 523.9760306199338,
                "height": 437.73540969162957,
                "center_x": 965.7413164835359,
                "center_y": 522.6450018656649
            },
            "visible_vertices": 8,
            "total_vertices": 8
        }
    ],
    "metadata": {
        "total_objects": 1,
        "render_settings": {
            "resolution_percentage": 50,
            "file_format": "PNG"
        }
    }
}