{
    "frame": "917",
    "image_filename": "render_917.png",
    "image_resolution": {
        "width": 1920,
        "height": 1080
    },
    "camera_parameters": {
        "intrinsic_matrix": [
            [
                2666.666666666667,
                0,
                960.0
            ],
            [
                0,
                2250.0,
                540.0
            ],
            [
                0,
                0,
                1
            ]
        ],
        "extrinsic_matrix": [
            [
                0.9206505417823792,
                -0.3903878927230835,
                -2.60770320892334e-08,
                -3.179748020443185e-09
            ],
            [
                -0.0384441576898098,
                -0.09066278487443924,
                0.9951393604278564,
                -7.632107212884875e-07
            ],
            [
                -0.38849031925201416,
                -0.9161755442619324,
                -0.09847687184810638,
                -11.256316184997559
            ],
            [
                -0.0,
                0.0,
                -0.0,
                1.0
            ]
        ],
        "camera_location": [
            -4.372970104217529,
            -10.312761306762695,
            -1.1084860563278198
        ],
        "camera_rotation_euler": [
            1.1093189716339111,
            0.0,
            0.8149281740188599
        ],
        "camera_rotation_quaternion": [
            0.6579344272613525,
            0.7262558341026306,
            -0.1476174145936966,
            -0.13373054563999176
        ],
        "focal_length": 50.0,
        "sensor_width": 36.0,
        "sensor_height": 24.0
    },
    "objects": [
        {
            "object_name": "Cube",
            "bbox_2d": {
                "x_min": 631.1145704855312,
                "y_min": 337.02669345702793,
                "x_max": 1259.182308956848,
                "y_max": 791.6935778532863,
                "width": 628.0677384713167,
                "height": 454.6668843962584,
                "center_x": 945.1484397211896,
                "center_y": 564.3601356551571
            },
            "visible_vertices": 8,
            "total_vertices": 8
        }
    ],
    "metadata": {
        "total_objects": 1,
        "render_settings": {
            "resolution_percentage": 50,
            "file_format": "PNG"
        }
    }
}