{
    "frame": "926",
    "image_filename": "render_926.png",
    "image_resolution": {
        "width": 1920,
        "height": 1080
    },
    "camera_parameters": {
        "intrinsic_matrix": [
            [
                2666.666666666667,
                0,
                960.0
            ],
            [
                0,
                2250.0,
                540.0
            ],
            [
                0,
                0,
                1
            ]
        ],
        "extrinsic_matrix": [
            [
                -0.47544243931770325,
                -0.8797465562820435,
                -7.450577044210149e-08,
                -9.538027825328754e-07
            ],
            [
                0.012149418704211712,
                -0.006565871648490429,
                0.9999045133590698,
                -1.8040316263068235e-06
            ],
            [
                -0.8796626925468445,
                0.4753971993923187,
                0.013810310512781143,
                -11.256314277648926
            ],
            [
                -0.0,
                0.0,
                -0.0,
                1.0
            ]
        ],
        "camera_location": [
            -9.901763916015625,
            5.351220607757568,
            0.15545275807380676
        ],
        "camera_rotation_euler": [
            1.1093189716339111,
            0.0,
            0.8149281740188599
        ],
        "camera_rotation_quaternion": [
            0.3646237254142761,
            0.35962244868278503,
            -0.6031306982040405,
            -0.611518383026123
        ],
        "focal_length": 50.0,
        "sensor_width": 36.0,
        "sensor_height": 24.0
    },
    "objects": [
        {
            "object_name": "Cube",
            "bbox_2d": {
                "x_min": 626.5662388836138,
                "y_min": 308.84684444072104,
                "x_max": 1270.2869079550555,
                "y_max": 763.2803084824586,
                "width": 643.7206690714418,
                "height": 454.4334640417376,
                "center_x": 948.4265734193347,
                "center_y": 536.0635764615898
            },
            "visible_vertices": 8,
            "total_vertices": 8
        }
    ],
    "metadata": {
        "total_objects": 1,
        "render_settings": {
            "resolution_percentage": 50,
            "file_format": "PNG"
        }
    }
}