{
    "frame": "456",
    "image_filename": "render_456.png",
    "image_resolution": {
        "width": 1920,
        "height": 1080
    },
    "camera_parameters": {
        "intrinsic_matrix": [
            [
                2666.666666666667,
                0,
                960.0
            ],
            [
                0,
                2250.0,
                540.0
            ],
            [
                0,
                0,
                1
            ]
        ],
        "extrinsic_matrix": [
            [
                -0.804347038269043,
                0.5941599011421204,
                1.434236907016384e-07,
                9.537249070490361e-07
            ],
            [
                0.005955283064395189,
                0.008061735890805721,
                0.9999498128890991,
                2.8916153382851917e-07
            ],
            [
                0.5941300988197327,
                0.8043066263198853,
                -0.010022851638495922,
                -11.256316184997559
            ],
            [
                -0.0,
                -0.0,
                -0.0,
                1.0
            ]
        ],
        "camera_location": [
            6.687716484069824,
            9.05352783203125,
            -0.1128203496336937
        ],
        "camera_rotation_euler": [
            1.1093189716339111,
            0.0,
            0.8149281740188599
        ],
        "camera_rotation_quaternion": [
            0.22005224227905273,
            0.22226905822753906,
            0.6749873161315918,
            0.668255627155304
        ],
        "focal_length": 50.0,
        "sensor_width": 36.0,
        "sensor_height": 24.0
    },
    "objects": [
        {
            "object_name": "Cube",
            "bbox_2d": {
                "x_min": 622.0773375381204,
                "y_min": 314.73796604151414,
                "x_max": 1285.5234747906134,
                "y_max": 771.1966542836616,
                "width": 663.4461372524929,
                "height": 456.45868824214745,
                "center_x": 953.8004061643669,
                "center_y": 542.9673101625879
            },
            "visible_vertices": 8,
            "total_vertices": 8
        }
    ],
    "metadata": {
        "total_objects": 1,
        "render_settings": {
            "resolution_percentage": 50,
            "file_format": "PNG"
        }
    }
}