{
    "frame": "580",
    "image_filename": "render_580.png",
    "image_resolution": {
        "width": 1920,
        "height": 1080
    },
    "camera_parameters": {
        "intrinsic_matrix": [
            [
                2666.666666666667,
                0,
                960.0
            ],
            [
                0,
                2250.0,
                540.0
            ],
            [
                0,
                0,
                1
            ]
        ],
        "extrinsic_matrix": [
            [
                0.6726433634757996,
                0.7399666905403137,
                1.3969835288563104e-09,
                4.768748453898297e-07
            ],
            [
                0.007977783679962158,
                -0.007251895032823086,
                0.9999417662620544,
                -1.5661878478567814e-06
            ],
            [
                0.7399236559867859,
                -0.6726042032241821,
                -0.010781214572489262,
                -11.256314277648926
            ],
            [
                -0.0,
                0.0,
                -0.0,
                1.0
            ]
        ],
        "camera_location": [
            8.328815460205078,
            -7.571047306060791,
            -0.12135543674230576
        ],
        "camera_rotation_euler": [
            1.1093189716339111,
            0.0,
            0.8149281740188599
        ],
        "camera_rotation_quaternion": [
            0.6431583166122437,
            0.6501300930976868,
            0.2876134216785431,
            0.2845291197299957
        ],
        "focal_length": 50.0,
        "sensor_width": 36.0,
        "sensor_height": 24.0
    },
    "objects": [
        {
            "object_name": "Cube",
            "bbox_2d": {
                "x_min": 623.0086531759628,
                "y_min": 314.6766348115875,
                "x_max": 1292.9804532297858,
                "y_max": 771.7841119015359,
                "width": 669.971800053823,
                "height": 457.10747708994836,
                "center_x": 957.9945532028743,
                "center_y": 543.2303733565617
            },
            "visible_vertices": 8,
            "total_vertices": 8
        }
    ],
    "metadata": {
        "total_objects": 1,
        "render_settings": {
            "resolution_percentage": 50,
            "file_format": "PNG"
        }
    }
}