{
    "frame": "699",
    "image_filename": "render_699.png",
    "image_resolution": {
        "width": 1920,
        "height": 1080
    },
    "camera_parameters": {
        "intrinsic_matrix": [
            [
                2666.666666666667,
                0,
                960.0
            ],
            [
                0,
                2250.0,
                540.0
            ],
            [
                0,
                0,
                1
            ]
        ],
        "extrinsic_matrix": [
            [
                0.08851603418588638,
                -0.9960747361183167,
                8.381904059717726e-09,
                -1.9247888758400222e-06
            ],
            [
                -0.13682672381401062,
                -0.012159095145761967,
                0.9905203580856323,
                2.16378850836918e-07
            ],
            [
                -0.9866323471069336,
                -0.08767695724964142,
                -0.13736592233181,
                -11.256318092346191
            ],
            [
                -0.0,
                0.0,
                -0.0,
                1.0
            ]
        ],
        "camera_location": [
            -11.10584545135498,
            -0.9869213104248047,
            -1.546234369277954
        ],
        "camera_rotation_euler": [
            1.1093189716339111,
            0.0,
            0.8149281740188599
        ],
        "camera_rotation_quaternion": [
            0.48450779914855957,
            0.556336522102356,
            -0.5090901255607605,
            -0.44336140155792236
        ],
        "focal_length": 50.0,
        "sensor_width": 36.0,
        "sensor_height": 24.0
    },
    "objects": [
        {
            "object_name": "Cube",
            "bbox_2d": {
                "x_min": 719.0604737754279,
                "y_min": 329.7290618495348,
                "x_max": 1242.998845792396,
                "y_max": 788.4539282255621,
                "width": 523.9383720169681,
                "height": 458.7248663760273,
                "center_x": 981.0296597839119,
                "center_y": 559.0914950375484
            },
            "visible_vertices": 8,
            "total_vertices": 8
        }
    ],
    "metadata": {
        "total_objects": 1,
        "render_settings": {
            "resolution_percentage": 50,
            "file_format": "PNG"
        }
    }
}