{
    "frame": "719",
    "image_filename": "render_719.png",
    "image_resolution": {
        "width": 1920,
        "height": 1080
    },
    "camera_parameters": {
        "intrinsic_matrix": [
            [
                2666.666666666667,
                0,
                960.0
            ],
            [
                0,
                2250.0,
                540.0
            ],
            [
                0,
                0,
                1
            ]
        ],
        "extrinsic_matrix": [
            [
                0.9578105807304382,
                0.2874000668525696,
                5.960462345910855e-08,
                1.8347698915732735e-09
            ],
            [
                0.030572816729545593,
                -0.10188928246498108,
                0.9943256378173828,
                -2.235106649095542e-06
            ],
            [
                0.2857693135738373,
                -0.9523756504058838,
                -0.1063772663474083,
                -11.25631332397461
            ],
            [
                -0.0,
                0.0,
                -0.0,
                1.0
            ]
        ],
        "camera_location": [
            3.216709852218628,
            -10.720243453979492,
            -1.1974141597747803
        ],
        "camera_rotation_euler": [
            1.1093189716339111,
            0.0,
            0.8149281740188599
        ],
        "camera_rotation_quaternion": [
            0.66135174036026,
            0.7358799576759338,
            0.1080247238278389,
            0.09708424657583237
        ],
        "focal_length": 50.0,
        "sensor_width": 36.0,
        "sensor_height": 24.0
    },
    "objects": [
        {
            "object_name": "Cube",
            "bbox_2d": {
                "x_min": 678.990416050908,
                "y_min": 335.3454276471681,
                "x_max": 1276.7468541775984,
                "y_max": 790.4080084070278,
                "width": 597.7564381266903,
                "height": 455.06258075985966,
                "center_x": 977.8686351142533,
                "center_y": 562.8767180270979
            },
            "visible_vertices": 8,
            "total_vertices": 8
        }
    ],
    "metadata": {
        "total_objects": 1,
        "render_settings": {
            "resolution_percentage": 50,
            "file_format": "PNG"
        }
    }
}