{
    "frame": "947",
    "image_filename": "render_947.png",
    "image_resolution": {
        "width": 1920,
        "height": 1080
    },
    "camera_parameters": {
        "intrinsic_matrix": [
            [
                2666.666666666667,
                0,
                960.0
            ],
            [
                0,
                2250.0,
                540.0
            ],
            [
                0,
                0,
                1
            ]
        ],
        "extrinsic_matrix": [
            [
                0.6368637681007385,
                0.7709763050079346,
                1.1920928955078125e-07,
                -9.810079291128204e-07
            ],
            [
                -0.12894369661808014,
                0.10651357471942902,
                0.985914945602417,
                1.0789511861730716e-07
            ],
            [
                0.7601171135902405,
                -0.6278936266899109,
                0.16724717617034912,
                -11.256315231323242
            ],
            [
                -0.0,
                0.0,
                -0.0,
                1.0
            ]
        ],
        "camera_location": [
            8.556118965148926,
            -7.06776762008667,
            1.88258695602417
        ],
        "camera_rotation_euler": [
            1.1093189716339111,
            0.0,
            0.8149281740188599
        ],
        "camera_rotation_quaternion": [
            0.6911267638206482,
            0.5837600827217102,
            0.27495574951171875,
            0.3255264461040497
        ],
        "focal_length": 50.0,
        "sensor_width": 36.0,
        "sensor_height": 24.0
    },
    "objects": [
        {
            "object_name": "Cube",
            "bbox_2d": {
                "x_min": 617.3613991623121,
                "y_min": 266.1648108497934,
                "x_max": 1294.564213492961,
                "y_max": 760.2509054575097,
                "width": 677.202814330649,
                "height": 494.0860946077163,
                "center_x": 955.9628063276366,
                "center_y": 513.2078581536516
            },
            "visible_vertices": 8,
            "total_vertices": 8
        }
    ],
    "metadata": {
        "total_objects": 1,
        "render_settings": {
            "resolution_percentage": 50,
            "file_format": "PNG"
        }
    }
}