{
    "frame": "2",
    "image_filename": "render_002.png",
    "image_resolution": {
        "width": 1920,
        "height": 1080
    },
    "camera_parameters": {
        "intrinsic_matrix": [
            [
                2666.666666666667,
                0,
                960.0
            ],
            [
                0,
                2250.0,
                540.0
            ],
            [
                0,
                0,
                1
            ]
        ],
        "extrinsic_matrix": [
            [
                0.9578467011451721,
                -0.2872799336910248,
                -4.72646100035945e-08,
                2.3839824336846505e-07
            ],
            [
                -0.0032148417085409164,
                -0.010718893259763718,
                0.9999373555183411,
                -3.0879032237862702e-06
            ],
            [
                -0.2872619330883026,
                -0.9577866196632385,
                -0.011190608143806458,
                -11.256315231323242
            ],
            [
                -0.0,
                0.0,
                -0.0,
                1.0
            ]
        ],
        "camera_location": [
            -3.233510971069336,
            -10.781149864196777,
            -0.125962033867836
        ],
        "camera_rotation_euler": [
            1.1093189716339111,
            0.0,
            0.8149281740188599
        ],
        "camera_rotation_quaternion": [
            0.695689857006073,
            0.7035189867019653,
            -0.10322915017604828,
            -0.10208036005496979
        ],
        "focal_length": 50.0,
        "sensor_width": 36.0,
        "sensor_height": 24.0
    },
    "objects": [
        {
            "object_name": "Cube",
            "bbox_2d": {
                "x_min": 646.0081234178479,
                "y_min": 318.1501768098693,
                "x_max": 1238.6534633791948,
                "y_max": 767.6091495510457,
                "width": 592.645339961347,
                "height": 449.45897274117635,
                "center_x": 942.3307933985213,
                "center_y": 542.8796631804576
            },
            "visible_vertices": 8,
            "total_vertices": 8
        }
    ],
    "metadata": {
        "total_objects": 1,
        "render_settings": {
            "resolution_percentage": 50,
            "file_format": "PNG"
        }
    }
}