{
    "frame": "340",
    "image_filename": "render_340.png",
    "image_resolution": {
        "width": 1920,
        "height": 1080
    },
    "camera_parameters": {
        "intrinsic_matrix": [
            [
                2666.666666666667,
                0,
                960.0
            ],
            [
                0,
                2250.0,
                540.0
            ],
            [
                0,
                0,
                1
            ]
        ],
        "extrinsic_matrix": [
            [
                -0.7298837304115295,
                0.6835713386535645,
                4.936009645462036e-08,
                -4.769725592268514e-07
            ],
            [
                0.019375180825591087,
                0.020687764510512352,
                0.9995981454849243,
                1.317417627433315e-06
            ],
            [
                0.6832966208457947,
                0.7295904159545898,
                -0.02834402769804001,
                -11.256315231323242
            ],
            [
                -0.0,
                -0.0,
                -0.0,
                1.0
            ]
        ],
        "camera_location": [
            7.691403388977051,
            8.212501525878906,
            -0.3190501630306244
        ],
        "camera_rotation_euler": [
            1.1093189716339111,
            0.0,
            0.8149281740188599
        ],
        "camera_rotation_quaternion": [
            0.25615426898002625,
            0.26352062821388245,
            0.6668799519538879,
            0.6482383608818054
        ],
        "focal_length": 50.0,
        "sensor_width": 36.0,
        "sensor_height": 24.0
    },
    "objects": [
        {
            "object_name": "Cube",
            "bbox_2d": {
                "x_min": 622.9117608068364,
                "y_min": 320.0374293908138,
                "x_max": 1294.3202285290731,
                "y_max": 776.9625592063144,
                "width": 671.4084677222368,
                "height": 456.92512981550055,
                "center_x": 958.6159946679547,
                "center_y": 548.4999942985642
            },
            "visible_vertices": 8,
            "total_vertices": 8
        }
    ],
    "metadata": {
        "total_objects": 1,
        "render_settings": {
            "resolution_percentage": 50,
            "file_format": "PNG"
        }
    }
}