{
    "frame": "228",
    "image_filename": "render_228.png",
    "image_resolution": {
        "width": 1920,
        "height": 1080
    },
    "camera_parameters": {
        "intrinsic_matrix": [
            [
                2666.666666666667,
                0,
                960.0
            ],
            [
                0,
                2250.0,
                540.0
            ],
            [
                0,
                0,
                1
            ]
        ],
        "extrinsic_matrix": [
            [
                -0.5507065057754517,
                0.8346987366676331,
                1.4156097449813387e-07,
                -9.547983381708036e-07
            ],
            [
                0.031979527324438095,
                0.021098950877785683,
                0.9992656707763672,
                -2.173669599869754e-06
            ],
            [
                0.8340859413146973,
                0.550302267074585,
                -0.038312457501888275,
                -11.256315231323242
            ],
            [
                -0.0,
                -0.0,
                -0.0,
                1.0
            ]
        ],
        "camera_location": [
            9.3887357711792,
            6.194377422332764,
            -0.4312566816806793
        ],
        "camera_rotation_euler": [
            1.1093189716339111,
            0.0,
            0.8149281740188599
        ],
        "camera_rotation_quaternion": [
            0.3286638855934143,
            0.34150660037994385,
            0.6344521641731262,
            0.6105930209159851
        ],
        "focal_length": 50.0,
        "sensor_width": 36.0,
        "sensor_height": 24.0
    },
    "objects": [
        {
            "object_name": "Cube",
            "bbox_2d": {
                "x_min": 638.7967637928464,
                "y_min": 323.5052353890278,
                "x_max": 1297.8766126837709,
                "y_max": 778.9215142096449,
                "width": 659.0798488909245,
                "height": 455.4162788206171,
                "center_x": 968.3366882383086,
                "center_y": 551.2133747993364
            },
            "visible_vertices": 8,
            "total_vertices": 8
        }
    ],
    "metadata": {
        "total_objects": 1,
        "render_settings": {
            "resolution_percentage": 50,
            "file_format": "PNG"
        }
    }
}