{
    "frame": "483",
    "image_filename": "render_483.png",
    "image_resolution": {
        "width": 1920,
        "height": 1080
    },
    "camera_parameters": {
        "intrinsic_matrix": [
            [
                2666.666666666667,
                0,
                960.0
            ],
            [
                0,
                2250.0,
                540.0
            ],
            [
                0,
                0,
                1
            ]
        ],
        "extrinsic_matrix": [
            [
                0.9984779357910156,
                -0.05515335872769356,
                1.1132216259923666e-09,
                5.960460569554016e-08
            ],
            [
                0.00010569146979833022,
                0.0019134044414386153,
                0.999998152256012,
                2.5892948087857803e-06
            ],
            [
                -0.0551532618701458,
                -0.9984760880470276,
                0.0019163212273269892,
                -11.256317138671875
            ],
            [
                -0.0,
                0.0,
                -0.0,
                1.0
            ]
        ],
        "camera_location": [
            -0.620822548866272,
            -11.23916244506836,
            0.02156813070178032
        ],
        "camera_rotation_euler": [
            1.1093189716339111,
            0.0,
            0.8149281740188599
        ],
        "camera_rotation_quaternion": [
            0.7075145840644836,
            0.7061600685119629,
            -0.01948838122189045,
            -0.019525762647390366
        ],
        "focal_length": 50.0,
        "sensor_width": 36.0,
        "sensor_height": 24.0
    },
    "objects": [
        {
            "object_name": "Cube",
            "bbox_2d": {
                "x_min": 687.5082719436923,
                "y_min": 319.067085763833,
                "x_max": 1206.6021377143688,
                "y_max": 760.1263687697522,
                "width": 519.0938657706765,
                "height": 441.05928300591916,
                "center_x": 947.0552048290306,
                "center_y": 539.5967272667926
            },
            "visible_vertices": 8,
            "total_vertices": 8
        }
    ],
    "metadata": {
        "total_objects": 1,
        "render_settings": {
            "resolution_percentage": 50,
            "file_format": "PNG"
        }
    }
}