{
    "frame": "748",
    "image_filename": "render_748.png",
    "image_resolution": {
        "width": 1920,
        "height": 1080
    },
    "camera_parameters": {
        "intrinsic_matrix": [
            [
                2666.666666666667,
                0,
                960.0
            ],
            [
                0,
                2250.0,
                540.0
            ],
            [
                0,
                0,
                1
            ]
        ],
        "extrinsic_matrix": [
            [
                0.742737889289856,
                0.6695823073387146,
                5.21540641784668e-08,
                -9.530532452117768e-07
            ],
            [
                0.0445951409637928,
                -0.049467477947473526,
                0.9977797269821167,
                3.809940096743958e-07
            ],
            [
                0.668095588684082,
                -0.7410887479782104,
                -0.0666014775633812,
                -11.256316184997559
            ],
            [
                -0.0,
                0.0,
                -0.0,
                1.0
            ]
        ],
        "camera_location": [
            7.5202956199646,
            -8.341928482055664,
            -0.7496877312660217
        ],
        "camera_rotation_euler": [
            1.1093189716339111,
            0.0,
            0.8149281740188599
        ],
        "camera_rotation_quaternion": [
            0.6377046704292297,
            0.6816903352737427,
            0.2619141638278961,
            0.24501433968544006
        ],
        "focal_length": 50.0,
        "sensor_width": 36.0,
        "sensor_height": 24.0
    },
    "objects": [
        {
            "object_name": "Cube",
            "bbox_2d": {
                "x_min": 625.6057685400676,
                "y_min": 332.10097236600507,
                "x_max": 1298.7860360230907,
                "y_max": 787.8023277676466,
                "width": 673.180267483023,
                "height": 455.70135540164154,
                "center_x": 962.1959022815792,
                "center_y": 559.9516500668258
            },
            "visible_vertices": 8,
            "total_vertices": 8
        }
    ],
    "metadata": {
        "total_objects": 1,
        "render_settings": {
            "resolution_percentage": 50,
            "file_format": "PNG"
        }
    }
}