{
    "frame": "656",
    "image_filename": "render_656.png",
    "image_resolution": {
        "width": 1920,
        "height": 1080
    },
    "camera_parameters": {
        "intrinsic_matrix": [
            [
                2666.666666666667,
                0,
                960.0
            ],
            [
                0,
                2250.0,
                540.0
            ],
            [
                0,
                0,
                1
            ]
        ],
        "extrinsic_matrix": [
            [
                0.5852506160736084,
                -0.8108523488044739,
                -4.4703469370688254e-08,
                4.773959858539456e-07
            ],
            [
                0.03891740366816521,
                0.02808956429362297,
                0.9988474249839783,
                -9.355266001875862e-07
            ],
            [
                -0.8099178671836853,
                -0.5845760107040405,
                0.047995757311582565,
                -11.256314277648926
            ],
            [
                -0.0,
                0.0,
                -0.0,
                1.0
            ]
        ],
        "camera_location": [
            -9.116692543029785,
            -6.580174446105957,
            0.5402559041976929
        ],
        "camera_rotation_euler": [
            1.1093189716339111,
            0.0,
            0.8149281740188599
        ],
        "camera_rotation_quaternion": [
            0.6444641947746277,
            0.6142404675483704,
            -0.31418272852897644,
            -0.32964205741882324
        ],
        "focal_length": 50.0,
        "sensor_width": 36.0,
        "sensor_height": 24.0
    },
    "objects": [
        {
            "object_name": "Cube",
            "bbox_2d": {
                "x_min": 634.3875375738319,
                "y_min": 298.00008143914147,
                "x_max": 1298.9736823078383,
                "y_max": 753.6413688672928,
                "width": 664.5861447340064,
                "height": 455.6412874281514,
                "center_x": 966.6806099408351,
                "center_y": 525.8207251532172
            },
            "visible_vertices": 8,
            "total_vertices": 8
        }
    ],
    "metadata": {
        "total_objects": 1,
        "render_settings": {
            "resolution_percentage": 50,
            "file_format": "PNG"
        }
    }
}