{
    "frame": "418",
    "image_filename": "render_418.png",
    "image_resolution": {
        "width": 1920,
        "height": 1080
    },
    "camera_parameters": {
        "intrinsic_matrix": [
            [
                2666.666666666667,
                0,
                960.0
            ],
            [
                0,
                2250.0,
                540.0
            ],
            [
                0,
                0,
                1
            ]
        ],
        "extrinsic_matrix": [
            [
                0.6323462724685669,
                0.7746857404708862,
                1.192092469182171e-07,
                5.062303216618602e-07
            ],
            [
                0.13437524437904358,
                -0.10968536883592606,
                0.9848411083221436,
                -1.2495002010837197e-06
            ],
            [
                0.7629424929618835,
                -0.6227605938911438,
                -0.17345768213272095,
                -11.256314277648926
            ],
            [
                -0.0,
                0.0,
                -0.0,
                1.0
            ]
        ],
        "camera_location": [
            8.587923049926758,
            -7.009992599487305,
            -1.9524942636489868
        ],
        "camera_rotation_euler": [
            1.1093189716339111,
            0.0,
            0.8149281740188599
        ],
        "camera_rotation_quaternion": [
            0.5807760953903198,
            0.6920060515403748,
            0.3284151554107666,
            0.2756271958351135
        ],
        "focal_length": 50.0,
        "sensor_width": 36.0,
        "sensor_height": 24.0
    },
    "objects": [
        {
            "object_name": "Cube",
            "bbox_2d": {
                "x_min": 617.1143302679704,
                "y_min": 318.23968694681264,
                "x_max": 1294.3198329216168,
                "y_max": 815.2894164149727,
                "width": 677.2055026536464,
                "height": 497.0497294681601,
                "center_x": 955.7170815947936,
                "center_y": 566.7645516808927
            },
            "visible_vertices": 8,
            "total_vertices": 8
        }
    ],
    "metadata": {
        "total_objects": 1,
        "render_settings": {
            "resolution_percentage": 50,
            "file_format": "PNG"
        }
    }
}