{
    "frame": "604",
    "image_filename": "render_604.png",
    "image_resolution": {
        "width": 1920,
        "height": 1080
    },
    "camera_parameters": {
        "intrinsic_matrix": [
            [
                2666.666666666667,
                0,
                960.0
            ],
            [
                0,
                2250.0,
                540.0
            ],
            [
                0,
                0,
                1
            ]
        ],
        "extrinsic_matrix": [
            [
                -0.7586606740951538,
                0.6514856815338135,
                1.7881384906104358e-07,
                -4.7372395783895627e-07
            ],
            [
                -0.0812387689948082,
                -0.09460337460041046,
                0.992194652557373,
                -1.73263322267303e-06
            ],
            [
                0.6464006900787354,
                0.7527392506599426,
                0.12469805032014847,
                -11.256314277648926
            ],
            [
                -0.0,
                0.0,
                -0.0,
                1.0
            ]
        ],
        "camera_location": [
            7.276091575622559,
            8.473071098327637,
            1.4036394357681274
        ],
        "camera_rotation_euler": [
            1.1093189716339111,
            0.0,
            0.8149281740188599
        ],
        "camera_rotation_quaternion": [
            0.26049649715423584,
            0.22980687022209167,
            0.6203546524047852,
            0.7032002806663513
        ],
        "focal_length": 50.0,
        "sensor_width": 36.0,
        "sensor_height": 24.0
    },
    "objects": [
        {
            "object_name": "Cube",
            "bbox_2d": {
                "x_min": 618.9301771157037,
                "y_min": 276.71407030089176,
                "x_max": 1294.6152290352193,
                "y_max": 749.7302683902294,
                "width": 675.6850519195156,
                "height": 473.01619808933765,
                "center_x": 956.7727030754615,
                "center_y": 513.2221693455606
            },
            "visible_vertices": 8,
            "total_vertices": 8
        }
    ],
    "metadata": {
        "total_objects": 1,
        "render_settings": {
            "resolution_percentage": 50,
            "file_format": "PNG"
        }
    }
}