{
    "frame": "341",
    "image_filename": "render_341.png",
    "image_resolution": {
        "width": 1920,
        "height": 1080
    },
    "camera_parameters": {
        "intrinsic_matrix": [
            [
                2666.666666666667,
                0,
                960.0
            ],
            [
                0,
                2250.0,
                540.0
            ],
            [
                0,
                0,
                1
            ]
        ],
        "extrinsic_matrix": [
            [
                0.8782920837402344,
                -0.4781245291233063,
                -7.450580596923828e-09,
                -4.833432853956765e-07
            ],
            [
                0.05789930000901222,
                0.10635829716920853,
                0.9926407337188721,
                -2.216679604316596e-06
            ],
            [
                -0.47460585832595825,
                -0.8718284964561462,
                0.12109671533107758,
                -11.256316184997559
            ],
            [
                -0.0,
                0.0,
                -0.0,
                1.0
            ]
        ],
        "camera_location": [
            -5.342312812805176,
            -9.813576698303223,
            1.363105058670044
        ],
        "camera_rotation_euler": [
            1.1093189716339111,
            0.0,
            0.8149281740188599
        ],
        "camera_rotation_quaternion": [
            0.725559651851654,
            0.6424245238304138,
            -0.16353096067905426,
            -0.18469323217868805
        ],
        "focal_length": 50.0,
        "sensor_width": 36.0,
        "sensor_height": 24.0
    },
    "objects": [
        {
            "object_name": "Cube",
            "bbox_2d": {
                "x_min": 623.148574352128,
                "y_min": 280.501262306832,
                "x_max": 1273.646678699328,
                "y_max": 748.5473786104071,
                "width": 650.4981043472001,
                "height": 468.0461163035751,
                "center_x": 948.397626525728,
                "center_y": 514.5243204586195
            },
            "visible_vertices": 8,
            "total_vertices": 8
        }
    ],
    "metadata": {
        "total_objects": 1,
        "render_settings": {
            "resolution_percentage": 50,
            "file_format": "PNG"
        }
    }
}