{
    "frame": "200",
    "image_filename": "render_200.png",
    "image_resolution": {
        "width": 1920,
        "height": 1080
    },
    "camera_parameters": {
        "intrinsic_matrix": [
            [
                2666.666666666667,
                0,
                960.0
            ],
            [
                0,
                2250.0,
                540.0
            ],
            [
                0,
                0,
                1
            ]
        ],
        "extrinsic_matrix": [
            [
                0.7645214796066284,
                0.6445982456207275,
                0.0,
                4.768479584527086e-07
            ],
            [
                -0.07198720425367355,
                0.0853799432516098,
                0.9937444925308228,
                6.790686484237085e-07
            ],
            [
                0.6405659317970276,
                -0.7597389817237854,
                0.1116776168346405,
                -11.256315231323242
            ],
            [
                -0.0,
                0.0,
                -0.0,
                1.0
            ]
        ],
        "camera_location": [
            7.21041202545166,
            -8.551862716674805,
            1.257077932357788
        ],
        "camera_rotation_euler": [
            1.1093189716339111,
            0.0,
            0.8149281740188599
        ],
        "camera_rotation_quaternion": [
            0.7002819180488586,
            0.6259920001029968,
            0.22868144512176514,
            0.2558203339576721
        ],
        "focal_length": 50.0,
        "sensor_width": 36.0,
        "sensor_height": 24.0
    },
    "objects": [
        {
            "object_name": "Cube",
            "bbox_2d": {
                "x_min": 626.3958730316238,
                "y_min": 280.16041961549877,
                "x_max": 1300.8156776234107,
                "y_max": 746.4579125908846,
                "width": 674.4198045917869,
                "height": 466.2974929753858,
                "center_x": 963.6057753275172,
                "center_y": 513.3091661031917
            },
            "visible_vertices": 8,
            "total_vertices": 8
        }
    ],
    "metadata": {
        "total_objects": 1,
        "render_settings": {
            "resolution_percentage": 50,
            "file_format": "PNG"
        }
    }
}