{
    "frame": "694",
    "image_filename": "render_694.png",
    "image_resolution": {
        "width": 1920,
        "height": 1080
    },
    "camera_parameters": {
        "intrinsic_matrix": [
            [
                2666.666666666667,
                0,
                960.0
            ],
            [
                0,
                2250.0,
                540.0
            ],
            [
                0,
                0,
                1
            ]
        ],
        "extrinsic_matrix": [
            [
                0.5727038383483887,
                -0.8197624683380127,
                -5.308539385850963e-08,
                2.1662141524991796e-10
            ],
            [
                -0.020020222291350365,
                -0.013986642472445965,
                0.999701738357544,
                3.515681612498156e-07
            ],
            [
                -0.819517970085144,
                -0.5725330114364624,
                -0.02442203462123871,
                -11.256317138671875
            ],
            [
                -0.0,
                0.0,
                -0.0,
                1.0
            ]
        ],
        "camera_location": [
            -9.224752426147461,
            -6.4446120262146,
            -0.2749024033546448
        ],
        "camera_rotation_euler": [
            1.1093189716339111,
            0.0,
            0.8149281740188599
        ],
        "camera_rotation_quaternion": [
            0.6193333268165588,
            0.6346480250358582,
            -0.3308064341545105,
            -0.32282379269599915
        ],
        "focal_length": 50.0,
        "sensor_width": 36.0,
        "sensor_height": 24.0
    },
    "objects": [
        {
            "object_name": "Cube",
            "bbox_2d": {
                "x_min": 636.5151732923866,
                "y_min": 319.18219178287984,
                "x_max": 1298.031306645224,
                "y_max": 775.2025943141704,
                "width": 661.5161333528374,
                "height": 456.02040253129053,
                "center_x": 967.2732399688053,
                "center_y": 547.1923930485251
            },
            "visible_vertices": 8,
            "total_vertices": 8
        }
    ],
    "metadata": {
        "total_objects": 1,
        "render_settings": {
            "resolution_percentage": 50,
            "file_format": "PNG"
        }
    }
}