{
    "frame": "978",
    "image_filename": "render_978.png",
    "image_resolution": {
        "width": 1920,
        "height": 1080
    },
    "camera_parameters": {
        "intrinsic_matrix": [
            [
                2666.666666666667,
                0,
                960.0
            ],
            [
                0,
                2250.0,
                540.0
            ],
            [
                0,
                0,
                1
            ]
        ],
        "extrinsic_matrix": [
            [
                0.9920644164085388,
                0.1257304698228836,
                1.6763804566721774e-08,
                -2.422904117338476e-07
            ],
            [
                -0.02046082727611065,
                0.16144414246082306,
                0.9866696000099182,
                6.063046384952031e-07
            ],
            [
                0.124054454267025,
                -0.9788398742675781,
                0.16273553669452667,
                -11.256315231323242
            ],
            [
                -0.0,
                0.0,
                -0.0,
                1.0
            ]
        ],
        "camera_location": [
            1.3963963985443115,
            -11.018132209777832,
            1.8318021297454834
        ],
        "camera_rotation_euler": [
            1.1093189716339111,
            0.0,
            0.8149281740188599
        ],
        "camera_rotation_quaternion": [
            0.7609606385231018,
            0.6457330584526062,
            0.04075586795806885,
            0.04802853986620903
        ],
        "focal_length": 50.0,
        "sensor_width": 36.0,
        "sensor_height": 24.0
    },
    "objects": [
        {
            "object_name": "Cube",
            "bbox_2d": {
                "x_min": 710.5277387320866,
                "y_min": 285.12877216108234,
                "x_max": 1251.1267542051528,
                "y_max": 755.5782163754121,
                "width": 540.5990154730662,
                "height": 470.4494442143298,
                "center_x": 980.8272464686197,
                "center_y": 520.3534942682472
            },
            "visible_vertices": 8,
            "total_vertices": 8
        }
    ],
    "metadata": {
        "total_objects": 1,
        "render_settings": {
            "resolution_percentage": 50,
            "file_format": "PNG"
        }
    }
}