{
    "frame": "206",
    "image_filename": "render_206.png",
    "image_resolution": {
        "width": 1920,
        "height": 1080
    },
    "camera_parameters": {
        "intrinsic_matrix": [
            [
                2666.666666666667,
                0,
                960.0
            ],
            [
                0,
                2250.0,
                540.0
            ],
            [
                0,
                0,
                1
            ]
        ],
        "extrinsic_matrix": [
            [
                0.5279954671859741,
                0.8492472171783447,
                8.195636524988004e-08,
                -3.2405147454284133e-09
            ],
            [
                0.08019828796386719,
                -0.04986098036170006,
                0.9955309629440308,
                -1.5227420817609527e-06
            ],
            [
                0.8454520106315613,
                -0.5256357789039612,
                -0.09443449229001999,
                -11.256315231323242
            ],
            [
                -0.0,
                0.0,
                -0.0,
                1.0
            ]
        ],
        "camera_location": [
            9.516674995422363,
            -5.916723728179932,
            -1.062983751296997
        ],
        "camera_rotation_euler": [
            1.1093189716339111,
            0.0,
            0.8149281740188599
        ],
        "camera_rotation_quaternion": [
            0.5881539583206177,
            0.6465854644775391,
            0.35936683416366577,
            0.32689106464385986
        ],
        "focal_length": 50.0,
        "sensor_width": 36.0,
        "sensor_height": 24.0
    },
    "objects": [
        {
            "object_name": "Cube",
            "bbox_2d": {
                "x_min": 621.2594659144982,
                "y_min": 337.9264494052171,
                "x_max": 1279.869741363214,
                "y_max": 793.7735736591201,
                "width": 658.6102754487158,
                "height": 455.84712425390296,
                "center_x": 950.564603638856,
                "center_y": 565.8500115321685
            },
            "visible_vertices": 8,
            "total_vertices": 8
        }
    ],
    "metadata": {
        "total_objects": 1,
        "render_settings": {
            "resolution_percentage": 50,
            "file_format": "PNG"
        }
    }
}