{
    "frame": "703",
    "image_filename": "render_703.png",
    "image_resolution": {
        "width": 1920,
        "height": 1080
    },
    "camera_parameters": {
        "intrinsic_matrix": [
            [
                2666.666666666667,
                0,
                960.0
            ],
            [
                0,
                2250.0,
                540.0
            ],
            [
                0,
                0,
                1
            ]
        ],
        "extrinsic_matrix": [
            [
                -0.9979026913642883,
                0.0647316426038742,
                -1.0617075929530984e-07,
                1.7912661576247046e-07
            ],
            [
                -0.008367379195988178,
                -0.12898984551429749,
                0.9916105270385742,
                3.592892312553886e-07
            ],
            [
                0.06418856233358383,
                0.9895308613777161,
                0.12926098704338074,
                -11.256315231323242
            ],
            [
                -0.0,
                -0.0,
                -0.0,
                1.0
            ]
        ],
        "camera_location": [
            0.7225269675254822,
            11.138472557067871,
            1.4550018310546875
        ],
        "camera_rotation_euler": [
            1.1093189716339111,
            0.0,
            0.8149281740188599
        ],
        "camera_rotation_quaternion": [
            0.024333089590072632,
            0.02136695571243763,
            0.6594793200492859,
            0.7510249018669128
        ],
        "focal_length": 50.0,
        "sensor_width": 36.0,
        "sensor_height": 24.0
    },
    "objects": [
        {
            "object_name": "Cube",
            "bbox_2d": {
                "x_min": 682.2337100961273,
                "y_min": 294.1413197265173,
                "x_max": 1207.0339770255407,
                "y_max": 748.5399765566042,
                "width": 524.8002669294134,
                "height": 454.3986568300869,
                "center_x": 944.6338435608341,
                "center_y": 521.3406481415607
            },
            "visible_vertices": 8,
            "total_vertices": 8
        }
    ],
    "metadata": {
        "total_objects": 1,
        "render_settings": {
            "resolution_percentage": 50,
            "file_format": "PNG"
        }
    }
}