{
    "frame": "46",
    "image_filename": "render_046.png",
    "image_resolution": {
        "width": 1920,
        "height": 1080
    },
    "camera_parameters": {
        "intrinsic_matrix": [
            [
                2666.666666666667,
                0,
                960.0
            ],
            [
                0,
                2250.0,
                540.0
            ],
            [
                0,
                0,
                1
            ]
        ],
        "extrinsic_matrix": [
            [
                0.15010406076908112,
                -0.9886700510978699,
                -1.4901154088420299e-07,
                1.2049778774780862e-07
            ],
            [
                0.098214291036129,
                0.014911290258169174,
                0.9950533509254456,
                -9.674730563347111e-07
            ],
            [
                -0.9837796092033386,
                -0.14936143159866333,
                0.09933990985155106,
                -11.256312370300293
            ],
            [
                -0.0,
                0.0,
                -0.0,
                1.0
            ]
        ],
        "camera_location": [
            -11.073736190795898,
            -1.6812613010406494,
            1.1182011365890503
        ],
        "camera_rotation_euler": [
            1.1093189716339111,
            0.0,
            0.8149281740188599
        ],
        "camera_rotation_quaternion": [
            0.5622178316116333,
            0.5088843107223511,
            -0.4374549686908722,
            -0.48330235481262207
        ],
        "focal_length": 50.0,
        "sensor_width": 36.0,
        "sensor_height": 24.0
    },
    "objects": [
        {
            "object_name": "Cube",
            "bbox_2d": {
                "x_min": 706.7574060648245,
                "y_min": 296.0868592500476,
                "x_max": 1254.184066376798,
                "y_max": 742.8785620454472,
                "width": 547.4266603119735,
                "height": 446.7917027953996,
                "center_x": 980.4707362208112,
                "center_y": 519.4827106477474
            },
            "visible_vertices": 8,
            "total_vertices": 8
        }
    ],
    "metadata": {
        "total_objects": 1,
        "render_settings": {
            "resolution_percentage": 50,
            "file_format": "PNG"
        }
    }
}