{
    "frame": "962",
    "image_filename": "render_962.png",
    "image_resolution": {
        "width": 1920,
        "height": 1080
    },
    "camera_parameters": {
        "intrinsic_matrix": [
            [
                2666.666666666667,
                0,
                960.0
            ],
            [
                0,
                2250.0,
                540.0
            ],
            [
                0,
                0,
                1
            ]
        ],
        "extrinsic_matrix": [
            [
                0.9980959892272949,
                0.06168012320995331,
                5.587935447692871e-09,
                1.0891236801313653e-09
            ],
            [
                -0.009348679333925247,
                0.15127849578857422,
                0.9884469509124756,
                3.5786604257737054e-07
            ],
            [
                0.06096753105521202,
                -0.9865649938583374,
                0.15156710147857666,
                -11.256317138671875
            ],
            [
                -0.0,
                0.0,
                -0.0,
                1.0
            ]
        ],
        "camera_location": [
            0.6862697601318359,
            -11.105087280273438,
            1.7060867547988892
        ],
        "camera_rotation_euler": [
            1.1093189716339111,
            0.0,
            0.8149281740188599
        ],
        "camera_rotation_quaternion": [
            0.758442759513855,
            0.6510089039802551,
            0.02009628340601921,
            0.023412710055708885
        ],
        "focal_length": 50.0,
        "sensor_width": 36.0,
        "sensor_height": 24.0
    },
    "objects": [
        {
            "object_name": "Cube",
            "bbox_2d": {
                "x_min": 711.7097634622152,
                "y_min": 290.45095194362534,
                "x_max": 1237.633085572851,
                "y_max": 752.7515907870236,
                "width": 525.9233221106359,
                "height": 462.30063884339825,
                "center_x": 974.6714245175331,
                "center_y": 521.6012713653245
            },
            "visible_vertices": 8,
            "total_vertices": 8
        }
    ],
    "metadata": {
        "total_objects": 1,
        "render_settings": {
            "resolution_percentage": 50,
            "file_format": "PNG"
        }
    }
}