{
    "frame": "355",
    "image_filename": "render_355.png",
    "image_resolution": {
        "width": 1920,
        "height": 1080
    },
    "camera_parameters": {
        "intrinsic_matrix": [
            [
                2666.666666666667,
                0,
                960.0
            ],
            [
                0,
                2250.0,
                540.0
            ],
            [
                0,
                0,
                1
            ]
        ],
        "extrinsic_matrix": [
            [
                0.5622416138648987,
                0.8269730806350708,
                -6.332993507385254e-08,
                4.771523549607082e-07
            ],
            [
                0.021316537633538246,
                -0.014492574147880077,
                0.999667763710022,
                -1.6161736766662216e-06
            ],
            [
                0.8266982436180115,
                -0.5620548129081726,
                -0.02577652409672737,
                -11.256316184997559
            ],
            [
                -0.0,
                0.0,
                -0.0,
                1.0
            ]
        ],
        "camera_location": [
            9.30557632446289,
            -6.326667308807373,
            -0.29014715552330017
        ],
        "camera_rotation_euler": [
            1.1093189716339111,
            0.0,
            0.8149281740188599
        ],
        "camera_rotation_quaternion": [
            0.6168412566184998,
            0.632951557636261,
            0.33505311608314514,
            0.3265250623226166
        ],
        "focal_length": 50.0,
        "sensor_width": 36.0,
        "sensor_height": 24.0
    },
    "objects": [
        {
            "object_name": "Cube",
            "bbox_2d": {
                "x_min": 622.1731827199009,
                "y_min": 319.64512433839946,
                "x_max": 1282.2716063803932,
                "y_max": 775.4937054164391,
                "width": 660.0984236604924,
                "height": 455.8485810780396,
                "center_x": 952.2223945501471,
                "center_y": 547.5694148774193
            },
            "visible_vertices": 8,
            "total_vertices": 8
        }
    ],
    "metadata": {
        "total_objects": 1,
        "render_settings": {
            "resolution_percentage": 50,
            "file_format": "PNG"
        }
    }
}