{
    "frame": "334",
    "image_filename": "render_334.png",
    "image_resolution": {
        "width": 1920,
        "height": 1080
    },
    "camera_parameters": {
        "intrinsic_matrix": [
            [
                2666.666666666667,
                0,
                960.0
            ],
            [
                0,
                2250.0,
                540.0
            ],
            [
                0,
                0,
                1
            ]
        ],
        "extrinsic_matrix": [
            [
                -0.2940744161605835,
                -0.955782413482666,
                -7.823107495141812e-08,
                -1.4377817478816723e-06
            ],
            [
                -0.1010219007730484,
                0.03108231909573078,
                0.9943984150886536,
                -1.0780278216770967e-06
            ],
            [
                -0.9504286050796509,
                0.2924272418022156,
                -0.10569541156291962,
                -11.256315231323242
            ],
            [
                -0.0,
                0.0,
                -0.0,
                1.0
            ]
        ],
        "camera_location": [
            -10.69832706451416,
            3.291651725769043,
            -1.189740777015686
        ],
        "camera_rotation_euler": [
            1.1093189716339111,
            0.0,
            0.8149281740188599
        ],
        "camera_rotation_quaternion": [
            0.3972758650779724,
            0.4417405128479004,
            -0.598091185092926,
            -0.5378886461257935
        ],
        "focal_length": 50.0,
        "sensor_width": 36.0,
        "sensor_height": 24.0
    },
    "objects": [
        {
            "object_name": "Cube",
            "bbox_2d": {
                "x_min": 642.3530723432452,
                "y_min": 335.48647739706223,
                "x_max": 1242.2475992558266,
                "y_max": 790.4782788661599,
                "width": 599.8945269125813,
                "height": 454.9918014690977,
                "center_x": 942.3003357995359,
                "center_y": 562.9823781316111
            },
            "visible_vertices": 8,
            "total_vertices": 8
        }
    ],
    "metadata": {
        "total_objects": 1,
        "render_settings": {
            "resolution_percentage": 50,
            "file_format": "PNG"
        }
    }
}