{
    "frame": "600",
    "image_filename": "render_600.png",
    "image_resolution": {
        "width": 1920,
        "height": 1080
    },
    "camera_parameters": {
        "intrinsic_matrix": [
            [
                2666.666666666667,
                0,
                960.0
            ],
            [
                0,
                2250.0,
                540.0
            ],
            [
                0,
                0,
                1
            ]
        ],
        "extrinsic_matrix": [
            [
                -0.751849889755249,
                -0.6593340635299683,
                -7.485503061843701e-08,
                -1.430514316780318e-06
            ],
            [
                0.0015462752198800445,
                -0.001763307605870068,
                0.9999971389770508,
                -1.0204954605796956e-06
            ],
            [
                -0.659332275390625,
                0.7518478631973267,
                0.0023453428875654936,
                -11.256315231323242
            ],
            [
                0.0,
                0.0,
                -0.0,
                1.0
            ]
        ],
        "camera_location": [
            -7.42165470123291,
            8.463037490844727,
            0.02639995515346527
        ],
        "camera_rotation_euler": [
            1.1093189716339111,
            0.0,
            0.8149281740188599
        ],
        "camera_rotation_quaternion": [
            0.2493651807308197,
            0.24878105521202087,
            -0.6610108613967896,
            -0.6625629663467407
        ],
        "focal_length": 50.0,
        "sensor_width": 36.0,
        "sensor_height": 24.0
    },
    "objects": [
        {
            "object_name": "Cube",
            "bbox_2d": {
                "x_min": 628.3419552025896,
                "y_min": 310.7594076922809,
                "x_max": 1297.15690390041,
                "y_max": 767.8362888656266,
                "width": 668.8149486978205,
                "height": 457.07688117334567,
                "center_x": 962.7494295514998,
                "center_y": 539.2978482789538
            },
            "visible_vertices": 8,
            "total_vertices": 8
        }
    ],
    "metadata": {
        "total_objects": 1,
        "render_settings": {
            "resolution_percentage": 50,
            "file_format": "PNG"
        }
    }
}