{
    "frame": "438",
    "image_filename": "render_438.png",
    "image_resolution": {
        "width": 1920,
        "height": 1080
    },
    "camera_parameters": {
        "intrinsic_matrix": [
            [
                2666.666666666667,
                0,
                960.0
            ],
            [
                0,
                2250.0,
                540.0
            ],
            [
                0,
                0,
                1
            ]
        ],
        "extrinsic_matrix": [
            [
                -0.6471264958381653,
                -0.7623823285102844,
                -1.1268997468505404e-07,
                -9.538524636809598e-07
            ],
            [
                0.019464800134301186,
                -0.01652217097580433,
                0.9996738433837891,
                -2.3031011551211122e-06
            ],
            [
                -0.7621338367462158,
                0.6469156742095947,
                0.02553175576031208,
                -11.256314277648926
            ],
            [
                0.0,
                0.0,
                -0.0,
                1.0
            ]
        ],
        "camera_location": [
            -8.578821182250977,
            7.281887054443359,
            0.28739362955093384
        ],
        "camera_rotation_euler": [
            1.1093189716339111,
            0.0,
            0.8149281740188599
        ],
        "camera_rotation_quaternion": [
            0.3007834851741791,
            0.2931995689868927,
            -0.633457362651825,
            -0.6498424410820007
        ],
        "focal_length": 50.0,
        "sensor_width": 36.0,
        "sensor_height": 24.0
    },
    "objects": [
        {
            "object_name": "Cube",
            "bbox_2d": {
                "x_min": 621.8536657127834,
                "y_min": 303.9734454222446,
                "x_max": 1291.2791148306967,
                "y_max": 760.764518099816,
                "width": 669.4254491179133,
                "height": 456.7910726775714,
                "center_x": 956.56639027174,
                "center_y": 532.3689817610302
            },
            "visible_vertices": 8,
            "total_vertices": 8
        }
    ],
    "metadata": {
        "total_objects": 1,
        "render_settings": {
            "resolution_percentage": 50,
            "file_format": "PNG"
        }
    }
}