{
    "frame": "390",
    "image_filename": "render_390.png",
    "image_resolution": {
        "width": 1920,
        "height": 1080
    },
    "camera_parameters": {
        "intrinsic_matrix": [
            [
                2666.666666666667,
                0,
                960.0
            ],
            [
                0,
                2250.0,
                540.0
            ],
            [
                0,
                0,
                1
            ]
        ],
        "extrinsic_matrix": [
            [
                -0.9758423566818237,
                0.218474879860878,
                -1.1920923270736239e-07,
                2.4101390749819984e-07
            ],
            [
                -0.01846015267074108,
                -0.08245369791984558,
                0.9964237809181213,
                -1.2735479231196223e-06
            ],
            [
                0.21769356727600098,
                0.9723526835441589,
                0.08449511229991913,
                -11.256315231323242
            ],
            [
                -0.0,
                -0.0,
                -0.0,
                1.0
            ]
        ],
        "camera_location": [
            2.4504287242889404,
            10.945111274719238,
            0.9511027336120605
        ],
        "camera_rotation_euler": [
            1.1093189716339111,
            0.0,
            0.8149281740188599
        ],
        "camera_rotation_quaternion": [
            0.08092999458312988,
            0.07435762882232666,
            0.6724756360054016,
            0.7319138646125793
        ],
        "focal_length": 50.0,
        "sensor_width": 36.0,
        "sensor_height": 24.0
    },
    "objects": [
        {
            "object_name": "Cube",
            "bbox_2d": {
                "x_min": 654.2692691432642,
                "y_min": 296.76585079944766,
                "x_max": 1227.0398795654078,
                "y_max": 741.8573440983834,
                "width": 572.7706104221436,
                "height": 445.0914932989357,
                "center_x": 940.654574354336,
                "center_y": 519.3115974489156
            },
            "visible_vertices": 8,
            "total_vertices": 8
        }
    ],
    "metadata": {
        "total_objects": 1,
        "render_settings": {
            "resolution_percentage": 50,
            "file_format": "PNG"
        }
    }
}