{
    "frame": "430",
    "image_filename": "render_430.png",
    "image_resolution": {
        "width": 1920,
        "height": 1080
    },
    "camera_parameters": {
        "intrinsic_matrix": [
            [
                2666.666666666667,
                0,
                960.0
            ],
            [
                0,
                2250.0,
                540.0
            ],
            [
                0,
                0,
                1
            ]
        ],
        "extrinsic_matrix": [
            [
                0.6288358569145203,
                0.7775379419326782,
                9.499488129449674e-08,
                -4.788723799720174e-07
            ],
            [
                0.039154306054115295,
                -0.03166618570685387,
                0.9987311363220215,
                -1.1074698704760522e-06
            ],
            [
                0.7765514850616455,
                -0.6280379891395569,
                -0.05035677179694176,
                -11.256314277648926
            ],
            [
                -0.0,
                0.0,
                -0.0,
                1.0
            ]
        ],
        "camera_location": [
            8.741109848022461,
            -7.069395065307617,
            -0.5668309926986694
        ],
        "camera_rotation_euler": [
            1.1093189716339111,
            0.0,
            0.8149281740188599
        ],
        "camera_rotation_quaternion": [
            0.6218547224998474,
            0.6539990305900574,
            0.3121917247772217,
            0.296847403049469
        ],
        "focal_length": 50.0,
        "sensor_width": 36.0,
        "sensor_height": 24.0
    },
    "objects": [
        {
            "object_name": "Cube",
            "bbox_2d": {
                "x_min": 620.8322114001065,
                "y_min": 326.98876446256907,
                "x_max": 1290.2955718949938,
                "y_max": 783.0285652096655,
                "width": 669.4633604948873,
                "height": 456.0398007470965,
                "center_x": 955.5638916475502,
                "center_y": 555.0086648361173
            },
            "visible_vertices": 8,
            "total_vertices": 8
        }
    ],
    "metadata": {
        "total_objects": 1,
        "render_settings": {
            "resolution_percentage": 50,
            "file_format": "PNG"
        }
    }
}