{
    "frame": "956",
    "image_filename": "render_956.png",
    "image_resolution": {
        "width": 1920,
        "height": 1080
    },
    "camera_parameters": {
        "intrinsic_matrix": [
            [
                2666.666666666667,
                0,
                960.0
            ],
            [
                0,
                2250.0,
                540.0
            ],
            [
                0,
                0,
                1
            ]
        ],
        "extrinsic_matrix": [
            [
                -0.9448302984237671,
                0.32756033539772034,
                -6.280607323105869e-08,
                4.768382382280834e-07
            ],
            [
                -0.0006848343764431775,
                -0.001975185703486204,
                0.9999978542327881,
                1.6200421271150844e-07
            ],
            [
                0.32755962014198303,
                0.9448282122612,
                0.0020905223209410906,
                -11.256316184997559
            ],
            [
                -0.0,
                -0.0,
                -0.0,
                1.0
            ]
        ],
        "camera_location": [
            3.6871144771575928,
            10.635284423828125,
            0.023531610146164894
        ],
        "camera_rotation_euler": [
            1.1093189716339111,
            0.0,
            0.8149281740188599
        ],
        "camera_rotation_quaternion": [
            0.11756390333175659,
            0.11731834709644318,
            0.6965566277503967,
            0.6980143189430237
        ],
        "focal_length": 50.0,
        "sensor_width": 36.0,
        "sensor_height": 24.0
    },
    "objects": [
        {
            "object_name": "Cube",
            "bbox_2d": {
                "x_min": 641.013768457547,
                "y_min": 314.0861543916112,
                "x_max": 1245.8141168448617,
                "y_max": 764.8093429567593,
                "width": 604.8003483873147,
                "height": 450.7231885651481,
                "center_x": 943.4139426512044,
                "center_y": 539.4477486741853
            },
            "visible_vertices": 8,
            "total_vertices": 8
        }
    ],
    "metadata": {
        "total_objects": 1,
        "render_settings": {
            "resolution_percentage": 50,
            "file_format": "PNG"
        }
    }
}