{
    "frame": "869",
    "image_filename": "render_869.png",
    "image_resolution": {
        "width": 1920,
        "height": 1080
    },
    "camera_parameters": {
        "intrinsic_matrix": [
            [
                2666.666666666667,
                0,
                960.0
            ],
            [
                0,
                2250.0,
                540.0
            ],
            [
                0,
                0,
                1
            ]
        ],
        "extrinsic_matrix": [
            [
                -0.05657939612865448,
                0.9983980655670166,
                1.8766145615245478e-07,
                -3.586737591376732e-07
            ],
            [
                0.07165390998125076,
                0.004060543607920408,
                0.9974212050437927,
                -2.403551206953125e-07
            ],
            [
                0.9958234429359436,
                0.05643359199166298,
                -0.07176878303289413,
                -11.256315231323242
            ],
            [
                -0.0,
                -0.0,
                -0.0,
                1.0
            ]
        ],
        "camera_location": [
            11.209303855895996,
            0.6352338194847107,
            -0.8078528642654419
        ],
        "camera_rotation_euler": [
            1.1093189716339111,
            0.0,
            0.8149281740188599
        ],
        "camera_rotation_quaternion": [
            0.46789753437042236,
            0.5027745366096497,
            0.5320734977722168,
            0.495164155960083
        ],
        "focal_length": 50.0,
        "sensor_width": 36.0,
        "sensor_height": 24.0
    },
    "objects": [
        {
            "object_name": "Cube",
            "bbox_2d": {
                "x_min": 712.1276029675879,
                "y_min": 335.32359260588476,
                "x_max": 1234.5955866667598,
                "y_max": 774.9742264166283,
                "width": 522.4679836991719,
                "height": 439.65063381074356,
                "center_x": 973.3615948171739,
                "center_y": 555.1489095112565
            },
            "visible_vertices": 8,
            "total_vertices": 8
        }
    ],
    "metadata": {
        "total_objects": 1,
        "render_settings": {
            "resolution_percentage": 50,
            "file_format": "PNG"
        }
    }
}