{
    "frame": "39",
    "image_filename": "render_039.png",
    "image_resolution": {
        "width": 1920,
        "height": 1080
    },
    "camera_parameters": {
        "intrinsic_matrix": [
            [
                2666.666666666667,
                0,
                960.0
            ],
            [
                0,
                2250.0,
                540.0
            ],
            [
                0,
                0,
                1
            ]
        ],
        "extrinsic_matrix": [
            [
                0.9947448372840881,
                0.10238561034202576,
                -1.3038517820973539e-08,
                1.2115368974718876e-07
            ],
            [
                0.016119301319122314,
                -0.1566096991300583,
                0.9875290989875793,
                -3.5727416047848237e-07
            ],
            [
                0.10110876709222794,
                -0.9823394417762756,
                -0.15743707120418549,
                -11.256316184997559
            ],
            [
                -0.0,
                0.0,
                -0.0,
                1.0
            ]
        ],
        "camera_location": [
            1.13811194896698,
            -11.05752182006836,
            -1.7721608877182007
        ],
        "camera_rotation_euler": [
            1.1093189716339111,
            0.0,
            0.8149281740188599
        ],
        "camera_rotation_quaternion": [
            0.6482086777687073,
            0.7597354054450989,
            0.03899545222520828,
            0.03327103704214096
        ],
        "focal_length": 50.0,
        "sensor_width": 36.0,
        "sensor_height": 24.0
    },
    "objects": [
        {
            "object_name": "Cube",
            "bbox_2d": {
                "x_min": 715.7884367548327,
                "y_min": 325.70749497655254,
                "x_max": 1246.3360189519346,
                "y_max": 792.7108147673906,
                "width": 530.547582197102,
                "height": 467.0033197908381,
                "center_x": 981.0622278533837,
                "center_y": 559.2091548719716
            },
            "visible_vertices": 8,
            "total_vertices": 8
        }
    ],
    "metadata": {
        "total_objects": 1,
        "render_settings": {
            "resolution_percentage": 50,
            "file_format": "PNG"
        }
    }
}