{
    "frame": "760",
    "image_filename": "render_760.png",
    "image_resolution": {
        "width": 1920,
        "height": 1080
    },
    "camera_parameters": {
        "intrinsic_matrix": [
            [
                2666.666666666667,
                0,
                960.0
            ],
            [
                0,
                2250.0,
                540.0
            ],
            [
                0,
                0,
                1
            ]
        ],
        "extrinsic_matrix": [
            [
                0.8963130116462708,
                -0.4434219300746918,
                5.960464477539063e-08,
                9.535905292068492e-07
            ],
            [
                0.05687611922621727,
                0.11496694386005402,
                0.9917397499084473,
                1.7590549532542354e-06
            ],
            [
                -0.43975913524627686,
                -0.8889092206954956,
                0.12826648354530334,
                -11.256315231323242
            ],
            [
                -0.0,
                0.0,
                -0.0,
                1.0
            ]
        ],
        "camera_location": [
            -4.950068473815918,
            -10.005843162536621,
            1.4438064098358154
        ],
        "camera_rotation_euler": [
            1.1093189716339111,
            0.0,
            0.8149281740188599
        ],
        "camera_rotation_quaternion": [
            0.7313594818115234,
            0.6428607702255249,
            -0.1503225415945053,
            -0.17101648449897766
        ],
        "focal_length": 50.0,
        "sensor_width": 36.0,
        "sensor_height": 24.0
    },
    "objects": [
        {
            "object_name": "Cube",
            "bbox_2d": {
                "x_min": 625.449653946334,
                "y_min": 279.64996632332134,
                "x_max": 1268.5913867536087,
                "y_max": 750.1729712716035,
                "width": 643.1417328072747,
                "height": 470.52300494828216,
                "center_x": 947.0205203499713,
                "center_y": 514.9114687974625
            },
            "visible_vertices": 8,
            "total_vertices": 8
        }
    ],
    "metadata": {
        "total_objects": 1,
        "render_settings": {
            "resolution_percentage": 50,
            "file_format": "PNG"
        }
    }
}