{
    "frame": "119",
    "image_filename": "render_119.png",
    "image_resolution": {
        "width": 1920,
        "height": 1080
    },
    "camera_parameters": {
        "intrinsic_matrix": [
            [
                2666.666666666667,
                0,
                960.0
            ],
            [
                0,
                2250.0,
                540.0
            ],
            [
                0,
                0,
                1
            ]
        ],
        "extrinsic_matrix": [
            [
                -0.8109399676322937,
                -0.5851292610168457,
                2.2351736461700966e-08,
                -7.401828594488791e-10
            ],
            [
                0.031375885009765625,
                -0.043484240770339966,
                0.9985612034797668,
                -2.158310508093564e-06
            ],
            [
                -0.5842874050140381,
                0.809773325920105,
                0.053622182458639145,
                -11.256316184997559
            ],
            [
                -0.0,
                0.0,
                -0.0,
                1.0
            ]
        ],
        "camera_location": [
            -6.576923847198486,
            9.11506462097168,
            0.6035890579223633
        ],
        "camera_rotation_euler": [
            1.1093189716339111,
            0.0,
            0.8149281740188599
        ],
        "camera_rotation_quaternion": [
            0.22315791249275208,
            0.21149595081806183,
            -0.6545673608779907,
            -0.690660297870636
        ],
        "focal_length": 50.0,
        "sensor_width": 36.0,
        "sensor_height": 24.0
    },
    "objects": [
        {
            "object_name": "Cube",
            "bbox_2d": {
                "x_min": 634.2393347194272,
                "y_min": 296.43074208051496,
                "x_max": 1299.1437122094785,
                "y_max": 751.8870755424086,
                "width": 664.9043774900513,
                "height": 455.4563334618937,
                "center_x": 966.6915234644529,
                "center_y": 524.1589088114617
            },
            "visible_vertices": 8,
            "total_vertices": 8
        }
    ],
    "metadata": {
        "total_objects": 1,
        "render_settings": {
            "resolution_percentage": 50,
            "file_format": "PNG"
        }
    }
}