{
    "frame": "778",
    "image_filename": "render_778.png",
    "image_resolution": {
        "width": 1920,
        "height": 1080
    },
    "camera_parameters": {
        "intrinsic_matrix": [
            [
                2666.666666666667,
                0,
                960.0
            ],
            [
                0,
                2250.0,
                540.0
            ],
            [
                0,
                0,
                1
            ]
        ],
        "extrinsic_matrix": [
            [
                0.717089056968689,
                -0.6969814896583557,
                -1.4901157641133977e-08,
                3.647723012534243e-09
            ],
            [
                -0.08266168087720871,
                -0.08504637330770493,
                0.9929420351982117,
                8.013083174773783e-07
            ],
            [
                -0.692062258720398,
                -0.712027907371521,
                -0.11859947443008423,
                -11.256315231323242
            ],
            [
                -0.0,
                0.0,
                -0.0,
                1.0
            ]
        ],
        "camera_location": [
            -7.790071964263916,
            -8.014812469482422,
            -1.3349943161010742
        ],
        "camera_rotation_euler": [
            1.1093189716339111,
            0.0,
            0.8149281740188599
        ],
        "camera_rotation_quaternion": [
            0.615110456943512,
            0.6929529309272766,
            -0.2812756597995758,
            -0.24967868626117706
        ],
        "focal_length": 50.0,
        "sensor_width": 36.0,
        "sensor_height": 24.0
    },
    "objects": [
        {
            "object_name": "Cube",
            "bbox_2d": {
                "x_min": 620.8257162625625,
                "y_min": 331.7795189839402,
                "x_max": 1297.960412639312,
                "y_max": 801.9105850963451,
                "width": 677.1346963767494,
                "height": 470.13106611240494,
                "center_x": 959.3930644509372,
                "center_y": 566.8450520401427
            },
            "visible_vertices": 8,
            "total_vertices": 8
        }
    ],
    "metadata": {
        "total_objects": 1,
        "render_settings": {
            "resolution_percentage": 50,
            "file_format": "PNG"
        }
    }
}