{
    "frame": "569",
    "image_filename": "render_569.png",
    "image_resolution": {
        "width": 1920,
        "height": 1080
    },
    "camera_parameters": {
        "intrinsic_matrix": [
            [
                2666.666666666667,
                0,
                960.0
            ],
            [
                0,
                2250.0,
                540.0
            ],
            [
                0,
                0,
                1
            ]
        ],
        "extrinsic_matrix": [
            [
                -0.8331520557403564,
                0.5530436635017395,
                -1.322477629628338e-07,
                -4.7648816803302907e-07
            ],
            [
                -0.023769348859786987,
                -0.03580782189965248,
                0.9990758895874023,
                -1.0745359304564772e-06
            ],
            [
                0.5525326728820801,
                0.832382321357727,
                0.04297906160354614,
                -11.256316184997559
            ],
            [
                -0.0,
                -0.0,
                -0.0,
                1.0
            ]
        ],
        "camera_location": [
            6.219482898712158,
            9.369559288024902,
            0.48378467559814453
        ],
        "camera_rotation_euler": [
            1.1093189716339111,
            0.0,
            0.8149281740188599
        ],
        "camera_rotation_quaternion": [
            0.20857784152030945,
            0.1997978687286377,
            0.6622623205184937,
            0.6913644671440125
        ],
        "focal_length": 50.0,
        "sensor_width": 36.0,
        "sensor_height": 24.0
    },
    "objects": [
        {
            "object_name": "Cube",
            "bbox_2d": {
                "x_min": 621.908422450467,
                "y_min": 299.74575234891245,
                "x_max": 1281.6273851842263,
                "y_max": 755.077211198438,
                "width": 659.7189627337593,
                "height": 455.3314588495256,
                "center_x": 951.7679038173467,
                "center_y": 527.4114817736752
            },
            "visible_vertices": 8,
            "total_vertices": 8
        }
    ],
    "metadata": {
        "total_objects": 1,
        "render_settings": {
            "resolution_percentage": 50,
            "file_format": "PNG"
        }
    }
}