{
    "frame": "235",
    "image_filename": "render_235.png",
    "image_resolution": {
        "width": 1920,
        "height": 1080
    },
    "camera_parameters": {
        "intrinsic_matrix": [
            [
                2666.666666666667,
                0,
                960.0
            ],
            [
                0,
                2250.0,
                540.0
            ],
            [
                0,
                0,
                1
            ]
        ],
        "extrinsic_matrix": [
            [
                0.9200197458267212,
                -0.39187198877334595,
                1.4901161193847656e-08,
                -4.78698154893209e-07
            ],
            [
                0.019145134836435318,
                0.04494815692305565,
                0.998805820941925,
                -1.2521280723376549e-06
            ],
            [
                -0.39140403270721436,
                -0.9189211130142212,
                0.04885563626885414,
                -11.256315231323242
            ],
            [
                -0.0,
                0.0,
                -0.0,
                1.0
            ]
        ],
        "camera_location": [
            -4.40576696395874,
            -10.343667030334473,
            0.5499357581138611
        ],
        "camera_rotation_euler": [
            1.1093189716339111,
            0.0,
            0.8149281740188599
        ],
        "camera_rotation_quaternion": [
            0.7095462679862976,
            0.6756877899169922,
            -0.13790646195411682,
            -0.14481689035892487
        ],
        "focal_length": 50.0,
        "sensor_width": 36.0,
        "sensor_height": 24.0
    },
    "objects": [
        {
            "object_name": "Cube",
            "bbox_2d": {
                "x_min": 632.434849984342,
                "y_min": 300.7240671952429,
                "x_max": 1258.1155515319026,
                "y_max": 752.4958809698264,
                "width": 625.6807015475606,
                "height": 451.7718137745835,
                "center_x": 945.2752007581223,
                "center_y": 526.6099740825347
            },
            "visible_vertices": 8,
            "total_vertices": 8
        }
    ],
    "metadata": {
        "total_objects": 1,
        "render_settings": {
            "resolution_percentage": 50,
            "file_format": "PNG"
        }
    }
}