{
    "frame": "526",
    "image_filename": "render_526.png",
    "image_resolution": {
        "width": 1920,
        "height": 1080
    },
    "camera_parameters": {
        "intrinsic_matrix": [
            [
                2666.666666666667,
                0,
                960.0
            ],
            [
                0,
                2250.0,
                540.0
            ],
            [
                0,
                0,
                1
            ]
        ],
        "extrinsic_matrix": [
            [
                -0.48797187209129333,
                0.8728591799736023,
                1.57393458266597e-07,
                4.7679233716735325e-07
            ],
            [
                -0.029245974496006966,
                -0.016350042074918747,
                0.9994384050369263,
                -1.3011706414545188e-06
            ],
            [
                0.872369110584259,
                0.4876979887485504,
                0.033506136387586594,
                -11.256316184997559
            ],
            [
                -0.0,
                0.0,
                -0.0,
                1.0
            ]
        ],
        "camera_location": [
            9.819664001464844,
            5.489682197570801,
            0.3771553039550781
        ],
        "camera_rotation_euler": [
            1.1093189716339111,
            0.0,
            0.8149281740188599
        ],
        "camera_rotation_quaternion": [
            0.3637252151966095,
            0.3517357409000397,
            0.5996073484420776,
            0.6200460195541382
        ],
        "focal_length": 50.0,
        "sensor_width": 36.0,
        "sensor_height": 24.0
    },
    "objects": [
        {
            "object_name": "Cube",
            "bbox_2d": {
                "x_min": 647.3667393895016,
                "y_min": 303.20359165194577,
                "x_max": 1294.825127920484,
                "y_max": 757.6009626095405,
                "width": 647.4583885309823,
                "height": 454.3973709575947,
                "center_x": 971.0959336549928,
                "center_y": 530.4022771307432
            },
            "visible_vertices": 8,
            "total_vertices": 8
        }
    ],
    "metadata": {
        "total_objects": 1,
        "render_settings": {
            "resolution_percentage": 50,
            "file_format": "PNG"
        }
    }
}