{
    "frame": "356",
    "image_filename": "render_356.png",
    "image_resolution": {
        "width": 1920,
        "height": 1080
    },
    "camera_parameters": {
        "intrinsic_matrix": [
            [
                2666.666666666667,
                0,
                960.0
            ],
            [
                0,
                2250.0,
                540.0
            ],
            [
                0,
                0,
                1
            ]
        ],
        "extrinsic_matrix": [
            [
                0.5240182280540466,
                -0.851706862449646,
                -5.9604616353681195e-08,
                4.770330406245193e-07
            ],
            [
                0.02868153341114521,
                0.017646566033363342,
                0.9994325637817383,
                -1.968032393051544e-06
            ],
            [
                -0.8512238264083862,
                -0.5237208604812622,
                0.03367545083165169,
                -11.25631332397461
            ],
            [
                -0.0,
                0.0,
                -0.0,
                1.0
            ]
        ],
        "camera_location": [
            -9.581645965576172,
            -5.895169734954834,
            0.37906286120414734
        ],
        "camera_rotation_euler": [
            1.1093189716339111,
            0.0,
            0.8149281740188599
        ],
        "camera_rotation_quaternion": [
            0.6275628805160522,
            0.6067734956741333,
            -0.33909913897514343,
            -0.35071736574172974
        ],
        "focal_length": 50.0,
        "sensor_width": 36.0,
        "sensor_height": 24.0
    },
    "objects": [
        {
            "object_name": "Cube",
            "bbox_2d": {
                "x_min": 642.3760376070634,
                "y_min": 302.6872839994933,
                "x_max": 1296.7190175884427,
                "y_max": 757.7647556351385,
                "width": 654.3429799813794,
                "height": 455.0774716356452,
                "center_x": 969.5475275977531,
                "center_y": 530.2260198173159
            },
            "visible_vertices": 8,
            "total_vertices": 8
        }
    ],
    "metadata": {
        "total_objects": 1,
        "render_settings": {
            "resolution_percentage": 50,
            "file_format": "PNG"
        }
    }
}