{
    "frame": "942",
    "image_filename": "render_942.png",
    "image_resolution": {
        "width": 1920,
        "height": 1080
    },
    "camera_parameters": {
        "intrinsic_matrix": [
            [
                2666.666666666667,
                0,
                960.0
            ],
            [
                0,
                2250.0,
                540.0
            ],
            [
                0,
                0,
                1
            ]
        ],
        "extrinsic_matrix": [
            [
                0.9969943761825562,
                0.07747415453195572,
                6.51925669004072e-09,
                5.991697094032133e-08
            ],
            [
                0.004600126761943102,
                -0.05919777229428291,
                0.9982355237007141,
                -9.560027365296264e-07
            ],
            [
                0.07733745872974396,
                -0.9952352643013,
                -0.05937623605132103,
                -11.256314277648926
            ],
            [
                -0.0,
                0.0,
                -0.0,
                1.0
            ]
        ],
        "camera_location": [
            0.8705347776412964,
            -11.202683448791504,
            -0.6683568358421326
        ],
        "camera_rotation_euler": [
            1.1093189716339111,
            0.0,
            0.8149281740188599
        ],
        "camera_rotation_quaternion": [
            0.6852774620056152,
            0.7272496819496155,
            0.028213925659656525,
            0.026585595682263374
        ],
        "focal_length": 50.0,
        "sensor_width": 36.0,
        "sensor_height": 24.0
    },
    "objects": [
        {
            "object_name": "Cube",
            "bbox_2d": {
                "x_min": 717.8066318857486,
                "y_min": 332.33395382570313,
                "x_max": 1238.7467722733818,
                "y_max": 773.285723483051,
                "width": 520.9401403876332,
                "height": 440.9517696573479,
                "center_x": 978.2767020795652,
                "center_y": 552.809838654377
            },
            "visible_vertices": 8,
            "total_vertices": 8
        }
    ],
    "metadata": {
        "total_objects": 1,
        "render_settings": {
            "resolution_percentage": 50,
            "file_format": "PNG"
        }
    }
}