{
    "frame": "617",
    "image_filename": "render_617.png",
    "image_resolution": {
        "width": 1920,
        "height": 1080
    },
    "camera_parameters": {
        "intrinsic_matrix": [
            [
                2666.666666666667,
                0,
                960.0
            ],
            [
                0,
                2250.0,
                540.0
            ],
            [
                0,
                0,
                1
            ]
        ],
        "extrinsic_matrix": [
            [
                0.8354067802429199,
                0.54963219165802,
                -1.1175871783564162e-08,
                4.7065012154234864e-07
            ],
            [
                0.06978114694356918,
                -0.10606300830841064,
                0.9919078946113586,
                -2.974583992454427e-07
            ],
            [
                0.5451844930648804,
                -0.8286466002464294,
                -0.12695972621440887,
                -11.256316184997559
            ],
            [
                -0.0,
                0.0,
                -0.0,
                1.0
            ]
        ],
        "camera_location": [
            6.136768341064453,
            -9.327507972717285,
            -1.42909836769104
        ],
        "camera_rotation_euler": [
            1.1093189716339111,
            0.0,
            0.8149281740188599
        ],
        "camera_rotation_quaternion": [
            0.6329265236854553,
            0.7191017866134644,
            0.2153427004814148,
            0.18953660130500793
        ],
        "focal_length": 50.0,
        "sensor_width": 36.0,
        "sensor_height": 24.0
    },
    "objects": [
        {
            "object_name": "Cube",
            "bbox_2d": {
                "x_min": 636.378065794461,
                "y_min": 329.858151459337,
                "x_max": 1300.5376919409812,
                "y_max": 802.4962198675566,
                "width": 664.1596261465202,
                "height": 472.6380684082196,
                "center_x": 968.4578788677211,
                "center_y": 566.1771856634468
            },
            "visible_vertices": 8,
            "total_vertices": 8
        }
    ],
    "metadata": {
        "total_objects": 1,
        "render_settings": {
            "resolution_percentage": 50,
            "file_format": "PNG"
        }
    }
}