{
    "frame": "513",
    "image_filename": "render_513.png",
    "image_resolution": {
        "width": 1920,
        "height": 1080
    },
    "camera_parameters": {
        "intrinsic_matrix": [
            [
                2666.666666666667,
                0,
                960.0
            ],
            [
                0,
                2250.0,
                540.0
            ],
            [
                0,
                0,
                1
            ]
        ],
        "extrinsic_matrix": [
            [
                0.49269941449165344,
                -0.8701995611190796,
                -1.0896472701915627e-07,
                4.7701604444228e-07
            ],
            [
                -0.03127652034163475,
                -0.017708541825413704,
                0.99935382604599,
                -7.800259709256352e-07
            ],
            [
                -0.8696373105049133,
                -0.4923809766769409,
                -0.03594176471233368,
                -11.256316184997559
            ],
            [
                -0.0,
                0.0,
                -0.0,
                1.0
            ]
        ],
        "camera_location": [
            -9.788912773132324,
            -5.542396545410156,
            -0.404571533203125
        ],
        "camera_rotation_euler": [
            1.1093189716339111,
            0.0,
            0.8149281740188599
        ],
        "camera_rotation_quaternion": [
            0.5998018980026245,
            0.6217615604400635,
            -0.36246857047080994,
            -0.3496667742729187
        ],
        "focal_length": 50.0,
        "sensor_width": 36.0,
        "sensor_height": 24.0
    },
    "objects": [
        {
            "object_name": "Cube",
            "bbox_2d": {
                "x_min": 646.6257484206818,
                "y_min": 323.094528665593,
                "x_max": 1295.1799450352526,
                "y_max": 777.5331010877098,
                "width": 648.5541966145707,
                "height": 454.43857242211686,
                "center_x": 970.9028467279672,
                "center_y": 550.3138148766513
            },
            "visible_vertices": 8,
            "total_vertices": 8
        }
    ],
    "metadata": {
        "total_objects": 1,
        "render_settings": {
            "resolution_percentage": 50,
            "file_format": "PNG"
        }
    }
}