{
    "frame": "460",
    "image_filename": "render_460.png",
    "image_resolution": {
        "width": 1920,
        "height": 1080
    },
    "camera_parameters": {
        "intrinsic_matrix": [
            [
                2666.666666666667,
                0,
                960.0
            ],
            [
                0,
                2250.0,
                540.0
            ],
            [
                0,
                0,
                1
            ]
        ],
        "extrinsic_matrix": [
            [
                -0.07620076835155487,
                0.9970924854278564,
                1.164153076160801e-07,
                -1.1992858617304591e-06
            ],
            [
                -0.10481797158718109,
                -0.008010580204427242,
                0.9944590926170349,
                -3.486396167318162e-07
            ],
            [
                0.9915677309036255,
                0.07577858120203018,
                0.10512367635965347,
                -11.256317138671875
            ],
            [
                -0.0,
                0.0,
                -0.0,
                1.0
            ]
        ],
        "camera_location": [
            11.161399841308594,
            0.8529883623123169,
            1.1833051443099976
        ],
        "camera_rotation_euler": [
            1.1093189716339111,
            0.0,
            0.8149281740188599
        ],
        "camera_rotation_quaternion": [
            0.5052010416984558,
            0.4546114206314087,
            0.4906797707080841,
            0.5452831983566284
        ],
        "focal_length": 50.0,
        "sensor_width": 36.0,
        "sensor_height": 24.0
    },
    "objects": [
        {
            "object_name": "Cube",
            "bbox_2d": {
                "x_min": 716.4710835458106,
                "y_min": 297.97792540674845,
                "x_max": 1239.629224322397,
                "y_max": 743.9029506204619,
                "width": 523.1581407765864,
                "height": 445.9250252137134,
                "center_x": 978.0501539341038,
                "center_y": 520.9404380136052
            },
            "visible_vertices": 8,
            "total_vertices": 8
        }
    ],
    "metadata": {
        "total_objects": 1,
        "render_settings": {
            "resolution_percentage": 50,
            "file_format": "PNG"
        }
    }
}