{
    "frame": "660",
    "image_filename": "render_660.png",
    "image_resolution": {
        "width": 1920,
        "height": 1080
    },
    "camera_parameters": {
        "intrinsic_matrix": [
            [
                2666.666666666667,
                0,
                960.0
            ],
            [
                0,
                2250.0,
                540.0
            ],
            [
                0,
                0,
                1
            ]
        ],
        "extrinsic_matrix": [
            [
                0.14182984828948975,
                -0.9898910522460938,
                -1.8952411551254045e-07,
                -5.965414402453462e-07
            ],
            [
                0.037351857870817184,
                0.00535156624391675,
                0.9992878437042236,
                -3.276818176800589e-07
            ],
            [
                -0.9891861081123352,
                -0.14172880351543427,
                0.037733323872089386,
                -11.256316184997559
            ],
            [
                -0.0,
                0.0,
                -0.0,
                1.0
            ]
        ],
        "camera_location": [
            -11.134591102600098,
            -1.595345377922058,
            0.4247380495071411
        ],
        "camera_rotation_euler": [
            1.1093189716339111,
            0.0,
            0.8149281740188599
        ],
        "camera_rotation_quaternion": [
            0.5442689657211304,
            0.5241051912307739,
            -0.45436450839042664,
            -0.4718452990055084
        ],
        "focal_length": 50.0,
        "sensor_width": 36.0,
        "sensor_height": 24.0
    },
    "objects": [
        {
            "object_name": "Cube",
            "bbox_2d": {
                "x_min": 709.8831293101995,
                "y_min": 309.31515926563077,
                "x_max": 1250.9929792848304,
                "y_max": 753.3609201378335,
                "width": 541.109849974631,
                "height": 444.0457608722028,
                "center_x": 980.438054297515,
                "center_y": 531.3380397017322
            },
            "visible_vertices": 8,
            "total_vertices": 8
        }
    ],
    "metadata": {
        "total_objects": 1,
        "render_settings": {
            "resolution_percentage": 50,
            "file_format": "PNG"
        }
    }
}