{
    "frame": "389",
    "image_filename": "render_389.png",
    "image_resolution": {
        "width": 1920,
        "height": 1080
    },
    "camera_parameters": {
        "intrinsic_matrix": [
            [
                2666.666666666667,
                0,
                960.0
            ],
            [
                0,
                2250.0,
                540.0
            ],
            [
                0,
                0,
                1
            ]
        ],
        "extrinsic_matrix": [
            [
                -0.7514681816101074,
                -0.6597692966461182,
                -1.30385160446167e-07,
                1.4330850035548792e-06
            ],
            [
                0.07161729782819748,
                -0.0815713107585907,
                0.9940910935401917,
                3.8672209257129e-07
            ],
            [
                -0.655870795249939,
                0.7470278739929199,
                0.10854916274547577,
                -11.256317138671875
            ],
            [
                0.0,
                0.0,
                -0.0,
                1.0
            ]
        ],
        "camera_location": [
            -7.382688045501709,
            8.408782005310059,
            1.221863031387329
        ],
        "camera_rotation_euler": [
            1.1093189716339111,
            0.0,
            0.8149281740188599
        ],
        "camera_rotation_quaternion": [
            0.2624450623989105,
            0.23534759879112244,
            -0.6247695088386536,
            -0.6967045068740845
        ],
        "focal_length": 50.0,
        "sensor_width": 36.0,
        "sensor_height": 24.0
    },
    "objects": [
        {
            "object_name": "Cube",
            "bbox_2d": {
                "x_min": 625.1545013900736,
                "y_min": 280.87665424071497,
                "x_max": 1300.3661777027064,
                "y_max": 745.6767387370588,
                "width": 675.2116763126328,
                "height": 464.80008449634386,
                "center_x": 962.76033954639,
                "center_y": 513.276696488887
            },
            "visible_vertices": 8,
            "total_vertices": 8
        }
    ],
    "metadata": {
        "total_objects": 1,
        "render_settings": {
            "resolution_percentage": 50,
            "file_format": "PNG"
        }
    }
}