{
    "frame": "626",
    "image_filename": "render_626.png",
    "image_resolution": {
        "width": 1920,
        "height": 1080
    },
    "camera_parameters": {
        "intrinsic_matrix": [
            [
                2666.666666666667,
                0,
                960.0
            ],
            [
                0,
                2250.0,
                540.0
            ],
            [
                0,
                0,
                1
            ]
        ],
        "extrinsic_matrix": [
            [
                0.9467370510101318,
                -0.32200780510902405,
                -2.2351741790771484e-08,
                4.764429490933253e-07
            ],
            [
                0.03922596946358681,
                0.11532844603061676,
                0.992552638053894,
                3.865624478294194e-07
            ],
            [
                -0.319609671831131,
                -0.9396863579750061,
                0.12181677669286728,
                -11.256317138671875
            ],
            [
                -0.0,
                0.0,
                -0.0,
                1.0
            ]
        ],
        "camera_location": [
            -3.597627878189087,
            -10.57740592956543,
            1.3712078332901
        ],
        "camera_rotation_euler": [
            1.1093189716339111,
            0.0,
            0.8149281740188599
        ],
        "camera_rotation_quaternion": [
            0.7388982176780701,
            0.6537567973136902,
            -0.10813723504543304,
            -0.12222040444612503
        ],
        "focal_length": 50.0,
        "sensor_width": 36.0,
        "sensor_height": 24.0
    },
    "objects": [
        {
            "object_name": "Cube",
            "bbox_2d": {
                "x_min": 638.2209837633372,
                "y_min": 284.93218710259987,
                "x_max": 1247.8298688679665,
                "y_max": 748.248694851282,
                "width": 609.6088851046293,
                "height": 463.31650774868217,
                "center_x": 943.0254263156519,
                "center_y": 516.590440976941
            },
            "visible_vertices": 8,
            "total_vertices": 8
        }
    ],
    "metadata": {
        "total_objects": 1,
        "render_settings": {
            "resolution_percentage": 50,
            "file_format": "PNG"
        }
    }
}