{
    "frame": "16",
    "image_filename": "render_016.png",
    "image_resolution": {
        "width": 1920,
        "height": 1080
    },
    "camera_parameters": {
        "intrinsic_matrix": [
            [
                2666.666666666667,
                0,
                960.0
            ],
            [
                0,
                2250.0,
                540.0
            ],
            [
                0,
                0,
                1
            ]
        ],
        "extrinsic_matrix": [
            [
                -0.3974713087081909,
                -0.9176144599914551,
                -2.048908953611317e-07,
                4.76367119972565e-07
            ],
            [
                -0.024037597700953484,
                0.01041197869926691,
                0.9996567964553833,
                -1.0017506610893179e-06
            ],
            [
                -0.9172995686531067,
                0.397335022687912,
                -0.026195520535111427,
                -11.256315231323242
            ],
            [
                -0.0,
                0.0,
                -0.0,
                1.0
            ]
        ],
        "camera_location": [
            -10.32541561126709,
            4.472527980804443,
            -0.29486629366874695
        ],
        "camera_rotation_euler": [
            1.1093189716339111,
            0.0,
            0.8149281740188599
        ],
        "camera_rotation_quaternion": [
            0.38299643993377686,
            0.3931642174720764,
            -0.5987651944160461,
            -0.5832803845405579
        ],
        "focal_length": 50.0,
        "sensor_width": 36.0,
        "sensor_height": 24.0
    },
    "objects": [
        {
            "object_name": "Cube",
            "bbox_2d": {
                "x_min": 632.5633633625077,
                "y_min": 320.97708390240007,
                "x_max": 1258.4568875192872,
                "y_max": 773.4235592288078,
                "width": 625.8935241567794,
                "height": 452.4464753264077,
                "center_x": 945.5101254408975,
                "center_y": 547.2003215656039
            },
            "visible_vertices": 8,
            "total_vertices": 8
        }
    ],
    "metadata": {
        "total_objects": 1,
        "render_settings": {
            "resolution_percentage": 50,
            "file_format": "PNG"
        }
    }
}