{
    "frame": "218",
    "image_filename": "render_218.png",
    "image_resolution": {
        "width": 1920,
        "height": 1080
    },
    "camera_parameters": {
        "intrinsic_matrix": [
            [
                2666.666666666667,
                0,
                960.0
            ],
            [
                0,
                2250.0,
                540.0
            ],
            [
                0,
                0,
                1
            ]
        ],
        "extrinsic_matrix": [
            [
                0.9987739324569702,
                0.04950512573122978,
                1.0244545656235005e-08,
                5.980731287991148e-08
            ],
            [
                -0.004940876271575689,
                0.09968292713165283,
                0.9950069189071655,
                -2.9841387458873214e-06
            ],
            [
                0.04925794154405594,
                -0.9937869310379028,
                0.0998053029179573,
                -11.256316184997559
            ],
            [
                -0.0,
                0.0,
                -0.0,
                1.0
            ]
        ],
        "camera_location": [
            0.5544628500938416,
            -11.186380386352539,
            1.1234431266784668
        ],
        "camera_rotation_euler": [
            1.1093189716339111,
            0.0,
            0.8149281740188599
        ],
        "camera_rotation_quaternion": [
            0.7413269281387329,
            0.670687198638916,
            0.016611406579613686,
            0.01836099475622177
        ],
        "focal_length": 50.0,
        "sensor_width": 36.0,
        "sensor_height": 24.0
    },
    "objects": [
        {
            "object_name": "Cube",
            "bbox_2d": {
                "x_min": 709.701674226495,
                "y_min": 300.09334388750926,
                "x_max": 1233.7383256324213,
                "y_max": 742.80758759212,
                "width": 524.0366514059262,
                "height": 442.7142437046107,
                "center_x": 971.7199999294581,
                "center_y": 521.4504657398146
            },
            "visible_vertices": 8,
            "total_vertices": 8
        }
    ],
    "metadata": {
        "total_objects": 1,
        "render_settings": {
            "resolution_percentage": 50,
            "file_format": "PNG"
        }
    }
}