{
    "image_filename": "render_v2.png",
    "image_resolution": {
        "width": 1920,
        "height": 1080
    },
    "objects": [
        {
            "object_name": "Cube",
            "bbox_2d": {
                "x_min": 610.5794334411621,
                "y_min": 190.04703998565674,
                "x_max": 1307.944107055664,
                "y_max": 914.3094402551651,
                "width": 697.364673614502,
                "height": 724.2624002695084,
                "center_x": 959.2617702484131,
                "center_y": 552.1782401204109
            },
            "visible_vertices": 8,
            "total_vertices": 8
        }
    ],
    "metadata": {
        "total_objects": 1
    }
}