{
    "frame": "485",
    "image_filename": "render_485.png",
    "image_resolution": {
        "width": 1920,
        "height": 1080
    },
    "camera_parameters": {
        "intrinsic_matrix": [
            [
                2666.666666666667,
                0,
                960.0
            ],
            [
                0,
                2250.0,
                540.0
            ],
            [
                0,
                0,
                1
            ]
        ],
        "extrinsic_matrix": [
            [
                0.6040418148040771,
                -0.7969526052474976,
                3.7252894102834944e-09,
                0.11207418143749237
            ],
            [
                0.06514854729175568,
                0.04937874153256416,
                0.9966529607772827,
                -1.07511568069458
            ],
            [
                -0.794285237789154,
                -0.6020200252532959,
                0.0817471593618393,
                -11.688772201538086
            ],
            [
                -0.0,
                0.0,
                -0.0,
                1.0
            ]
        ],
        "camera_location": [
            -9.281876564025879,
            -6.894472122192383,
            2.027041435241699
        ],
        "camera_rotation_euler": [
            1.1093189716339111,
            0.0,
            0.8149281740188599
        ],
        "camera_rotation_quaternion": [
            0.6586288809776306,
            0.6068187355995178,
            -0.30149203538894653,
            -0.32723334431648254
        ],
        "focal_length": 50.0,
        "sensor_width": 36.0,
        "sensor_height": 24.0
    },
    "objects": [
        {
            "object_name": "Cube",
            "bbox_2d": {
                "x_min": 427.0100498199463,
                "y_min": 102.49536037445068,
                "x_max": 1425.2992630004883,
                "y_max": 1004.0337413549423,
                "width": 998.289213180542,
                "height": 901.5383809804916,
                "center_x": 926.1546564102173,
                "center_y": 553.2645508646965
            },
            "visible_vertices": 8,
            "total_vertices": 8
        }
    ],
    "metadata": {
        "total_objects": 1,
        "render_settings": {
            "resolution_percentage": 50,
            "file_format": "PNG"
        }
    }
}