{
    "frame": "329",
    "image_filename": "render_329.png",
    "image_resolution": {
        "width": 1920,
        "height": 1080
    },
    "camera_parameters": {
        "intrinsic_matrix": [
            [
                2666.666666666667,
                0,
                960.0
            ],
            [
                0,
                2250.0,
                540.0
            ],
            [
                0,
                0,
                1
            ]
        ],
        "extrinsic_matrix": [
            [
                0.6252915859222412,
                0.7803912162780762,
                -7.450580596923828e-08,
                0.05501692369580269
            ],
            [
                -0.11177811026573181,
                0.08956276625394821,
                0.9896889925003052,
                -1.0930368900299072
            ],
            [
                0.7723445892333984,
                -0.6188440918922424,
                0.1432335078716278,
                -11.542757034301758
            ],
            [
                -0.0,
                0.0,
                -0.0,
                1.0
            ]
        ],
        "camera_location": [
            8.758406639099121,
            -7.0882062911987305,
            2.7350759506225586
        ],
        "camera_rotation_euler": [
            1.1093189716339111,
            0.0,
            0.8149281740188599
        ],
        "camera_rotation_quaternion": [
            0.6815584897994995,
            0.5900201797485352,
            0.2833009660243988,
            0.32725343108177185
        ],
        "focal_length": 50.0,
        "sensor_width": 36.0,
        "sensor_height": 24.0
    },
    "objects": [
        {
            "object_name": "Cube",
            "bbox_2d": {
                "x_min": 500.10189056396484,
                "y_min": 82.76767015457153,
                "x_max": 1410.231056213379,
                "y_max": 883.1185573339462,
                "width": 910.1291656494141,
                "height": 800.3508871793747,
                "center_x": 955.1664733886719,
                "center_y": 482.9431137442589
            },
            "visible_vertices": 8,
            "total_vertices": 8
        }
    ],
    "metadata": {
        "total_objects": 1,
        "render_settings": {
            "resolution_percentage": 50,
            "file_format": "PNG"
        }
    }
}