{
    "frame": "722",
    "image_filename": "render_722.png",
    "image_resolution": {
        "width": 1920,
        "height": 1080
    },
    "camera_parameters": {
        "intrinsic_matrix": [
            [
                2666.666666666667,
                0,
                960.0
            ],
            [
                0,
                2250.0,
                540.0
            ],
            [
                0,
                0,
                1
            ]
        ],
        "extrinsic_matrix": [
            [
                0.8768934607505798,
                -0.48068487644195557,
                -5.727633123342457e-08,
                0.1370035856962204
            ],
            [
                0.00478493282571435,
                0.008728929795324802,
                0.9999504089355469,
                -1.0853257179260254
            ],
            [
                -0.4806610643863678,
                -0.876849889755249,
                0.00995439849793911,
                -11.783709526062012
            ],
            [
                -0.0,
                0.0,
                -0.0,
                1.0
            ]
        ],
        "camera_location": [
            -5.778914451599121,
            -10.257216453552246,
            1.2025715112686157
        ],
        "camera_rotation_euler": [
            1.1093189716339111,
            0.0,
            0.8149281740188599
        ],
        "camera_rotation_quaternion": [
            0.6883997917175293,
            0.6815809011459351,
            -0.1745573878288269,
            -0.17630375921726227
        ],
        "focal_length": 50.0,
        "sensor_width": 36.0,
        "sensor_height": 24.0
    },
    "objects": [
        {
            "object_name": "Cube",
            "bbox_2d": {
                "x_min": 456.46081924438477,
                "y_min": 102.64090776443481,
                "x_max": 1481.4450073242188,
                "y_max": 970.201022028923,
                "width": 1024.984188079834,
                "height": 867.5601142644882,
                "center_x": 968.9529132843018,
                "center_y": 536.4209648966789
            },
            "visible_vertices": 8,
            "total_vertices": 8
        }
    ],
    "metadata": {
        "total_objects": 1,
        "render_settings": {
            "resolution_percentage": 50,
            "file_format": "PNG"
        }
    }
}