{
    "frame": "99",
    "image_filename": "render_099.png",
    "image_resolution": {
        "width": 1920,
        "height": 1080
    },
    "camera_parameters": {
        "intrinsic_matrix": [
            [
                2666.666666666667,
                0,
                960.0
            ],
            [
                0,
                2250.0,
                540.0
            ],
            [
                0,
                0,
                1
            ]
        ],
        "extrinsic_matrix": [
            [
                -0.9604054093360901,
                -0.27860578894615173,
                -1.0896471280830156e-07,
                -0.11945980042219162
            ],
            [
                0.007432130165398121,
                -0.025620246306061745,
                0.9996441006660461,
                -1.0833274126052856
            ],
            [
                -0.2785066068172455,
                0.9600636959075928,
                0.0266766007989645,
                -11.618501663208008
            ],
            [
                0.0,
                0.0,
                -0.0,
                1.0
            ]
        ],
        "camera_location": [
            -3.342508316040039,
            11.093464851379395,
            1.3928824663162231
        ],
        "camera_rotation_euler": [
            1.1093189716339111,
            0.0,
            0.8149281740188599
        ],
        "camera_rotation_quaternion": [
            0.10081006586551666,
            0.09815579652786255,
            -0.6906715631484985,
            -0.709348738193512
        ],
        "focal_length": 50.0,
        "sensor_width": 36.0,
        "sensor_height": 24.0
    },
    "objects": [
        {
            "object_name": "Cube",
            "bbox_2d": {
                "x_min": 525.9881401062012,
                "y_min": 126.65712833404541,
                "x_max": 1355.8424377441406,
                "y_max": 1030.6763327121735,
                "width": 829.8542976379395,
                "height": 904.019204378128,
                "center_x": 940.9152889251709,
                "center_y": 578.6667305231094
            },
            "visible_vertices": 8,
            "total_vertices": 8
        }
    ],
    "metadata": {
        "total_objects": 1,
        "render_settings": {
            "resolution_percentage": 50,
            "file_format": "PNG"
        }
    }
}