{
    "frame": "63",
    "image_filename": "render_063.png",
    "image_resolution": {
        "width": 1920,
        "height": 1080
    },
    "camera_parameters": {
        "intrinsic_matrix": [
            [
                2666.666666666667,
                0,
                960.0
            ],
            [
                0,
                2250.0,
                540.0
            ],
            [
                0,
                0,
                1
            ]
        ],
        "extrinsic_matrix": [
            [
                0.9036532044410706,
                0.428264856338501,
                -3.3527612686157227e-08,
                0.10608845204114914
            ],
            [
                0.06738819181919098,
                -0.14219126105308533,
                0.9875426292419434,
                -1.057643175125122
            ],
            [
                0.4229298233985901,
                -0.892396092414856,
                -0.15735159814357758,
                -11.253332138061523
            ],
            [
                -0.0,
                0.0,
                -0.0,
                1.0
            ]
        ],
        "camera_location": [
            4.734775543212891,
            -10.238251686096191,
            -0.7262619137763977
        ],
        "camera_rotation_euler": [
            1.1093189716339111,
            0.0,
            0.8149281740188599
        ],
        "camera_rotation_quaternion": [
            0.6332674026489258,
            0.7421583533287048,
            0.1669633835554123,
            0.14246615767478943
        ],
        "focal_length": 50.0,
        "sensor_width": 36.0,
        "sensor_height": 24.0
    },
    "objects": [
        {
            "object_name": "Cube",
            "bbox_2d": {
                "x_min": 515.6125259399414,
                "y_min": 21.84478998184204,
                "x_max": 1375.6872940063477,
                "y_max": 986.4373934268951,
                "width": 860.0747680664062,
                "height": 964.5926034450531,
                "center_x": 945.6499099731445,
                "center_y": 504.1410917043686
            },
            "visible_vertices": 8,
            "total_vertices": 8
        }
    ],
    "metadata": {
        "total_objects": 1,
        "render_settings": {
            "resolution_percentage": 50,
            "file_format": "PNG"
        }
    }
}