{
    "frame": "29",
    "image_filename": "render_029.png",
    "image_resolution": {
        "width": 1920,
        "height": 1080
    },
    "camera_parameters": {
        "intrinsic_matrix": [
            [
                2666.666666666667,
                0,
                960.0
            ],
            [
                0,
                2250.0,
                540.0
            ],
            [
                0,
                0,
                1
            ]
        ],
        "extrinsic_matrix": [
            [
                -0.38948535919189453,
                0.9210324287414551,
                2.1979202813326992e-07,
                -0.08773788809776306
            ],
            [
                0.05720607563853264,
                0.024191178381443024,
                0.998069167137146,
                -1.0767712593078613
            ],
            [
                0.9192542433738708,
                0.38873353600502014,
                -0.06211056187748909,
                -11.33820915222168
            ],
            [
                -0.0,
                -0.0,
                -0.0,
                1.0
            ]
        ],
        "camera_location": [
            10.450124740600586,
            4.514399528503418,
            0.37046724557876587
        ],
        "camera_rotation_euler": [
            1.1093189716339111,
            0.0,
            0.8149281740188599
        ],
        "camera_rotation_quaternion": [
            0.37835007905960083,
            0.40262705087661743,
            0.6074099540710449,
            0.570785403251648
        ],
        "focal_length": 50.0,
        "sensor_width": 36.0,
        "sensor_height": 24.0
    },
    "objects": [
        {
            "object_name": "Cube",
            "bbox_2d": {
                "x_min": 465.1806449890137,
                "y_min": 58.38754892349243,
                "x_max": 1356.3116455078125,
                "y_max": 967.8244748711586,
                "width": 891.1310005187988,
                "height": 909.4369259476662,
                "center_x": 910.7461452484131,
                "center_y": 513.1060118973255
            },
            "visible_vertices": 8,
            "total_vertices": 8
        }
    ],
    "metadata": {
        "total_objects": 1,
        "render_settings": {
            "resolution_percentage": 50,
            "file_format": "PNG"
        }
    }
}