{
    "frame": "783",
    "image_filename": "render_783.png",
    "image_resolution": {
        "width": 1920,
        "height": 1080
    },
    "camera_parameters": {
        "intrinsic_matrix": [
            [
                2666.666666666667,
                0,
                960.0
            ],
            [
                0,
                2250.0,
                540.0
            ],
            [
                0,
                0,
                1
            ]
        ],
        "extrinsic_matrix": [
            [
                -0.37839627265930176,
                0.9256436824798584,
                -7.171183824539185e-08,
                -0.08641112595796585
            ],
            [
                -0.019908521324396133,
                -0.008138366043567657,
                0.9997686743736267,
                -1.087829351425171
            ],
            [
                0.9254295825958252,
                0.3783087730407715,
                0.021507741883397102,
                -11.427762031555176
            ],
            [
                -0.0,
                -0.0,
                -0.0,
                1.0
            ]
        ],
        "camera_location": [
            10.521234512329102,
            4.394354820251465,
            1.3333628177642822
        ],
        "camera_rotation_euler": [
            1.1093189716339111,
            0.0,
            0.8149281740188599
        ],
        "camera_rotation_quaternion": [
            0.39842599630355835,
            0.38994690775871277,
            0.5806785225868225,
            0.5933048129081726
        ],
        "focal_length": 50.0,
        "sensor_width": 36.0,
        "sensor_height": 24.0
    },
    "objects": [
        {
            "object_name": "Cube",
            "bbox_2d": {
                "x_min": 470.58234214782715,
                "y_min": 66.51535034179688,
                "x_max": 1354.167823791504,
                "y_max": 947.9755139350891,
                "width": 883.5854816436768,
                "height": 881.4601635932922,
                "center_x": 912.3750829696655,
                "center_y": 507.245432138443
            },
            "visible_vertices": 8,
            "total_vertices": 8
        }
    ],
    "metadata": {
        "total_objects": 1,
        "render_settings": {
            "resolution_percentage": 50,
            "file_format": "PNG"
        }
    }
}