{
    "frame": "998",
    "image_filename": "render_998.png",
    "image_resolution": {
        "width": 1920,
        "height": 1080
    },
    "camera_parameters": {
        "intrinsic_matrix": [
            [
                2666.666666666667,
                0,
                960.0
            ],
            [
                0,
                2250.0,
                540.0
            ],
            [
                0,
                0,
                1
            ]
        ],
        "extrinsic_matrix": [
            [
                -0.27707675099372864,
                -0.9608477354049683,
                6.845220212881031e-08,
                -0.0010078741470351815
            ],
            [
                0.021135086193680763,
                -0.006094551179558039,
                0.9997580051422119,
                -1.0823376178741455
            ],
            [
                -0.9606152176856995,
                0.2770097851753235,
                0.021996306255459785,
                -11.679825782775879
            ],
            [
                -0.0,
                0.0,
                -0.0,
                1.0
            ]
        ],
        "camera_location": [
            -11.197224617004395,
            3.227860927581787,
            1.338988184928894
        ],
        "camera_rotation_euler": [
            1.1093189716339111,
            0.0,
            0.8149281740188599
        ],
        "camera_rotation_quaternion": [
            0.4297746419906616,
            0.42042285203933716,
            -0.5587902069091797,
            -0.5712196826934814
        ],
        "focal_length": 50.0,
        "sensor_width": 36.0,
        "sensor_height": 24.0
    },
    "objects": [
        {
            "object_name": "Cube",
            "bbox_2d": {
                "x_min": 502.93407440185547,
                "y_min": 136.2935757637024,
                "x_max": 1429.0493774414062,
                "y_max": 1046.1767555773258,
                "width": 926.1153030395508,
                "height": 909.8831798136234,
                "center_x": 965.9917259216309,
                "center_y": 591.2351656705141
            },
            "visible_vertices": 8,
            "total_vertices": 8
        }
    ],
    "metadata": {
        "total_objects": 1,
        "render_settings": {
            "resolution_percentage": 50,
            "file_format": "PNG"
        }
    }
}