{
    "frame": "20",
    "image_filename": "render_020.png",
    "image_resolution": {
        "width": 1920,
        "height": 1080
    },
    "camera_parameters": {
        "intrinsic_matrix": [
            [
                2666.666666666667,
                0,
                960.0
            ],
            [
                0,
                2250.0,
                540.0
            ],
            [
                0,
                0,
                1
            ]
        ],
        "extrinsic_matrix": [
            [
                -0.9819294214248657,
                -0.18924644589424133,
                8.381898908282892e-08,
                -0.12576919794082642
            ],
            [
                -0.02007722295820713,
                0.10417380928993225,
                0.9943562746047974,
                -1.086243748664856
            ],
            [
                -0.1881784349679947,
                0.9763879179954529,
                -0.10609065741300583,
                -11.688535690307617
            ],
            [
                0.0,
                0.0,
                -0.0,
                1.0
            ]
        ],
        "camera_location": [
            -2.3448362350463867,
            11.501904487609863,
            -0.1599338799715042
        ],
        "camera_rotation_euler": [
            1.1093189716339111,
            0.0,
            0.8149281740188599
        ],
        "camera_rotation_quaternion": [
            0.06354782730340958,
            0.07068852335214615,
            -0.7403030395507812,
            -0.6655195951461792
        ],
        "focal_length": 50.0,
        "sensor_width": 36.0,
        "sensor_height": 24.0
    },
    "objects": [
        {
            "object_name": "Cube",
            "bbox_2d": {
                "x_min": 544.306812286377,
                "y_min": 167.4219846725464,
                "x_max": 1378.018569946289,
                "y_max": 992.8096541762352,
                "width": 833.7117576599121,
                "height": 825.3876695036888,
                "center_x": 961.162691116333,
                "center_y": 580.1158194243908
            },
            "visible_vertices": 8,
            "total_vertices": 8
        }
    ],
    "metadata": {
        "total_objects": 1,
        "render_settings": {
            "resolution_percentage": 50,
            "file_format": "PNG"
        }
    }
}