{
    "frame": "346",
    "image_filename": "render_346.png",
    "image_resolution": {
        "width": 1920,
        "height": 1080
    },
    "camera_parameters": {
        "intrinsic_matrix": [
            [
                2666.666666666667,
                0,
                960.0
            ],
            [
                0,
                2250.0,
                540.0
            ],
            [
                0,
                0,
                1
            ]
        ],
        "extrinsic_matrix": [
            [
                0.9912747740745544,
                -0.13181182742118835,
                -1.9092105674189952e-08,
                0.13923463225364685
            ],
            [
                -0.003074153559282422,
                -0.02311875857412815,
                0.9997278451919556,
                -1.08493971824646
            ],
            [
                -0.13177600502967834,
                -0.991005003452301,
                -0.023322248831391335,
                -11.470209121704102
            ],
            [
                -0.0,
                0.0,
                -0.0,
                1.0
            ]
        ],
        "camera_location": [
            -1.6528533697128296,
            -11.373767852783203,
            0.8171335458755493
        ],
        "camera_rotation_euler": [
            1.1093189716339111,
            0.0,
            0.8149281740188599
        ],
        "camera_rotation_quaternion": [
            0.6972866058349609,
            0.7137429118156433,
            -0.04724600166082382,
            -0.04615667834877968
        ],
        "focal_length": 50.0,
        "sensor_width": 36.0,
        "sensor_height": 24.0
    },
    "objects": [
        {
            "object_name": "Cube",
            "bbox_2d": {
                "x_min": 528.976879119873,
                "y_min": 73.0913758277893,
                "x_max": 1475.4461288452148,
                "y_max": 965.8554571866989,
                "width": 946.4692497253418,
                "height": 892.7640813589096,
                "center_x": 1002.211503982544,
                "center_y": 519.4734165072441
            },
            "visible_vertices": 8,
            "total_vertices": 8
        }
    ],
    "metadata": {
        "total_objects": 1,
        "render_settings": {
            "resolution_percentage": 50,
            "file_format": "PNG"
        }
    }
}