{
    "frame": "949",
    "image_filename": "render_949.png",
    "image_resolution": {
        "width": 1920,
        "height": 1080
    },
    "camera_parameters": {
        "intrinsic_matrix": [
            [
                2666.666666666667,
                0,
                960.0
            ],
            [
                0,
                2250.0,
                540.0
            ],
            [
                0,
                0,
                1
            ]
        ],
        "extrinsic_matrix": [
            [
                0.4661169946193695,
                0.8847231268882751,
                -6.51925802230835e-09,
                0.029497098177671432
            ],
            [
                0.02004442736506462,
                -0.01056041568517685,
                0.9997434020042419,
                -1.0822985172271729
            ],
            [
                0.8844960331916809,
                -0.4659973382949829,
                -0.022656157612800598,
                -11.353273391723633
            ],
            [
                -0.0,
                0.0,
                -0.0,
                1.0
            ]
        ],
        "camera_location": [
            10.049870491027832,
            -5.328121662139893,
            0.8247991800308228
        ],
        "camera_rotation_euler": [
            1.1093189716339111,
            0.0,
            0.8149281740188599
        ],
        "camera_rotation_quaternion": [
            0.5985190868377686,
            0.6122363805770874,
            0.3694518804550171,
            0.36117422580718994
        ],
        "focal_length": 50.0,
        "sensor_width": 36.0,
        "sensor_height": 24.0
    },
    "objects": [
        {
            "object_name": "Cube",
            "bbox_2d": {
                "x_min": 487.6530075073242,
                "y_min": 30.91803789138794,
                "x_max": 1413.347511291504,
                "y_max": 942.6088804006577,
                "width": 925.6945037841797,
                "height": 911.6908425092697,
                "center_x": 950.5002593994141,
                "center_y": 486.7634591460228
            },
            "visible_vertices": 8,
            "total_vertices": 8
        }
    ],
    "metadata": {
        "total_objects": 1,
        "render_settings": {
            "resolution_percentage": 50,
            "file_format": "PNG"
        }
    }
}