{
    "frame": "363",
    "image_filename": "render_363.png",
    "image_resolution": {
        "width": 1920,
        "height": 1080
    },
    "camera_parameters": {
        "intrinsic_matrix": [
            [
                2666.666666666667,
                0,
                960.0
            ],
            [
                0,
                2250.0,
                540.0
            ],
            [
                0,
                0,
                1
            ]
        ],
        "extrinsic_matrix": [
            [
                0.9497731328010559,
                0.312939316034317,
                1.8626447051417472e-09,
                0.11671449989080429
            ],
            [
                0.021972430869936943,
                -0.06668636947870255,
                0.9975320100784302,
                -1.0775059461593628
            ],
            [
                0.3121670186519623,
                -0.9474290013313293,
                -0.0702129527926445,
                -11.360844612121582
            ],
            [
                -0.0,
                0.0,
                -0.0,
                1.0
            ]
        ],
        "camera_location": [
            3.459304094314575,
            -10.87197494506836,
            0.27716827392578125
        ],
        "camera_rotation_euler": [
            1.1093189716339111,
            0.0,
            0.8149281740188599
        ],
        "camera_rotation_quaternion": [
            0.6732150912284851,
            0.7222659587860107,
            0.11592397838830948,
            0.10805127024650574
        ],
        "focal_length": 50.0,
        "sensor_width": 36.0,
        "sensor_height": 24.0
    },
    "objects": [
        {
            "object_name": "Cube",
            "bbox_2d": {
                "x_min": 523.2974624633789,
                "y_min": 40.8366322517395,
                "x_max": 1344.5367050170898,
                "y_max": 964.3880742788315,
                "width": 821.2392425537109,
                "height": 923.551442027092,
                "center_x": 933.9170837402344,
                "center_y": 502.6123532652855
            },
            "visible_vertices": 8,
            "total_vertices": 8
        }
    ],
    "metadata": {
        "total_objects": 1,
        "render_settings": {
            "resolution_percentage": 50,
            "file_format": "PNG"
        }
    }
}