{
    "frame": "988",
    "image_filename": "render_988.png",
    "image_resolution": {
        "width": 1920,
        "height": 1080
    },
    "camera_parameters": {
        "intrinsic_matrix": [
            [
                2666.666666666667,
                0,
                960.0
            ],
            [
                0,
                2250.0,
                540.0
            ],
            [
                0,
                0,
                1
            ]
        ],
        "extrinsic_matrix": [
            [
                0.048073314130306244,
                -0.9988436698913574,
                -1.8905841159266856e-07,
                0.04446684569120407
            ],
            [
                0.272118479013443,
                0.01309670228511095,
                0.9621744751930237,
                -1.0082799196243286
            ],
            [
                -0.9610620737075806,
                -0.04625483974814415,
                0.27243363857269287,
                -11.939501762390137
            ],
            [
                -0.0,
                0.0,
                -0.0,
                1.0
            ]
        ],
        "camera_location": [
            -11.202369689941406,
            -0.494640976190567,
            4.2228617668151855
        ],
        "camera_rotation_euler": [
            1.1093189716339111,
            0.0,
            0.8149281740188599
        ],
        "camera_rotation_quaternion": [
            0.5774088501930237,
            0.4366185665130615,
            -0.41610991954803467,
            -0.550287127494812
        ],
        "focal_length": 50.0,
        "sensor_width": 36.0,
        "sensor_height": 24.0
    },
    "objects": [
        {
            "object_name": "Cube",
            "bbox_2d": {
                "x_min": 550.7278633117676,
                "y_min": 65.97513198852539,
                "x_max": 1401.921043395996,
                "y_max": 1064.3848211690784,
                "width": 851.1931800842285,
                "height": 998.409689180553,
                "center_x": 976.3244533538818,
                "center_y": 565.1799765788019
            },
            "visible_vertices": 8,
            "total_vertices": 8
        }
    ],
    "metadata": {
        "total_objects": 1,
        "render_settings": {
            "resolution_percentage": 50,
            "file_format": "PNG"
        }
    }
}