{
    "frame": "965",
    "image_filename": "render_965.png",
    "image_resolution": {
        "width": 1920,
        "height": 1080
    },
    "camera_parameters": {
        "intrinsic_matrix": [
            [
                2666.666666666667,
                0,
                960.0
            ],
            [
                0,
                2250.0,
                540.0
            ],
            [
                0,
                0,
                1
            ]
        ],
        "extrinsic_matrix": [
            [
                -0.29051727056503296,
                -0.9568698406219482,
                2.6077039194660756e-08,
                -0.002978029428049922
            ],
            [
                0.19335967302322388,
                -0.058706365525722504,
                0.9793701171875,
                -1.0348819494247437
            ],
            [
                -0.9371296763420105,
                0.2845238745212555,
                0.20207515358924866,
                -11.872444152832031
            ],
            [
                0.0,
                0.0,
                -0.0,
                1.0
            ]
        ],
        "camera_location": [
            -10.926777839660645,
            3.314389944076538,
            3.412658452987671
        ],
        "camera_rotation_euler": [
            1.1093189716339111,
            0.0,
            0.8149281740188599
        ],
        "camera_rotation_quaternion": [
            0.4617498517036438,
            0.3762027621269226,
            -0.5073795318603516,
            -0.622755765914917
        ],
        "focal_length": 50.0,
        "sensor_width": 36.0,
        "sensor_height": 24.0
    },
    "objects": [
        {
            "object_name": "Cube",
            "bbox_2d": {
                "x_min": 492.1453857421875,
                "y_min": 80.86235761642456,
                "x_max": 1419.2405319213867,
                "y_max": 1079.8678553203354,
                "width": 927.0951461791992,
                "height": 999.0054977039108,
                "center_x": 955.6929588317871,
                "center_y": 580.36510646838
            },
            "visible_vertices": 8,
            "total_vertices": 8
        }
    ],
    "metadata": {
        "total_objects": 1,
        "render_settings": {
            "resolution_percentage": 50,
            "file_format": "PNG"
        }
    }
}