{
    "frame": "539",
    "image_filename": "render_539.png",
    "image_resolution": {
        "width": 1920,
        "height": 1080
    },
    "camera_parameters": {
        "intrinsic_matrix": [
            [
                2666.666666666667,
                0,
                960.0
            ],
            [
                0,
                2250.0,
                540.0
            ],
            [
                0,
                0,
                1
            ]
        ],
        "extrinsic_matrix": [
            [
                -0.6798933744430542,
                0.7333109974861145,
                -1.1920930376163597e-07,
                -0.11992724984884262
            ],
            [
                -0.22589707374572754,
                -0.20944160223007202,
                0.9513700008392334,
                -1.055525302886963
            ],
            [
                0.6976500749588013,
                0.646830141544342,
                0.30805066227912903,
                -11.779906272888184
            ],
            [
                -0.0,
                -0.0,
                -0.0,
                1.0
            ]
        ],
        "camera_location": [
            7.898273944854736,
            7.486471176147461,
            4.6330037117004395
        ],
        "camera_rotation_euler": [
            1.1093189716339111,
            0.0,
            0.8149281740188599
        ],
        "camera_rotation_quaternion": [
            0.3235412538051605,
            0.23531760275363922,
            0.5390735268592834,
            0.7411790490150452
        ],
        "focal_length": 50.0,
        "sensor_width": 36.0,
        "sensor_height": 24.0
    },
    "objects": [
        {
            "object_name": "Cube",
            "bbox_2d": {
                "x_min": 436.1928176879883,
                "y_min": 110.19166946411133,
                "x_max": 1458.9727020263672,
                "y_max": 1035.627848803997,
                "width": 1022.7798843383789,
                "height": 925.4361793398857,
                "center_x": 947.5827598571777,
                "center_y": 572.9097591340542
            },
            "visible_vertices": 8,
            "total_vertices": 8
        }
    ],
    "metadata": {
        "total_objects": 1,
        "render_settings": {
            "resolution_percentage": 50,
            "file_format": "PNG"
        }
    }
}