{
    "frame": "400",
    "image_filename": "render_400.png",
    "image_resolution": {
        "width": 1920,
        "height": 1080
    },
    "camera_parameters": {
        "intrinsic_matrix": [
            [
                2666.666666666667,
                0,
                960.0
            ],
            [
                0,
                2250.0,
                540.0
            ],
            [
                0,
                0,
                1
            ]
        ],
        "extrinsic_matrix": [
            [
                -0.4208959639072418,
                0.9071088433265686,
                9.313223614526578e-08,
                -0.09146099537611008
            ],
            [
                0.13444502651691437,
                0.062382087111473083,
                0.9889554381370544,
                -1.057869791984558
            ],
            [
                0.8970902562141418,
                0.4162474274635315,
                -0.14821255207061768,
                -11.248774528503418
            ],
            [
                -0.0,
                -0.0,
                -0.0,
                1.0
            ]
        ],
        "camera_location": [
            10.19489860534668,
            4.831231117248535,
            -0.6210248470306396
        ],
        "camera_rotation_euler": [
            1.1093189716339111,
            0.0,
            0.8149281740188599
        ],
        "camera_rotation_quaternion": [
            0.3511671721935272,
            0.40771761536598206,
            0.6386491060256958,
            0.5500684976577759
        ],
        "focal_length": 50.0,
        "sensor_width": 36.0,
        "sensor_height": 24.0
    },
    "objects": [
        {
            "object_name": "Cube",
            "bbox_2d": {
                "x_min": 455.34979820251465,
                "y_min": 56.549506187438965,
                "x_max": 1365.497932434082,
                "y_max": 985.5256301164627,
                "width": 910.1481342315674,
                "height": 928.9761239290237,
                "center_x": 910.4238653182983,
                "center_y": 521.0375681519508
            },
            "visible_vertices": 8,
            "total_vertices": 8
        }
    ],
    "metadata": {
        "total_objects": 1,
        "render_settings": {
            "resolution_percentage": 50,
            "file_format": "PNG"
        }
    }
}