{
    "frame": "760",
    "image_filename": "render_760.png",
    "image_resolution": {
        "width": 1920,
        "height": 1080
    },
    "camera_parameters": {
        "intrinsic_matrix": [
            [
                2666.666666666667,
                0,
                960.0
            ],
            [
                0,
                2250.0,
                540.0
            ],
            [
                0,
                0,
                1
            ]
        ],
        "extrinsic_matrix": [
            [
                0.8030173182487488,
                0.5959556698799133,
                3.725289943190546e-08,
                0.08608885109424591
            ],
            [
                -0.0680684745311737,
                0.09171851724386215,
                0.9934557676315308,
                -1.0912904739379883
            ],
            [
                0.59205561876297,
                -0.7977620959281921,
                0.1142173707485199,
                -11.528868675231934
            ],
            [
                -0.0,
                0.0,
                -0.0,
                1.0
            ]
        ],
        "camera_location": [
            6.682318210601807,
            -9.14850902557373,
            2.4009456634521484
        ],
        "camera_rotation_euler": [
            1.1093189716339111,
            0.0,
            0.8149281740188599
        ],
        "camera_rotation_quaternion": [
            0.7086877822875977,
            0.6318784356117249,
            0.20885631442070007,
            0.23424428701400757
        ],
        "focal_length": 50.0,
        "sensor_width": 36.0,
        "sensor_height": 24.0
    },
    "objects": [
        {
            "object_name": "Cube",
            "bbox_2d": {
                "x_min": 496.19361877441406,
                "y_min": 73.7600827217102,
                "x_max": 1394.1297912597656,
                "y_max": 898.4451448917389,
                "width": 897.9361724853516,
                "height": 824.6850621700287,
                "center_x": 945.1617050170898,
                "center_y": 486.10261380672455
            },
            "visible_vertices": 8,
            "total_vertices": 8
        }
    ],
    "metadata": {
        "total_objects": 1,
        "render_settings": {
            "resolution_percentage": 50,
            "file_format": "PNG"
        }
    }
}