{
    "frame": "162",
    "image_filename": "render_162.png",
    "image_resolution": {
        "width": 1920,
        "height": 1080
    },
    "camera_parameters": {
        "intrinsic_matrix": [
            [
                2666.666666666667,
                0,
                960.0
            ],
            [
                0,
                2250.0,
                540.0
            ],
            [
                0,
                0,
                1
            ]
        ],
        "extrinsic_matrix": [
            [
                -0.7877674102783203,
                0.6159724593162537,
                8.940692453052179e-08,
                -0.13007614016532898
            ],
            [
                0.06547245383262634,
                0.0837327390909195,
                0.9943349361419678,
                -1.0738611221313477
            ],
            [
                0.612483024597168,
                0.7833049297332764,
                -0.10629095137119293,
                -11.34677505493164
            ],
            [
                -0.0,
                -0.0,
                -0.0,
                1.0
            ]
        ],
        "camera_location": [
            6.917547702789307,
            9.058026313781738,
            -0.13828440010547638
        ],
        "camera_rotation_euler": [
            1.1093189716339111,
            0.0,
            0.8149281740188599
        ],
        "camera_rotation_quaternion": [
            0.21775788068771362,
            0.24227608740329742,
            0.7031698226928711,
            0.6320094466209412
        ],
        "focal_length": 50.0,
        "sensor_width": 36.0,
        "sensor_height": 24.0
    },
    "objects": [
        {
            "object_name": "Cube",
            "bbox_2d": {
                "x_min": 426.07234954833984,
                "y_min": 98.57652425765991,
                "x_max": 1473.3710861206055,
                "y_max": 985.7642850279808,
                "width": 1047.2987365722656,
                "height": 887.1877607703209,
                "center_x": 949.7217178344727,
                "center_y": 542.1704046428204
            },
            "visible_vertices": 8,
            "total_vertices": 8
        }
    ],
    "metadata": {
        "total_objects": 1,
        "render_settings": {
            "resolution_percentage": 50,
            "file_format": "PNG"
        }
    }
}