{
    "frame": "882",
    "image_filename": "render_882.png",
    "image_resolution": {
        "width": 1920,
        "height": 1080
    },
    "camera_parameters": {
        "intrinsic_matrix": [
            [
                2666.666666666667,
                0,
                960.0
            ],
            [
                0,
                2250.0,
                540.0
            ],
            [
                0,
                0,
                1
            ]
        ],
        "extrinsic_matrix": [
            [
                -0.5213947296142578,
                0.8533157110214233,
                -1.9371512394172896e-07,
                -0.10302412509918213
            ],
            [
                -0.2410915046930313,
                -0.14731203019618988,
                0.9592571258544922,
                -1.0685069561004639
            ],
            [
                0.8185490965843201,
                0.5001516342163086,
                0.2825348377227783,
                -11.730259895324707
            ],
            [
                -0.0,
                -0.0,
                -0.0,
                1.0
            ]
        ],
        "camera_location": [
            9.290468215942383,
            5.7974162101745605,
            4.339179992675781
        ],
        "camera_rotation_euler": [
            1.1093189716339111,
            0.0,
            0.8149281740188599
        ],
        "camera_rotation_quaternion": [
            0.39173591136932373,
            0.2929942309856415,
            0.522385835647583,
            0.6984342336654663
        ],
        "focal_length": 50.0,
        "sensor_width": 36.0,
        "sensor_height": 24.0
    },
    "objects": [
        {
            "object_name": "Cube",
            "bbox_2d": {
                "x_min": 451.1082172393799,
                "y_min": 114.31933164596558,
                "x_max": 1409.787254333496,
                "y_max": 1022.5513476133347,
                "width": 958.6790370941162,
                "height": 908.2320159673691,
                "center_x": 930.447735786438,
                "center_y": 568.4353396296501
            },
            "visible_vertices": 8,
            "total_vertices": 8
        }
    ],
    "metadata": {
        "total_objects": 1,
        "render_settings": {
            "resolution_percentage": 50,
            "file_format": "PNG"
        }
    }
}