{
    "frame": "918",
    "image_filename": "render_918.png",
    "image_resolution": {
        "width": 1920,
        "height": 1080
    },
    "camera_parameters": {
        "intrinsic_matrix": [
            [
                2666.666666666667,
                0,
                960.0
            ],
            [
                0,
                2250.0,
                540.0
            ],
            [
                0,
                0,
                1
            ]
        ],
        "extrinsic_matrix": [
            [
                0.3944455087184906,
                0.9189192056655884,
                3.129242998056725e-07,
                0.018490761518478394
            ],
            [
                -0.26243966817855835,
                0.11265181005001068,
                0.9583500027656555,
                -1.08029305934906
            ],
            [
                0.8806463479995728,
                -0.378016859292984,
                0.28559598326683044,
                -11.691803932189941
            ],
            [
                -0.0,
                0.0,
                -0.0,
                1.0
            ]
        ],
        "camera_location": [
            10.00554084777832,
            -4.314995765686035,
            4.3744306564331055
        ],
        "camera_rotation_euler": [
            1.1093189716339111,
            0.0,
            0.8149281740188599
        ],
        "camera_rotation_quaternion": [
            0.6694575548171997,
            0.49904853105545044,
            0.3288656175136566,
            0.4411628544330597
        ],
        "focal_length": 50.0,
        "sensor_width": 36.0,
        "sensor_height": 24.0
    },
    "objects": [
        {
            "object_name": "Cube",
            "bbox_2d": {
                "x_min": 506.7970848083496,
                "y_min": 142.6469349861145,
                "x_max": 1436.3101959228516,
                "y_max": 899.0989816188812,
                "width": 929.513111114502,
                "height": 756.4520466327667,
                "center_x": 971.5536403656006,
                "center_y": 520.8729583024979
            },
            "visible_vertices": 8,
            "total_vertices": 8
        }
    ],
    "metadata": {
        "total_objects": 1,
        "render_settings": {
            "resolution_percentage": 50,
            "file_format": "PNG"
        }
    }
}