{
    "frame": "43",
    "image_filename": "render_043.png",
    "image_resolution": {
        "width": 1920,
        "height": 1080
    },
    "camera_parameters": {
        "intrinsic_matrix": [
            [
                2666.666666666667,
                0,
                960.0
            ],
            [
                0,
                2250.0,
                540.0
            ],
            [
                0,
                0,
                1
            ]
        ],
        "extrinsic_matrix": [
            [
                -0.9450101852416992,
                0.3270413875579834,
                -9.685758328714655e-08,
                -0.14038823544979095
            ],
            [
                -0.055112969130277634,
                -0.15925279259681702,
                0.9856984615325928,
                -1.0715749263763428
            ],
            [
                0.3223641514778137,
                0.931494951248169,
                0.168519526720047,
                -11.690052032470703
            ],
            [
                -0.0,
                -0.0,
                -0.0,
                1.0
            ]
        ],
        "camera_location": [
            3.5767264366149902,
            10.764483451843262,
            3.0262529850006104
        ],
        "camera_rotation_euler": [
            1.1093189716339111,
            0.0,
            0.8149281740188599
        ],
        "camera_rotation_quaternion": [
            0.12674470245838165,
            0.10691475868225098,
            0.6358533501625061,
            0.7537875771522522
        ],
        "focal_length": 50.0,
        "sensor_width": 36.0,
        "sensor_height": 24.0
    },
    "objects": [
        {
            "object_name": "Cube",
            "bbox_2d": {
                "x_min": 481.93748474121094,
                "y_min": 91.13307237625122,
                "x_max": 1499.186782836914,
                "y_max": 987.5534847378731,
                "width": 1017.2492980957031,
                "height": 896.4204123616219,
                "center_x": 990.5621337890625,
                "center_y": 539.3432785570621
            },
            "visible_vertices": 8,
            "total_vertices": 8
        }
    ],
    "metadata": {
        "total_objects": 1,
        "render_settings": {
            "resolution_percentage": 50,
            "file_format": "PNG"
        }
    }
}