{
    "frame": "622",
    "image_filename": "render_622.png",
    "image_resolution": {
        "width": 1920,
        "height": 1080
    },
    "camera_parameters": {
        "intrinsic_matrix": [
            [
                2666.666666666667,
                0,
                960.0
            ],
            [
                0,
                2250.0,
                540.0
            ],
            [
                0,
                0,
                1
            ]
        ],
        "extrinsic_matrix": [
            [
                -0.13615810871124268,
                -0.9906868934631348,
                -1.38766978352578e-07,
                0.019206205382943153
            ],
            [
                -0.11174091696739197,
                0.015357506461441517,
                0.9936184287071228,
                -1.0944808721542358
            ],
            [
                -0.9843649864196777,
                0.13528944551944733,
                -0.11279114335775375,
                -11.531317710876465
            ],
            [
                0.0,
                0.0,
                -0.0,
                1.0
            ]
        ],
        "camera_location": [
            -11.47071361541748,
            1.5958997011184692,
            -0.21313640475273132
        ],
        "camera_rotation_euler": [
            1.1093189716339111,
            0.0,
            0.8149281740188599
        ],
        "camera_rotation_quaternion": [
            0.43772366642951965,
            0.4902232885360718,
            -0.5622069835662842,
            -0.5019983649253845
        ],
        "focal_length": 50.0,
        "sensor_width": 36.0,
        "sensor_height": 24.0
    },
    "objects": [
        {
            "object_name": "Cube",
            "bbox_2d": {
                "x_min": 530.0909042358398,
                "y_min": 166.04015350341797,
                "x_max": 1437.1604919433594,
                "y_max": 1006.2964448332787,
                "width": 907.0695877075195,
                "height": 840.2562913298607,
                "center_x": 983.6256980895996,
                "center_y": 586.1682991683483
            },
            "visible_vertices": 8,
            "total_vertices": 8
        }
    ],
    "metadata": {
        "total_objects": 1,
        "render_settings": {
            "resolution_percentage": 50,
            "file_format": "PNG"
        }
    }
}