{
    "frame": "788",
    "image_filename": "render_788.png",
    "image_resolution": {
        "width": 1920,
        "height": 1080
    },
    "camera_parameters": {
        "intrinsic_matrix": [
            [
                2666.666666666667,
                0,
                960.0
            ],
            [
                0,
                2250.0,
                540.0
            ],
            [
                0,
                0,
                1
            ]
        ],
        "extrinsic_matrix": [
            [
                -0.5588198304176331,
                -0.829288899898529,
                -2.60770232074492e-08,
                -0.04415547847747803
            ],
            [
                -0.0339939184486866,
                0.022907022386789322,
                0.9991593956947327,
                -1.0902560949325562
            ],
            [
                -0.8285918831825256,
                0.5583502650260925,
                -0.040991514921188354,
                -11.604253768920898
            ],
            [
                0.0,
                0.0,
                -0.0,
                1.0
            ]
        ],
        "camera_location": [
            -9.67693042755127,
            6.467595100402832,
            0.6136618256568909
        ],
        "camera_rotation_euler": [
            1.1093189716339111,
            0.0,
            0.8149281740188599
        ],
        "camera_rotation_quaternion": [
            0.3252289593219757,
            0.3388453722000122,
            -0.6369298696517944,
            -0.6113349199295044
        ],
        "focal_length": 50.0,
        "sensor_width": 36.0,
        "sensor_height": 24.0
    },
    "objects": [
        {
            "object_name": "Cube",
            "bbox_2d": {
                "x_min": 490.76900482177734,
                "y_min": 159.62628364562988,
                "x_max": 1415.3446197509766,
                "y_max": 1031.5612564980984,
                "width": 924.5756149291992,
                "height": 871.9349728524685,
                "center_x": 953.056812286377,
                "center_y": 595.5937700718641
            },
            "visible_vertices": 8,
            "total_vertices": 8
        }
    ],
    "metadata": {
        "total_objects": 1,
        "render_settings": {
            "resolution_percentage": 50,
            "file_format": "PNG"
        }
    }
}