{
    "frame": "156",
    "image_filename": "render_156.png",
    "image_resolution": {
        "width": 1920,
        "height": 1080
    },
    "camera_parameters": {
        "intrinsic_matrix": [
            [
                2666.666666666667,
                0,
                960.0
            ],
            [
                0,
                2250.0,
                540.0
            ],
            [
                0,
                0,
                1
            ]
        ],
        "extrinsic_matrix": [
            [
                0.5825565457344055,
                0.8127902150154114,
                7.450580596923828e-09,
                0.047996364533901215
            ],
            [
                0.07867753505706787,
                -0.05639105662703514,
                0.9953039884567261,
                -1.0677992105484009
            ],
            [
                0.8089733123779297,
                -0.5798207521438599,
                -0.09679929167032242,
                -11.278678894042969
            ],
            [
                -0.0,
                0.0,
                -0.0,
                1.0
            ]
        ],
        "camera_location": [
            9.180200576782227,
            -6.6388373374938965,
            -0.028983531519770622
        ],
        "camera_rotation_euler": [
            1.1093189716339111,
            0.0,
            0.8149281740188599
        ],
        "camera_rotation_quaternion": [
            0.5977805256843567,
            0.6587387323379517,
            0.338323712348938,
            0.307015985250473
        ],
        "focal_length": 50.0,
        "sensor_width": 36.0,
        "sensor_height": 24.0
    },
    "objects": [
        {
            "object_name": "Cube",
            "bbox_2d": {
                "x_min": 484.368953704834,
                "y_min": 13.7404203414917,
                "x_max": 1423.421974182129,
                "y_max": 967.0964804291725,
                "width": 939.0530204772949,
                "height": 953.3560600876808,
                "center_x": 953.8954639434814,
                "center_y": 490.4184503853321
            },
            "visible_vertices": 8,
            "total_vertices": 8
        }
    ],
    "metadata": {
        "total_objects": 1,
        "render_settings": {
            "resolution_percentage": 50,
            "file_format": "PNG"
        }
    }
}