{
    "frame": "26",
    "image_filename": "render_026.png",
    "image_resolution": {
        "width": 1920,
        "height": 1080
    },
    "camera_parameters": {
        "intrinsic_matrix": [
            [
                2666.666666666667,
                0,
                960.0
            ],
            [
                0,
                2250.0,
                540.0
            ],
            [
                0,
                0,
                1
            ]
        ],
        "extrinsic_matrix": [
            [
                0.3836755156517029,
                -0.9234678745269775,
                3.725289587919178e-08,
                0.08704224228858948
            ],
            [
                0.29225319623947144,
                0.12142328172922134,
                0.9486011266708374,
                -0.9949313402175903
            ],
            [
                -0.8760027885437012,
                -0.36395496129989624,
                0.31647369265556335,
                -11.963726043701172
            ],
            [
                -0.0,
                0.0,
                -0.0,
                1.0
            ]
        ],
        "camera_location": [
            -10.222883224487305,
            -4.15307092666626,
            4.729997634887695
        ],
        "camera_rotation_euler": [
            1.1093189716339111,
            0.0,
            0.8149281740188599
        ],
        "camera_rotation_quaternion": [
            0.674828290939331,
            0.4862557351589203,
            -0.32452815771102905,
            -0.4503817558288574
        ],
        "focal_length": 50.0,
        "sensor_width": 36.0,
        "sensor_height": 24.0
    },
    "objects": [
        {
            "object_name": "Cube",
            "bbox_2d": {
                "x_min": 461.27623558044434,
                "y_min": 67.68983602523804,
                "x_max": 1350.955696105957,
                "y_max": 1025.8083768188953,
                "width": 889.6794605255127,
                "height": 958.1185407936573,
                "center_x": 906.1159658432007,
                "center_y": 546.7491064220667
            },
            "visible_vertices": 8,
            "total_vertices": 8
        }
    ],
    "metadata": {
        "total_objects": 1,
        "render_settings": {
            "resolution_percentage": 50,
            "file_format": "PNG"
        }
    }
}