{
    "frame": "494",
    "image_filename": "render_494.png",
    "image_resolution": {
        "width": 1920,
        "height": 1080
    },
    "camera_parameters": {
        "intrinsic_matrix": [
            [
                2666.666666666667,
                0,
                960.0
            ],
            [
                0,
                2250.0,
                540.0
            ],
            [
                0,
                0,
                1
            ]
        ],
        "extrinsic_matrix": [
            [
                -0.5669742822647095,
                0.8237354159355164,
                -1.341104365337742e-07,
                -0.10807149112224579
            ],
            [
                -0.06581899523735046,
                -0.04530279338359833,
                0.996802568435669,
                -1.0894124507904053
            ],
            [
                0.8211016654968262,
                0.565161406993866,
                0.0799030065536499,
                -11.512388229370117
            ],
            [
                -0.0,
                -0.0,
                -0.0,
                1.0
            ]
        ],
        "camera_location": [
            9.319864273071289,
            6.546027183532715,
            2.005803346633911
        ],
        "camera_rotation_euler": [
            1.1093189716339111,
            0.0,
            0.8149281740188599
        ],
        "camera_rotation_quaternion": [
            0.34191590547561646,
            0.3156048059463501,
            0.600368320941925,
            0.6504191160202026
        ],
        "focal_length": 50.0,
        "sensor_width": 36.0,
        "sensor_height": 24.0
    },
    "objects": [
        {
            "object_name": "Cube",
            "bbox_2d": {
                "x_min": 436.4193534851074,
                "y_min": 81.08199834823608,
                "x_max": 1418.038444519043,
                "y_max": 948.4486797451973,
                "width": 981.6190910339355,
                "height": 867.3666813969612,
                "center_x": 927.2288990020752,
                "center_y": 514.7653390467167
            },
            "visible_vertices": 8,
            "total_vertices": 8
        }
    ],
    "metadata": {
        "total_objects": 1,
        "render_settings": {
            "resolution_percentage": 50,
            "file_format": "PNG"
        }
    }
}