{
    "frame": "242",
    "image_filename": "render_242.png",
    "image_resolution": {
        "width": 1920,
        "height": 1080
    },
    "camera_parameters": {
        "intrinsic_matrix": [
            [
                2666.666666666667,
                0,
                960.0
            ],
            [
                0,
                2250.0,
                540.0
            ],
            [
                0,
                0,
                1
            ]
        ],
        "extrinsic_matrix": [
            [
                0.9186610579490662,
                0.39504653215408325,
                5.5879341154252415e-09,
                0.10938236117362976
            ],
            [
                0.023851707577705383,
                -0.055465880781412125,
                0.9981755018234253,
                -1.0783772468566895
            ],
            [
                0.39432579278945923,
                -0.9169849753379822,
                -0.06037687510251999,
                -11.361554145812988
            ],
            [
                -0.0,
                0.0,
                -0.0,
                1.0
            ]
        ],
        "camera_location": [
            4.405391216278076,
            -10.521402359008789,
            0.3904346525669098
        ],
        "camera_rotation_euler": [
            1.1093189716339111,
            0.0,
            0.8149281740188599
        ],
        "camera_rotation_quaternion": [
            0.6713454127311707,
            0.7131801843643188,
            0.14684166014194489,
            0.13822798430919647
        ],
        "focal_length": 50.0,
        "sensor_width": 36.0,
        "sensor_height": 24.0
    },
    "objects": [
        {
            "object_name": "Cube",
            "bbox_2d": {
                "x_min": 513.0097389221191,
                "y_min": 37.61392593383789,
                "x_max": 1363.6069107055664,
                "y_max": 960.2029913663864,
                "width": 850.5971717834473,
                "height": 922.5890654325485,
                "center_x": 938.3083248138428,
                "center_y": 498.90845865011215
            },
            "visible_vertices": 8,
            "total_vertices": 8
        }
    ],
    "metadata": {
        "total_objects": 1,
        "render_settings": {
            "resolution_percentage": 50,
            "file_format": "PNG"
        }
    }
}