{
    "frame": "984",
    "image_filename": "render_984.png",
    "image_resolution": {
        "width": 1920,
        "height": 1080
    },
    "camera_parameters": {
        "intrinsic_matrix": [
            [
                2666.666666666667,
                0,
                960.0
            ],
            [
                0,
                2250.0,
                540.0
            ],
            [
                0,
                0,
                1
            ]
        ],
        "extrinsic_matrix": [
            [
                0.3240808844566345,
                -0.9460293054580688,
                -6.286425247026273e-08,
                0.07983031123876572
            ],
            [
                0.01469335239380598,
                0.005033570807427168,
                0.9998792409896851,
                -1.0837651491165161
            ],
            [
                -0.945915162563324,
                -0.3240416646003723,
                0.015531723387539387,
                -11.647977828979492
            ],
            [
                -0.0,
                0.0,
                -0.0,
                1.0
            ]
        ],
        "camera_location": [
            -11.027948379516602,
            -3.693455457687378,
            1.2645466327667236
        ],
        "camera_rotation_euler": [
            1.1093189716339111,
            0.0,
            0.8149281740188599
        ],
        "camera_rotation_quaternion": [
            0.5797944664955139,
            0.5708580613136292,
            -0.4078667163848877,
            -0.41425153613090515
        ],
        "focal_length": 50.0,
        "sensor_width": 36.0,
        "sensor_height": 24.0
    },
    "objects": [
        {
            "object_name": "Cube",
            "bbox_2d": {
                "x_min": 484.1836166381836,
                "y_min": 125.03698825836182,
                "x_max": 1359.9987030029297,
                "y_max": 1021.0399496555328,
                "width": 875.8150863647461,
                "height": 896.002961397171,
                "center_x": 922.0911598205566,
                "center_y": 573.0384689569473
            },
            "visible_vertices": 8,
            "total_vertices": 8
        }
    ],
    "metadata": {
        "total_objects": 1,
        "render_settings": {
            "resolution_percentage": 50,
            "file_format": "PNG"
        }
    }
}