{
    "frame": "435",
    "image_filename": "render_435.png",
    "image_resolution": {
        "width": 1920,
        "height": 1080
    },
    "camera_parameters": {
        "intrinsic_matrix": [
            [
                2666.666666666667,
                0,
                960.0
            ],
            [
                0,
                2250.0,
                540.0
            ],
            [
                0,
                0,
                1
            ]
        ],
        "extrinsic_matrix": [
            [
                -0.557308554649353,
                0.8303053379058838,
                -1.7348789072002546e-07,
                -0.10701355338096619
            ],
            [
                0.0008477141382172704,
                0.0005692671402357519,
                0.9999994039535522,
                -1.085600733757019
            ],
            [
                0.8303049206733704,
                0.5573083162307739,
                -0.0010210182517766953,
                -11.422983169555664
            ],
            [
                -0.0,
                0.0,
                0.0,
                1.0
            ]
        ],
        "camera_location": [
            9.42584228515625,
            6.455596446990967,
            1.0739359855651855
        ],
        "camera_rotation_euler": [
            1.1093189716339111,
            0.0,
            0.8149281740188599
        ],
        "camera_rotation_quaternion": [
            0.3325054943561554,
            0.3328450322151184,
            0.6242793798446655,
            0.6236422061920166
        ],
        "focal_length": 50.0,
        "sensor_width": 36.0,
        "sensor_height": 24.0
    },
    "objects": [
        {
            "object_name": "Cube",
            "bbox_2d": {
                "x_min": 434.84928131103516,
                "y_min": 74.4209361076355,
                "x_max": 1412.8955841064453,
                "y_max": 961.7671349644661,
                "width": 978.0463027954102,
                "height": 887.3461988568306,
                "center_x": 923.8724327087402,
                "center_y": 518.0940355360508
            },
            "visible_vertices": 8,
            "total_vertices": 8
        }
    ],
    "metadata": {
        "total_objects": 1,
        "render_settings": {
            "resolution_percentage": 50,
            "file_format": "PNG"
        }
    }
}