{
    "frame": "430",
    "image_filename": "render_430.png",
    "image_resolution": {
        "width": 1920,
        "height": 1080
    },
    "camera_parameters": {
        "intrinsic_matrix": [
            [
                2666.666666666667,
                0,
                960.0
            ],
            [
                0,
                2250.0,
                540.0
            ],
            [
                0,
                0,
                1
            ]
        ],
        "extrinsic_matrix": [
            [
                -0.269219309091568,
                0.9630789756774902,
                -1.3411046495548362e-07,
                -0.0730501189827919
            ],
            [
                -0.13839538395404816,
                -0.03868698328733444,
                0.9896212220191956,
                -1.091694712638855
            ],
            [
                0.9530832767486572,
                0.26642507314682007,
                0.14370089769363403,
                -11.55242919921875
            ],
            [
                -0.0,
                -0.0,
                -0.0,
                1.0
            ]
        ],
        "camera_location": [
            10.839675903320312,
            3.1059765815734863,
            2.7404592037200928
        ],
        "camera_rotation_euler": [
            1.1093189716339111,
            0.0,
            0.8149281740188599
        ],
        "camera_rotation_quaternion": [
            0.4571090042591095,
            0.39552709460258484,
            0.5212560296058655,
            0.6024132966995239
        ],
        "focal_length": 50.0,
        "sensor_width": 36.0,
        "sensor_height": 24.0
    },
    "objects": [
        {
            "object_name": "Cube",
            "bbox_2d": {
                "x_min": 506.4857482910156,
                "y_min": 85.90907335281372,
                "x_max": 1382.6115417480469,
                "y_max": 958.814497590065,
                "width": 876.1257934570312,
                "height": 872.9054242372513,
                "center_x": 944.5486450195312,
                "center_y": 522.3617854714394
            },
            "visible_vertices": 8,
            "total_vertices": 8
        }
    ],
    "metadata": {
        "total_objects": 1,
        "render_settings": {
            "resolution_percentage": 50,
            "file_format": "PNG"
        }
    }
}