{
    "frame": "174",
    "image_filename": "render_174.png",
    "image_resolution": {
        "width": 1920,
        "height": 1080
    },
    "camera_parameters": {
        "intrinsic_matrix": [
            [
                2666.666666666667,
                0,
                960.0
            ],
            [
                0,
                2250.0,
                540.0
            ],
            [
                0,
                0,
                1
            ]
        ],
        "extrinsic_matrix": [
            [
                -0.8105180859565735,
                0.5857139825820923,
                -8.940700269022273e-08,
                -0.13200601935386658
            ],
            [
                -0.2032518982887268,
                -0.2812623381614685,
                0.9378595352172852,
                -1.0350602865219116
            ],
            [
                0.5493172407150269,
                0.7601519227027893,
                0.34701547026634216,
                -11.846601486206055
            ],
            [
                -0.0,
                -0.0,
                -0.0,
                1.0
            ]
        ],
        "camera_location": [
            6.1901702880859375,
            8.791410446166992,
            5.081696033477783
        ],
        "camera_rotation_euler": [
            1.1093189716339111,
            0.0,
            0.8149281740188599
        ],
        "camera_rotation_quaternion": [
            0.25260409712791443,
            0.17587552964687347,
            0.5436543822288513,
            0.7808322906494141
        ],
        "focal_length": 50.0,
        "sensor_width": 36.0,
        "sensor_height": 24.0
    },
    "objects": [
        {
            "object_name": "Cube",
            "bbox_2d": {
                "x_min": 443.1488800048828,
                "y_min": 104.21225309371948,
                "x_max": 1492.240333557129,
                "y_max": 1042.2698163986206,
                "width": 1049.091453552246,
                "height": 938.0575633049011,
                "center_x": 967.6946067810059,
                "center_y": 573.24103474617
            },
            "visible_vertices": 8,
            "total_vertices": 8
        }
    ],
    "metadata": {
        "total_objects": 1,
        "render_settings": {
            "resolution_percentage": 50,
            "file_format": "PNG"
        }
    }
}