{
    "frame": "77",
    "image_filename": "render_077.png",
    "image_resolution": {
        "width": 1920,
        "height": 1080
    },
    "camera_parameters": {
        "intrinsic_matrix": [
            [
                2666.666666666667,
                0,
                960.0
            ],
            [
                0,
                2250.0,
                540.0
            ],
            [
                0,
                0,
                1
            ]
        ],
        "extrinsic_matrix": [
            [
                -0.6029303073883057,
                0.7977938055992126,
                -6.705521116145974e-08,
                -0.11195656657218933
            ],
            [
                -0.0775582566857338,
                -0.05861427262425423,
                0.9952632784843445,
                -1.0888266563415527
            ],
            [
                0.7940149307250977,
                0.6000744104385376,
                0.0972159281373024,
                -11.536177635192871
            ],
            [
                -0.0,
                -0.0,
                -0.0,
                1.0
            ]
        ],
        "camera_location": [
            9.007948875427246,
            6.948063373565674,
            2.2051684856414795
        ],
        "camera_rotation_euler": [
            1.1093189716339111,
            0.0,
            0.8149281740188599
        ],
        "camera_rotation_quaternion": [
            0.3300270140171051,
            0.29936105012893677,
            0.6014773845672607,
            0.6630913615226746
        ],
        "focal_length": 50.0,
        "sensor_width": 36.0,
        "sensor_height": 24.0
    },
    "objects": [
        {
            "object_name": "Cube",
            "bbox_2d": {
                "x_min": 433.0926704406738,
                "y_min": 83.8506817817688,
                "x_max": 1429.6149444580078,
                "y_max": 956.7214652895927,
                "width": 996.522274017334,
                "height": 872.870783507824,
                "center_x": 931.3538074493408,
                "center_y": 520.2860735356808
            },
            "visible_vertices": 8,
            "total_vertices": 8
        }
    ],
    "metadata": {
        "total_objects": 1,
        "render_settings": {
            "resolution_percentage": 50,
            "file_format": "PNG"
        }
    }
}