{
    "frame": "17",
    "image_filename": "render_017.png",
    "image_resolution": {
        "width": 1920,
        "height": 1080
    },
    "camera_parameters": {
        "intrinsic_matrix": [
            [
                2666.666666666667,
                0,
                960.0
            ],
            [
                0,
                2250.0,
                540.0
            ],
            [
                0,
                0,
                1
            ]
        ],
        "extrinsic_matrix": [
            [
                0.5172823667526245,
                -0.8558148145675659,
                2.9802322387695312e-08,
                0.10256211459636688
            ],
            [
                0.25367841124534607,
                0.15333154797554016,
                0.9550584554672241,
                -1.0083768367767334
            ],
            [
                -0.8173532485961914,
                -0.49403488636016846,
                0.2964174747467041,
                -11.929067611694336
            ],
            [
                -0.0,
                0.0,
                -0.0,
                1.0
            ]
        ],
        "camera_location": [
            -9.547511100769043,
            -5.650985240936279,
            4.499042510986328
        ],
        "camera_rotation_euler": [
            1.1093189716339111,
            0.0,
            0.8149281740188599
        ],
        "camera_rotation_quaternion": [
            0.7012544870376587,
            0.5166075229644775,
            -0.29138967394828796,
            -0.3955387473106384
        ],
        "focal_length": 50.0,
        "sensor_width": 36.0,
        "sensor_height": 24.0
    },
    "objects": [
        {
            "object_name": "Cube",
            "bbox_2d": {
                "x_min": 432.9049301147461,
                "y_min": 75.6039834022522,
                "x_max": 1394.710464477539,
                "y_max": 1007.2651943564415,
                "width": 961.805534362793,
                "height": 931.6612109541893,
                "center_x": 913.8076972961426,
                "center_y": 541.4345888793468
            },
            "visible_vertices": 8,
            "total_vertices": 8
        }
    ],
    "metadata": {
        "total_objects": 1,
        "render_settings": {
            "resolution_percentage": 50,
            "file_format": "PNG"
        }
    }
}