{
    "frame": "135",
    "image_filename": "render_135.png",
    "image_resolution": {
        "width": 1920,
        "height": 1080
    },
    "camera_parameters": {
        "intrinsic_matrix": [
            [
                2666.666666666667,
                0,
                960.0
            ],
            [
                0,
                2250.0,
                540.0
            ],
            [
                0,
                0,
                1
            ]
        ],
        "extrinsic_matrix": [
            [
                -0.34246569871902466,
                0.939530074596405,
                1.7089760717681202e-07,
                -0.0820726677775383
            ],
            [
                -0.018120480701327324,
                -0.006605093367397785,
                0.9998137950897217,
                -1.0876960754394531
            ],
            [
                0.9393553733825684,
                0.3424021005630493,
                0.019286947324872017,
                -11.422098159790039
            ],
            [
                -0.0,
                0.0,
                -0.0,
                1.0
            ]
        ],
        "camera_location": [
            10.681596755981445,
            3.9808757305145264,
            1.3077892065048218
        ],
        "camera_rotation_euler": [
            1.1093189716339111,
            0.0,
            0.8149281740188599
        ],
        "camera_rotation_quaternion": [
            0.40933364629745483,
            0.40151357650756836,
            0.5737102627754211,
            0.5848841667175293
        ],
        "focal_length": 50.0,
        "sensor_width": 36.0,
        "sensor_height": 24.0
    },
    "objects": [
        {
            "object_name": "Cube",
            "bbox_2d": {
                "x_min": 480.08188247680664,
                "y_min": 64.52403545379639,
                "x_max": 1356.1969757080078,
                "y_max": 946.9349884986877,
                "width": 876.1150932312012,
                "height": 882.4109530448914,
                "center_x": 918.1394290924072,
                "center_y": 505.72951197624207
            },
            "visible_vertices": 8,
            "total_vertices": 8
        }
    ],
    "metadata": {
        "total_objects": 1,
        "render_settings": {
            "resolution_percentage": 50,
            "file_format": "PNG"
        }
    }
}