{
    "frame": "38",
    "image_filename": "render_038.png",
    "image_resolution": {
        "width": 1920,
        "height": 1080
    },
    "camera_parameters": {
        "intrinsic_matrix": [
            [
                2666.666666666667,
                0,
                960.0
            ],
            [
                0,
                2250.0,
                540.0
            ],
            [
                0,
                0,
                1
            ]
        ],
        "extrinsic_matrix": [
            [
                0.7600284218788147,
                0.6498898863792419,
                5.21540641784668e-08,
                0.07821761071681976
            ],
            [
                -0.08318588137626648,
                0.09728356450796127,
                0.9917742013931274,
                -1.0917226076126099
            ],
            [
                0.6445440053939819,
                -0.7537765502929688,
                0.127999946475029,
                -11.538395881652832
            ],
            [
                -0.0,
                0.0,
                -0.0,
                1.0
            ]
        ],
        "camera_location": [
            7.286739826202393,
            -8.641998291015625,
            2.5596561431884766
        ],
        "camera_rotation_euler": [
            1.1093189716339111,
            0.0,
            0.8149281740188599
        ],
        "camera_rotation_quaternion": [
            0.7045055031776428,
            0.6194241046905518,
            0.22872212529182434,
            0.2601384222507477
        ],
        "focal_length": 50.0,
        "sensor_width": 36.0,
        "sensor_height": 24.0
    },
    "objects": [
        {
            "object_name": "Cube",
            "bbox_2d": {
                "x_min": 498.27335357666016,
                "y_min": 77.88227319717407,
                "x_max": 1400.9014892578125,
                "y_max": 891.7782407999039,
                "width": 902.6281356811523,
                "height": 813.8959676027298,
                "center_x": 949.5874214172363,
                "center_y": 484.83025699853897
            },
            "visible_vertices": 8,
            "total_vertices": 8
        }
    ],
    "metadata": {
        "total_objects": 1,
        "render_settings": {
            "resolution_percentage": 50,
            "file_format": "PNG"
        }
    }
}