{
    "frame": "161",
    "image_filename": "render_161.png",
    "image_resolution": {
        "width": 1920,
        "height": 1080
    },
    "camera_parameters": {
        "intrinsic_matrix": [
            [
                2666.666666666667,
                0,
                960.0
            ],
            [
                0,
                2250.0,
                540.0
            ],
            [
                0,
                0,
                1
            ]
        ],
        "extrinsic_matrix": [
            [
                0.7348405122756958,
                -0.6782399415969849,
                -5.0291408371094803e-08,
                0.1252753883600235
            ],
            [
                -0.031552065163850784,
                -0.034185077995061874,
                0.998917281627655,
                -1.0874931812286377
            ],
            [
                -0.6775056719779968,
                -0.7340447902679443,
                -0.0465204082429409,
                -11.52868366241455
            ],
            [
                -0.0,
                0.0,
                -0.0,
                1.0
            ]
        ],
        "camera_location": [
            -7.937119007110596,
            -8.414782524108887,
            0.5499962568283081
        ],
        "camera_rotation_euler": [
            1.1093189716339111,
            0.0,
            0.8149281740188599
        ],
        "camera_rotation_quaternion": [
            0.6430659890174866,
            0.6737110018730164,
            -0.26338890194892883,
            -0.2514081299304962
        ],
        "focal_length": 50.0,
        "sensor_width": 36.0,
        "sensor_height": 24.0
    },
    "objects": [
        {
            "object_name": "Cube",
            "bbox_2d": {
                "x_min": 427.00243949890137,
                "y_min": 113.7340521812439,
                "x_max": 1465.2732467651367,
                "y_max": 992.8913998603821,
                "width": 1038.2708072662354,
                "height": 879.1573476791382,
                "center_x": 946.137843132019,
                "center_y": 553.312726020813
            },
            "visible_vertices": 8,
            "total_vertices": 8
        }
    ],
    "metadata": {
        "total_objects": 1,
        "render_settings": {
            "resolution_percentage": 50,
            "file_format": "PNG"
        }
    }
}