{
    "frame": "397",
    "image_filename": "render_397.png",
    "image_resolution": {
        "width": 1920,
        "height": 1080
    },
    "camera_parameters": {
        "intrinsic_matrix": [
            [
                2666.666666666667,
                0,
                960.0
            ],
            [
                0,
                2250.0,
                540.0
            ],
            [
                0,
                0,
                1
            ]
        ],
        "extrinsic_matrix": [
            [
                0.9315505027770996,
                -0.3636118471622467,
                0.0,
                0.13995541632175446
            ],
            [
                0.09654151648283005,
                0.24733325839042664,
                0.9641087651252747,
                -1.0430541038513184
            ],
            [
                -0.3505614399909973,
                -0.8981161117553711,
                0.2655071020126343,
                -11.816946029663086
            ],
            [
                -0.0,
                0.0,
                -0.0,
                1.0
            ]
        ],
        "camera_location": [
            -4.172243118286133,
            -10.304119110107422,
            4.143100738525391
        ],
        "camera_rotation_euler": [
            1.1093189716339111,
            0.0,
            0.8149281740188599
        ],
        "camera_rotation_quaternion": [
            0.7817275524139404,
            0.595548152923584,
            -0.1121111661195755,
            -0.1471591740846634
        ],
        "focal_length": 50.0,
        "sensor_width": 36.0,
        "sensor_height": 24.0
    },
    "objects": [
        {
            "object_name": "Cube",
            "bbox_2d": {
                "x_min": 461.4566230773926,
                "y_min": 100.38579225540161,
                "x_max": 1485.5620193481445,
                "y_max": 1007.3642805218697,
                "width": 1024.105396270752,
                "height": 906.978488266468,
                "center_x": 973.5093212127686,
                "center_y": 553.8750363886356
            },
            "visible_vertices": 8,
            "total_vertices": 8
        }
    ],
    "metadata": {
        "total_objects": 1,
        "render_settings": {
            "resolution_percentage": 50,
            "file_format": "PNG"
        }
    }
}