{
    "frame": "804",
    "image_filename": "render_804.png",
    "image_resolution": {
        "width": 1920,
        "height": 1080
    },
    "camera_parameters": {
        "intrinsic_matrix": [
            [
                2666.666666666667,
                0,
                960.0
            ],
            [
                0,
                2250.0,
                540.0
            ],
            [
                0,
                0,
                1
            ]
        ],
        "extrinsic_matrix": [
            [
                0.9728497862815857,
                0.23143748939037323,
                -3.725290653733282e-08,
                0.12293626368045807
            ],
            [
                0.006197231821715832,
                -0.026049986481666565,
                0.999641478061676,
                -1.083475112915039
            ],
            [
                0.2313545048236847,
                -0.9725009799003601,
                -0.0267769955098629,
                -11.417993545532227
            ],
            [
                -0.0,
                0.0,
                -0.0,
                1.0
            ]
        ],
        "camera_location": [
            2.528719902038574,
            -11.160685539245605,
            0.7773469686508179
        ],
        "camera_rotation_euler": [
            1.1093189716339111,
            0.0,
            0.8149281740188599
        ],
        "camera_rotation_quaternion": [
            0.6928244233131409,
            0.7116313576698303,
            0.08348237723112106,
            0.08127608895301819
        ],
        "focal_length": 50.0,
        "sensor_width": 36.0,
        "sensor_height": 24.0
    },
    "objects": [
        {
            "object_name": "Cube",
            "bbox_2d": {
                "x_min": 534.0320777893066,
                "y_min": 51.78126811981201,
                "x_max": 1375.5084228515625,
                "y_max": 954.648517370224,
                "width": 841.4763450622559,
                "height": 902.867249250412,
                "center_x": 954.7702503204346,
                "center_y": 503.214892745018
            },
            "visible_vertices": 8,
            "total_vertices": 8
        }
    ],
    "metadata": {
        "total_objects": 1,
        "render_settings": {
            "resolution_percentage": 50,
            "file_format": "PNG"
        }
    }
}