{
    "frame": "14",
    "image_filename": "render_014.png",
    "image_resolution": {
        "width": 1920,
        "height": 1080
    },
    "camera_parameters": {
        "intrinsic_matrix": [
            [
                2666.666666666667,
                0,
                960.0
            ],
            [
                0,
                2250.0,
                540.0
            ],
            [
                0,
                0,
                1
            ]
        ],
        "extrinsic_matrix": [
            [
                -0.9510979056358337,
                -0.30888858437538147,
                -6.332989954671575e-08,
                -0.11704801768064499
            ],
            [
                0.050114765763282776,
                -0.15430833399295807,
                0.9867507815361023,
                -1.0586622953414917
            ],
            [
                -0.3047960698604584,
                0.9384969472885132,
                0.16224254667758942,
                -11.458882331848145
            ],
            [
                0.0,
                0.0,
                -0.0,
                1.0
            ]
        ],
        "camera_location": [
            -3.550893545150757,
            10.55461311340332,
            2.9037516117095947
        ],
        "camera_rotation_euler": [
            1.1093189716339111,
            0.0,
            0.8149281740188599
        ],
        "camera_rotation_quaternion": [
            0.11920124292373657,
            0.1012025997042656,
            -0.6392471194267273,
            -0.7529358267784119
        ],
        "focal_length": 50.0,
        "sensor_width": 36.0,
        "sensor_height": 24.0
    },
    "objects": [
        {
            "object_name": "Cube",
            "bbox_2d": {
                "x_min": 516.5633583068848,
                "y_min": 80.6020975112915,
                "x_max": 1357.8654098510742,
                "y_max": 1064.4794112816453,
                "width": 841.3020515441895,
                "height": 983.8773137703538,
                "center_x": 937.2143840789795,
                "center_y": 572.5407543964684
            },
            "visible_vertices": 8,
            "total_vertices": 8
        }
    ],
    "metadata": {
        "total_objects": 1,
        "render_settings": {
            "resolution_percentage": 50,
            "file_format": "PNG"
        }
    }
}