{
    "frame": "997",
    "image_filename": "render_997.png",
    "image_resolution": {
        "width": 1920,
        "height": 1080
    },
    "camera_parameters": {
        "intrinsic_matrix": [
            [
                2666.666666666667,
                0,
                960.0
            ],
            [
                0,
                2250.0,
                540.0
            ],
            [
                0,
                0,
                1
            ]
        ],
        "extrinsic_matrix": [
            [
                -0.44986000657081604,
                0.8930990695953369,
                -1.1920928955078125e-07,
                -0.09484965354204178
            ],
            [
                -0.27161797881126404,
                -0.1368156373500824,
                0.9526306986808777,
                -1.0658442974090576
            ],
            [
                0.8507936000823975,
                0.42855045199394226,
                0.3041296899318695,
                -11.746618270874023
            ],
            [
                -0.0,
                -0.0,
                -0.0,
                1.0
            ]
        ],
        "camera_location": [
            9.661775588989258,
            4.972904682159424,
            4.587850570678711
        ],
        "camera_rotation_euler": [
            1.1093189716339111,
            0.0,
            0.8149281740188599
        ],
        "camera_rotation_quaternion": [
            0.4235132932662964,
            0.3093646764755249,
            0.5022237300872803,
            0.6875327825546265
        ],
        "focal_length": 50.0,
        "sensor_width": 36.0,
        "sensor_height": 24.0
    },
    "objects": [
        {
            "object_name": "Cube",
            "bbox_2d": {
                "x_min": 465.498104095459,
                "y_min": 123.52583169937134,
                "x_max": 1386.7547607421875,
                "y_max": 1024.1576072573662,
                "width": 921.2566566467285,
                "height": 900.6317755579948,
                "center_x": 926.1264324188232,
                "center_y": 573.8417194783688
            },
            "visible_vertices": 8,
            "total_vertices": 8
        }
    ],
    "metadata": {
        "total_objects": 1,
        "render_settings": {
            "resolution_percentage": 50,
            "file_format": "PNG"
        }
    }
}