{
    "frame": "520",
    "image_filename": "render_520.png",
    "image_resolution": {
        "width": 1920,
        "height": 1080
    },
    "camera_parameters": {
        "intrinsic_matrix": [
            [
                2666.666666666667,
                0,
                960.0
            ],
            [
                0,
                2250.0,
                540.0
            ],
            [
                0,
                0,
                1
            ]
        ],
        "extrinsic_matrix": [
            [
                0.12330126762390137,
                -0.9923691749572754,
                -4.656611096720553e-08,
                0.05440372973680496
            ],
            [
                0.17765095829963684,
                0.022073060274124146,
                0.9838457703590393,
                -1.044939398765564
            ],
            [
                -0.9763383269309998,
                -0.12130936235189438,
                0.1790170818567276,
                -11.837295532226562
            ],
            [
                -0.0,
                0.0,
                -0.0,
                1.0
            ]
        ],
        "camera_location": [
            -11.37828254699707,
            -1.3589227199554443,
            3.14713716506958
        ],
        "camera_rotation_euler": [
            1.1093189716339111,
            0.0,
            0.8149281740188599
        ],
        "camera_rotation_quaternion": [
            0.5754110813140869,
            0.48015913367271423,
            -0.42419180274009705,
            -0.5083411335945129
        ],
        "focal_length": 50.0,
        "sensor_width": 36.0,
        "sensor_height": 24.0
    },
    "objects": [
        {
            "object_name": "Cube",
            "bbox_2d": {
                "x_min": 550.6108474731445,
                "y_min": 88.18408012390137,
                "x_max": 1396.4665603637695,
                "y_max": 1052.2705165296793,
                "width": 845.855712890625,
                "height": 964.0864364057779,
                "center_x": 973.538703918457,
                "center_y": 570.2272983267903
            },
            "visible_vertices": 8,
            "total_vertices": 8
        }
    ],
    "metadata": {
        "total_objects": 1,
        "render_settings": {
            "resolution_percentage": 50,
            "file_format": "PNG"
        }
    }
}