{
    "frame": "133",
    "image_filename": "render_133.png",
    "image_resolution": {
        "width": 1920,
        "height": 1080
    },
    "camera_parameters": {
        "intrinsic_matrix": [
            [
                2666.666666666667,
                0,
                960.0
            ],
            [
                0,
                2250.0,
                540.0
            ],
            [
                0,
                0,
                1
            ]
        ],
        "extrinsic_matrix": [
            [
                0.950217604637146,
                -0.3115869462490082,
                1.4901159417490817e-08,
                0.14050613343715668
            ],
            [
                -0.03309953212738037,
                -0.10094047337770462,
                0.9943416118621826,
                -1.0801976919174194
            ],
            [
                -0.3098238706588745,
                -0.9448409676551819,
                -0.1062287986278534,
                -11.406063079833984
            ],
            [
                -0.0,
                0.0,
                -0.0,
                1.0
            ]
        ],
        "camera_location": [
            -3.703136444091797,
            -10.842172622680664,
            -0.1375669687986374
        ],
        "camera_rotation_euler": [
            1.1093189716339111,
            0.0,
            0.8149281740188599
        ],
        "camera_rotation_quaternion": [
            0.660122811794281,
            0.7344022989273071,
            -0.1173357143998146,
            -0.1054680347442627
        ],
        "focal_length": 50.0,
        "sensor_width": 36.0,
        "sensor_height": 24.0
    },
    "objects": [
        {
            "object_name": "Cube",
            "bbox_2d": {
                "x_min": 484.0304374694824,
                "y_min": 86.89919471740723,
                "x_max": 1496.6813278198242,
                "y_max": 983.2313597202301,
                "width": 1012.6508903503418,
                "height": 896.3321650028229,
                "center_x": 990.3558826446533,
                "center_y": 535.0652772188187
            },
            "visible_vertices": 8,
            "total_vertices": 8
        }
    ],
    "metadata": {
        "total_objects": 1,
        "render_settings": {
            "resolution_percentage": 50,
            "file_format": "PNG"
        }
    }
}