{
    "frame": "19",
    "image_filename": "render_019.png",
    "image_resolution": {
        "width": 1920,
        "height": 1080
    },
    "camera_parameters": {
        "intrinsic_matrix": [
            [
                2666.666666666667,
                0,
                960.0
            ],
            [
                0,
                2250.0,
                540.0
            ],
            [
                0,
                0,
                1
            ]
        ],
        "extrinsic_matrix": [
            [
                0.8902052640914917,
                0.455559641122818,
                8.195636524988004e-08,
                0.10322966426610947
            ],
            [
                -0.1254093050956726,
                0.2450612485408783,
                0.9613622426986694,
                -1.0700410604476929
            ],
            [
                0.43795785307884216,
                -0.8558096885681152,
                0.2752862274646759,
                -11.722399711608887
            ],
            [
                -0.0,
                0.0,
                -0.0,
                1.0
            ]
        ],
        "camera_location": [
            4.907828330993652,
            -9.816946029663086,
            4.255712509155273
        ],
        "camera_rotation_euler": [
            1.1093189716339111,
            0.0,
            0.8149281740188599
        ],
        "camera_rotation_quaternion": [
            0.7762977480888367,
            0.585204541683197,
            0.14104053378105164,
            0.18709604442119598
        ],
        "focal_length": 50.0,
        "sensor_width": 36.0,
        "sensor_height": 24.0
    },
    "objects": [
        {
            "object_name": "Cube",
            "bbox_2d": {
                "x_min": 489.9884033203125,
                "y_min": 131.34863376617432,
                "x_max": 1362.4263381958008,
                "y_max": 935.6674253940582,
                "width": 872.4379348754883,
                "height": 804.3187916278839,
                "center_x": 926.2073707580566,
                "center_y": 533.5080295801163
            },
            "visible_vertices": 8,
            "total_vertices": 8
        }
    ],
    "metadata": {
        "total_objects": 1,
        "render_settings": {
            "resolution_percentage": 50,
            "file_format": "PNG"
        }
    }
}