{
    "frame": "616",
    "image_filename": "render_616.png",
    "image_resolution": {
        "width": 1920,
        "height": 1080
    },
    "camera_parameters": {
        "intrinsic_matrix": [
            [
                2666.666666666667,
                0,
                960.0
            ],
            [
                0,
                2250.0,
                540.0
            ],
            [
                0,
                0,
                1
            ]
        ],
        "extrinsic_matrix": [
            [
                0.999952495098114,
                -0.009747682139277458,
                -4.6566123179658803e-10,
                0.1357712596654892
            ],
            [
                -0.00034572722506709397,
                -0.03546593710780144,
                0.999370813369751,
                -1.0837095975875854
            ],
            [
                -0.009741549380123615,
                -0.999323308467865,
                -0.03546762466430664,
                -11.440184593200684
            ],
            [
                -0.0,
                0.0,
                -0.0,
                1.0
            ]
        ],
        "camera_location": [
            -0.24758459627628326,
            -11.469554901123047,
            0.6772716045379639
        ],
        "camera_rotation_euler": [
            1.1093189716339111,
            0.0,
            0.8149281740188599
        ],
        "camera_rotation_quaternion": [
            0.6944456696510315,
            0.7195286750793457,
            -0.003506951965391636,
            -0.0033846984151750803
        ],
        "focal_length": 50.0,
        "sensor_width": 36.0,
        "sensor_height": 24.0
    },
    "objects": [
        {
            "object_name": "Cube",
            "bbox_2d": {
                "x_min": 566.2533187866211,
                "y_min": 64.76858854293823,
                "x_max": 1451.7840957641602,
                "y_max": 963.9567992091179,
                "width": 885.5307769775391,
                "height": 899.1882106661797,
                "center_x": 1009.0187072753906,
                "center_y": 514.3626938760281
            },
            "visible_vertices": 8,
            "total_vertices": 8
        }
    ],
    "metadata": {
        "total_objects": 1,
        "render_settings": {
            "resolution_percentage": 50,
            "file_format": "PNG"
        }
    }
}