{
    "frame": "569",
    "image_filename": "render_569.png",
    "image_resolution": {
        "width": 1920,
        "height": 1080
    },
    "camera_parameters": {
        "intrinsic_matrix": [
            [
                2666.666666666667,
                0,
                960.0
            ],
            [
                0,
                2250.0,
                540.0
            ],
            [
                0,
                0,
                1
            ]
        ],
        "extrinsic_matrix": [
            [
                0.9622494578361511,
                -0.2721688747406006,
                3.399327042075129e-08,
                0.14063730835914612
            ],
            [
                0.001721324399113655,
                0.006085870787501335,
                0.9999799132347107,
                -1.0856709480285645
            ],
            [
                -0.272163450717926,
                -0.9622302055358887,
                0.006324618123471737,
                -11.522501945495605
            ],
            [
                -0.0,
                0.0,
                -0.0,
                1.0
            ]
        ],
        "camera_location": [
            -3.269463300704956,
            -11.042415618896484,
            1.158524751663208
        ],
        "camera_rotation_euler": [
            1.1093189716339111,
            0.0,
            0.8149281740188599
        ],
        "camera_rotation_quaternion": [
            0.7026129961013794,
            0.6981831789016724,
            -0.09683976322412491,
            -0.09745416045188904
        ],
        "focal_length": 50.0,
        "sensor_width": 36.0,
        "sensor_height": 24.0
    },
    "objects": [
        {
            "object_name": "Cube",
            "bbox_2d": {
                "x_min": 490.68254470825195,
                "y_min": 82.25255727767944,
                "x_max": 1490.7336044311523,
                "y_max": 967.07783639431,
                "width": 1000.0510597229004,
                "height": 884.8252791166306,
                "center_x": 990.7080745697021,
                "center_y": 524.6651968359947
            },
            "visible_vertices": 8,
            "total_vertices": 8
        }
    ],
    "metadata": {
        "total_objects": 1,
        "render_settings": {
            "resolution_percentage": 50,
            "file_format": "PNG"
        }
    }
}