{
    "frame": "948",
    "image_filename": "render_948.png",
    "image_resolution": {
        "width": 1920,
        "height": 1080
    },
    "camera_parameters": {
        "intrinsic_matrix": [
            [
                2666.666666666667,
                0,
                960.0
            ],
            [
                0,
                2250.0,
                540.0
            ],
            [
                0,
                0,
                1
            ]
        ],
        "extrinsic_matrix": [
            [
                -0.9387122392654419,
                -0.3447013199329376,
                1.862644793959589e-08,
                -0.11401039361953735
            ],
            [
                0.059448372572660446,
                -0.16189341247081757,
                0.9850158095359802,
                -1.0552223920822144
            ],
            [
                -0.33953630924224854,
                0.9246465563774109,
                0.17246337234973907,
                -11.783698081970215
            ],
            [
                -0.0,
                0.0,
                -0.0,
                1.0
            ]
        ],
        "camera_location": [
            -4.045286178588867,
            10.685625076293945,
            3.071666955947876
        ],
        "camera_rotation_euler": [
            1.1093189716339111,
            0.0,
            0.8149281740188599
        ],
        "camera_rotation_quaternion": [
            0.1340312361717224,
            0.11260298639535904,
            -0.6333158016204834,
            -0.7538350820541382
        ],
        "focal_length": 50.0,
        "sensor_width": 36.0,
        "sensor_height": 24.0
    },
    "objects": [
        {
            "object_name": "Cube",
            "bbox_2d": {
                "x_min": 524.9724769592285,
                "y_min": 89.72581386566162,
                "x_max": 1357.0540237426758,
                "y_max": 1053.2403443008661,
                "width": 832.0815467834473,
                "height": 963.5145304352045,
                "center_x": 941.0132503509521,
                "center_y": 571.4830790832639
            },
            "visible_vertices": 8,
            "total_vertices": 8
        }
    ],
    "metadata": {
        "total_objects": 1,
        "render_settings": {
            "resolution_percentage": 50,
            "file_format": "PNG"
        }
    }
}