{
    "frame": "962",
    "image_filename": "render_962.png",
    "image_resolution": {
        "width": 1920,
        "height": 1080
    },
    "camera_parameters": {
        "intrinsic_matrix": [
            [
                2666.666666666667,
                0,
                960.0
            ],
            [
                0,
                2250.0,
                540.0
            ],
            [
                0,
                0,
                1
            ]
        ],
        "extrinsic_matrix": [
            [
                -0.9857355952262878,
                0.16830036044120789,
                3.725289587919178e-08,
                -0.13987085223197937
            ],
            [
                -0.04493621736764908,
                -0.26319169998168945,
                0.9636963605880737,
                -1.042363166809082
            ],
            [
                0.1621904820203781,
                0.9499499201774597,
                0.26700034737586975,
                -11.81935977935791
            ],
            [
                -0.0,
                0.0,
                -0.0,
                1.0
            ]
        ],
        "camera_location": [
            1.7322726249694824,
            10.977002143859863,
            4.160294532775879
        ],
        "camera_rotation_euler": [
            1.1093189716339111,
            0.0,
            0.8149281740188599
        ],
        "camera_rotation_quaternion": [
            0.06721755862236023,
            0.051126543432474136,
            0.6032295823097229,
            0.7930838465690613
        ],
        "focal_length": 50.0,
        "sensor_width": 36.0,
        "sensor_height": 24.0
    },
    "objects": [
        {
            "object_name": "Cube",
            "bbox_2d": {
                "x_min": 523.2553482055664,
                "y_min": 80.92872619628906,
                "x_max": 1487.361946105957,
                "y_max": 998.8964527845383,
                "width": 964.1065979003906,
                "height": 917.9677265882492,
                "center_x": 1005.3086471557617,
                "center_y": 539.9125894904137
            },
            "visible_vertices": 8,
            "total_vertices": 8
        }
    ],
    "metadata": {
        "total_objects": 1,
        "render_settings": {
            "resolution_percentage": 50,
            "file_format": "PNG"
        }
    }
}