{
    "frame": "441",
    "image_filename": "render_441.png",
    "image_resolution": {
        "width": 1920,
        "height": 1080
    },
    "camera_parameters": {
        "intrinsic_matrix": [
            [
                2666.666666666667,
                0,
                960.0
            ],
            [
                0,
                2250.0,
                540.0
            ],
            [
                0,
                0,
                1
            ]
        ],
        "extrinsic_matrix": [
            [
                0.39289820194244385,
                -0.9195820093154907,
                8.195638656616211e-08,
                0.08814391493797302
            ],
            [
                -0.10892541706562042,
                -0.046539075672626495,
                0.9929599761962891,
                -1.091030478477478
            ],
            [
                -0.9131080508232117,
                -0.3901321291923523,
                -0.11845096200704575,
                -11.495561599731445
            ],
            [
                -0.0,
                0.0,
                -0.0,
                1.0
            ]
        ],
        "camera_location": [
            -10.650161743164062,
            -4.454507827758789,
            -0.2783108353614807
        ],
        "camera_rotation_euler": [
            1.1093189716339111,
            0.0,
            0.8149281740188599
        ],
        "camera_rotation_quaternion": [
            0.5540550947189331,
            0.6240769624710083,
            -0.41201144456863403,
            -0.3657833933830261
        ],
        "focal_length": 50.0,
        "sensor_width": 36.0,
        "sensor_height": 24.0
    },
    "objects": [
        {
            "object_name": "Cube",
            "bbox_2d": {
                "x_min": 470.45193672180176,
                "y_min": 122.38449811935425,
                "x_max": 1361.5050888061523,
                "y_max": 997.9538628458977,
                "width": 891.0531520843506,
                "height": 875.5693647265434,
                "center_x": 915.978512763977,
                "center_y": 560.169180482626
            },
            "visible_vertices": 8,
            "total_vertices": 8
        }
    ],
    "metadata": {
        "total_objects": 1,
        "render_settings": {
            "resolution_percentage": 50,
            "file_format": "PNG"
        }
    }
}