{
    "frame": "149",
    "image_filename": "render_149.png",
    "image_resolution": {
        "width": 1920,
        "height": 1080
    },
    "camera_parameters": {
        "intrinsic_matrix": [
            [
                2666.666666666667,
                0,
                960.0
            ],
            [
                0,
                2250.0,
                540.0
            ],
            [
                0,
                0,
                1
            ]
        ],
        "extrinsic_matrix": [
            [
                -0.6838306784629822,
                0.729640543460846,
                0.0,
                -0.12031973898410797
            ],
            [
                -0.2305610030889511,
                -0.21608537435531616,
                0.9487615823745728,
                -1.0530732870101929
            ],
            [
                0.6922549605369568,
                0.6487924456596375,
                0.31599271297454834,
                -11.789335250854492
            ],
            [
                -0.0,
                -0.0,
                -0.0,
                1.0
            ]
        ],
        "camera_location": [
            7.836150169372559,
            7.509067058563232,
            4.724457263946533
        ],
        "camera_rotation_euler": [
            1.1093189716339111,
            0.0,
            0.8149281740188599
        ],
        "camera_rotation_quaternion": [
            0.3225199282169342,
            0.23251989483833313,
            0.5365986824035645,
            0.7442964315414429
        ],
        "focal_length": 50.0,
        "sensor_width": 36.0,
        "sensor_height": 24.0
    },
    "objects": [
        {
            "object_name": "Cube",
            "bbox_2d": {
                "x_min": 436.3838481903076,
                "y_min": 111.30558013916016,
                "x_max": 1460.3518295288086,
                "y_max": 1038.0380550026894,
                "width": 1023.967981338501,
                "height": 926.7324748635292,
                "center_x": 948.3678388595581,
                "center_y": 574.6718175709248
            },
            "visible_vertices": 8,
            "total_vertices": 8
        }
    ],
    "metadata": {
        "total_objects": 1,
        "render_settings": {
            "resolution_percentage": 50,
            "file_format": "PNG"
        }
    }
}