{
    "frame": "87",
    "image_filename": "render_087.png",
    "image_resolution": {
        "width": 1920,
        "height": 1080
    },
    "camera_parameters": {
        "intrinsic_matrix": [
            [
                2666.666666666667,
                0,
                960.0
            ],
            [
                0,
                2250.0,
                540.0
            ],
            [
                0,
                0,
                1
            ]
        ],
        "extrinsic_matrix": [
            [
                -0.9296395778656006,
                -0.3684699535369873,
                4.0978189730367376e-08,
                -0.11187810450792313
            ],
            [
                0.01703357882797718,
                -0.04297512397170067,
                0.9989308714866638,
                -1.0805929899215698
            ],
            [
                -0.36807599663734436,
                0.9286457300186157,
                0.04622778296470642,
                -11.65066146850586
            ],
            [
                -0.0,
                0.0,
                -0.0,
                1.0
            ]
        ],
        "camera_location": [
            -4.373929500579834,
            10.73167610168457,
            1.6180216073989868
        ],
        "camera_rotation_euler": [
            1.1093189716339111,
            0.0,
            0.8149281740188599
        ],
        "camera_rotation_quaternion": [
            0.13565854728221893,
            0.1295257955789566,
            -0.6783134937286377,
            -0.7104299068450928
        ],
        "focal_length": 50.0,
        "sensor_width": 36.0,
        "sensor_height": 24.0
    },
    "objects": [
        {
            "object_name": "Cube",
            "bbox_2d": {
                "x_min": 514.9681091308594,
                "y_min": 123.31237077713013,
                "x_max": 1356.848030090332,
                "y_max": 1038.5863038897514,
                "width": 841.8799209594727,
                "height": 915.2739331126213,
                "center_x": 935.9080696105957,
                "center_y": 580.9493373334408
            },
            "visible_vertices": 8,
            "total_vertices": 8
        }
    ],
    "metadata": {
        "total_objects": 1,
        "render_settings": {
            "resolution_percentage": 50,
            "file_format": "PNG"
        }
    }
}