{
    "frame": "28",
    "image_filename": "render_028.png",
    "image_resolution": {
        "width": 1920,
        "height": 1080
    },
    "camera_parameters": {
        "intrinsic_matrix": [
            [
                2666.666666666667,
                0,
                960.0
            ],
            [
                0,
                2250.0,
                540.0
            ],
            [
                0,
                0,
                1
            ]
        ],
        "extrinsic_matrix": [
            [
                -0.10370831191539764,
                -0.9946076273918152,
                -1.6763801014008095e-08,
                0.02375214919447899
            ],
            [
                0.05699171498417854,
                -0.0059424894861876965,
                0.9983568787574768,
                -1.0759685039520264
            ],
            [
                -0.9929734468460083,
                0.10353800654411316,
                0.057300783693790436,
                -11.71594524383545
            ],
            [
                -0.0,
                0.0,
                -0.0,
                1.0
            ]
        ],
        "camera_location": [
            -11.569841384887695,
            1.23027503490448,
            1.7455326318740845
        ],
        "camera_rotation_euler": [
            1.1093189716339111,
            0.0,
            0.8149281740188599
        ],
        "camera_rotation_quaternion": [
            0.48673659563064575,
            0.4596013128757477,
            -0.5100159645080566,
            -0.540127694606781
        ],
        "focal_length": 50.0,
        "sensor_width": 36.0,
        "sensor_height": 24.0
    },
    "objects": [
        {
            "object_name": "Cube",
            "bbox_2d": {
                "x_min": 528.4146881103516,
                "y_min": 122.9478907585144,
                "x_max": 1426.9385147094727,
                "y_max": 1048.68974737823,
                "width": 898.5238265991211,
                "height": 925.7418566197157,
                "center_x": 977.6766014099121,
                "center_y": 585.8188190683722
            },
            "visible_vertices": 8,
            "total_vertices": 8
        }
    ],
    "metadata": {
        "total_objects": 1,
        "render_settings": {
            "resolution_percentage": 50,
            "file_format": "PNG"
        }
    }
}