{
    "frame": "413",
    "image_filename": "render_413.png",
    "image_resolution": {
        "width": 1920,
        "height": 1080
    },
    "camera_parameters": {
        "intrinsic_matrix": [
            [
                2666.666666666667,
                0,
                960.0
            ],
            [
                0,
                2250.0,
                540.0
            ],
            [
                0,
                0,
                1
            ]
        ],
        "extrinsic_matrix": [
            [
                -0.6366494297981262,
                0.7711530923843384,
                1.1175865921586592e-07,
                -0.11550860852003098
            ],
            [
                0.02845297008752823,
                0.02349020354449749,
                0.9993189573287964,
                -1.0819919109344482
            ],
            [
                0.7706279754638672,
                0.6362159848213196,
                -0.036896441131830215,
                -11.395112991333008
            ],
            [
                -0.0,
                -0.0,
                -0.0,
                1.0
            ]
        ],
        "camera_location": [
            8.738643646240234,
            7.364245891571045,
            0.6608139276504517
        ],
        "camera_rotation_euler": [
            1.1093189716339111,
            0.0,
            0.8149281740188599
        ],
        "camera_rotation_quaternion": [
            0.29578036069869995,
            0.30690261721611023,
            0.6513517498970032,
            0.62774658203125
        ],
        "focal_length": 50.0,
        "sensor_width": 36.0,
        "sensor_height": 24.0
    },
    "objects": [
        {
            "object_name": "Cube",
            "bbox_2d": {
                "x_min": 425.8279323577881,
                "y_min": 79.20320749282837,
                "x_max": 1436.0329055786133,
                "y_max": 972.0000949501991,
                "width": 1010.2049732208252,
                "height": 892.7968874573708,
                "center_x": 930.9304189682007,
                "center_y": 525.6016512215137
            },
            "visible_vertices": 8,
            "total_vertices": 8
        }
    ],
    "metadata": {
        "total_objects": 1,
        "render_settings": {
            "resolution_percentage": 50,
            "file_format": "PNG"
        }
    }
}