{
    "frame": "11",
    "image_filename": "render_011.png",
    "image_resolution": {
        "width": 1920,
        "height": 1080
    },
    "camera_parameters": {
        "intrinsic_matrix": [
            [
                2666.666666666667,
                0,
                960.0
            ],
            [
                0,
                2250.0,
                540.0
            ],
            [
                0,
                0,
                1
            ]
        ],
        "extrinsic_matrix": [
            [
                0.9505678415298462,
                -0.3105168044567108,
                -8.195636524988004e-08,
                0.14051321148872375
            ],
            [
                -0.04775620251893997,
                -0.14619357883930206,
                0.9881024956703186,
                -1.0736888647079468
            ],
            [
                -0.3068224787712097,
                -0.9392585158348083,
                -0.1537960320711136,
                -10.829187393188477
            ],
            [
                -0.0,
                0.0,
                -0.0,
                1.0
            ]
        ],
        "camera_location": [
            -3.5074808597564697,
            -10.284743309020996,
            -0.604571521282196
        ],
        "camera_rotation_euler": [
            1.1093189716339111,
            0.0,
            0.8149281740188599
        ],
        "camera_rotation_quaternion": [
            0.6423742175102234,
            0.7500929236412048,
            -0.11940953880548477,
            -0.1022615134716034
        ],
        "focal_length": 50.0,
        "sensor_width": 36.0,
        "sensor_height": 24.0
    },
    "objects": [
        {
            "object_name": "Cube",
            "bbox_2d": {
                "x_min": 464.0969181060791,
                "y_min": 67.9705023765564,
                "x_max": 1525.5389785766602,
                "y_max": 1009.0030404925346,
                "width": 1061.442060470581,
                "height": 941.0325381159782,
                "center_x": 994.8179483413696,
                "center_y": 538.4867714345455
            },
            "visible_vertices": 8,
            "total_vertices": 8
        }
    ],
    "metadata": {
        "total_objects": 1,
        "render_settings": {
            "resolution_percentage": 50,
            "file_format": "PNG"
        }
    }
}