{
    "frame": "911",
    "image_filename": "render_911.png",
    "image_resolution": {
        "width": 1920,
        "height": 1080
    },
    "camera_parameters": {
        "intrinsic_matrix": [
            [
                2666.666666666667,
                0,
                960.0
            ],
            [
                0,
                2250.0,
                540.0
            ],
            [
                0,
                0,
                1
            ]
        ],
        "extrinsic_matrix": [
            [
                -0.790026068687439,
                0.6130731701850891,
                1.6018744020129816e-07,
                -0.13027150928974152
            ],
            [
                -0.0308830663561821,
                -0.03979714214801788,
                0.9987303018569946,
                -1.0869852304458618
            ],
            [
                0.6122947335243225,
                0.7890231013298035,
                0.050374459475278854,
                -11.517107963562012
            ],
            [
                -0.0,
                0.0,
                -0.0,
                1.0
            ]
        ],
        "camera_location": [
            6.915379047393799,
            9.123872756958008,
            1.6657723188400269
        ],
        "camera_rotation_euler": [
            1.1093189716339111,
            0.0,
            0.8149281740188599
        ],
        "camera_rotation_quaternion": [
            0.2348143458366394,
            0.2232692539691925,
            0.651892364025116,
            0.685601532459259
        ],
        "focal_length": 50.0,
        "sensor_width": 36.0,
        "sensor_height": 24.0
    },
    "objects": [
        {
            "object_name": "Cube",
            "bbox_2d": {
                "x_min": 431.24834060668945,
                "y_min": 90.4538083076477,
                "x_max": 1478.5012435913086,
                "y_max": 971.2977370619774,
                "width": 1047.2529029846191,
                "height": 880.8439287543297,
                "center_x": 954.874792098999,
                "center_y": 530.8757726848125
            },
            "visible_vertices": 8,
            "total_vertices": 8
        }
    ],
    "metadata": {
        "total_objects": 1,
        "render_settings": {
            "resolution_percentage": 50,
            "file_format": "PNG"
        }
    }
}