{
    "frame": "348",
    "image_filename": "render_348.png",
    "image_resolution": {
        "width": 1920,
        "height": 1080
    },
    "camera_parameters": {
        "intrinsic_matrix": [
            [
                2666.666666666667,
                0,
                960.0
            ],
            [
                0,
                2250.0,
                540.0
            ],
            [
                0,
                0,
                1
            ]
        ],
        "extrinsic_matrix": [
            [
                -0.9912087917327881,
                -0.1323046237230301,
                -5.494799992789012e-08,
                -0.12918923795223236
            ],
            [
                -0.01422929298132658,
                0.1066037118434906,
                0.9941995739936829,
                -1.0853742361068726
            ],
            [
                -0.13153722882270813,
                0.9854596853256226,
                -0.10754890739917755,
                -11.453836441040039
            ],
            [
                -0.0,
                0.0,
                -0.0,
                1.0
            ]
        ],
        "camera_location": [
            -1.6501041650772095,
            11.385910034179688,
            -0.15277229249477386
        ],
        "camera_rotation_euler": [
            1.1093189716339111,
            0.0,
            0.8149281740188599
        ],
        "camera_rotation_quaternion": [
            0.04428725317120552,
            0.04933649301528931,
            -0.7425230145454407,
            -0.6665313839912415
        ],
        "focal_length": 50.0,
        "sensor_width": 36.0,
        "sensor_height": 24.0
    },
    "objects": [
        {
            "object_name": "Cube",
            "bbox_2d": {
                "x_min": 547.726936340332,
                "y_min": 154.49923038482666,
                "x_max": 1407.1227264404297,
                "y_max": 1001.351406276226,
                "width": 859.3957901000977,
                "height": 846.8521758913994,
                "center_x": 977.4248313903809,
                "center_y": 577.9253183305264
            },
            "visible_vertices": 8,
            "total_vertices": 8
        }
    ],
    "metadata": {
        "total_objects": 1,
        "render_settings": {
            "resolution_percentage": 50,
            "file_format": "PNG"
        }
    }
}