{
    "frame": "10",
    "image_filename": "render_010.png",
    "image_resolution": {
        "width": 1920,
        "height": 1080
    },
    "camera_parameters": {
        "intrinsic_matrix": [
            [
                2666.666666666667,
                0,
                960.0
            ],
            [
                0,
                2250.0,
                540.0
            ],
            [
                0,
                0,
                1
            ]
        ],
        "extrinsic_matrix": [
            [
                -0.20934957265853882,
                -0.9778409004211426,
                8.614734525735912e-08,
                0.0088085001334548
            ],
            [
                -0.00688896793872118,
                0.0014749463880434632,
                0.9999752640724182,
                -1.0866550207138062
            ],
            [
                -0.977816641330719,
                0.20934435725212097,
                -0.007045125588774681,
                -11.123017311096191
            ],
            [
                0.0,
                0.0,
                -0.0,
                1.0
            ]
        ],
        "camera_location": [
            -10.881913185119629,
            2.338757038116455,
            1.0082652568817139
        ],
        "camera_rotation_euler": [
            1.1093189716339111,
            0.0,
            0.8149281740188599
        ],
        "camera_rotation_quaternion": [
            0.44302377104759216,
            0.44615596532821655,
            -0.5517856478691101,
            -0.5479118227958679
        ],
        "focal_length": 50.0,
        "sensor_width": 36.0,
        "sensor_height": 24.0
    },
    "objects": [
        {
            "object_name": "Cube",
            "bbox_2d": {
                "x_min": 492.86218643188477,
                "y_min": 128.21868896484375,
                "x_max": 1455.5536651611328,
                "y_max": 1064.4713807478547,
                "width": 962.691478729248,
                "height": 936.252691783011,
                "center_x": 974.2079257965088,
                "center_y": 596.3450348563492
            },
            "visible_vertices": 8,
            "total_vertices": 8
        }
    ],
    "metadata": {
        "total_objects": 1,
        "render_settings": {
            "resolution_percentage": 50,
            "file_format": "PNG"
        }
    }
}