{
    "frame": "825",
    "image_filename": "render_825.png",
    "image_resolution": {
        "width": 1920,
        "height": 1080
    },
    "camera_parameters": {
        "intrinsic_matrix": [
            [
                2666.666666666667,
                0,
                960.0
            ],
            [
                0,
                2250.0,
                540.0
            ],
            [
                0,
                0,
                1
            ]
        ],
        "extrinsic_matrix": [
            [
                -0.23478490114212036,
                0.9720473289489746,
                9.313224325069314e-08,
                -0.0687292069196701
            ],
            [
                -0.23298300802707672,
                -0.05627395212650299,
                0.9708512425422668,
                -1.083457112312317
            ],
            [
                0.943713366985321,
                0.22794122993946075,
                0.2396828532218933,
                -11.65644359588623
            ],
            [
                -0.0,
                0.0,
                -0.0,
                1.0
            ]
        ],
        "camera_location": [
            10.731778144836426,
            2.6628212928771973,
            3.845724582672119
        ],
        "camera_rotation_euler": [
            1.1093189716339111,
            0.0,
            0.8149281740188599
        ],
        "camera_rotation_quaternion": [
            0.4869866669178009,
            0.3813811242580414,
            0.48446571826934814,
            0.6186157464981079
        ],
        "focal_length": 50.0,
        "sensor_width": 36.0,
        "sensor_height": 24.0
    },
    "objects": [
        {
            "object_name": "Cube",
            "bbox_2d": {
                "x_min": 521.8923568725586,
                "y_min": 112.41408348083496,
                "x_max": 1395.333137512207,
                "y_max": 985.581876039505,
                "width": 873.4407806396484,
                "height": 873.16779255867,
                "center_x": 958.6127471923828,
                "center_y": 548.99797976017
            },
            "visible_vertices": 8,
            "total_vertices": 8
        }
    ],
    "metadata": {
        "total_objects": 1,
        "render_settings": {
            "resolution_percentage": 50,
            "file_format": "PNG"
        }
    }
}