{
    "frame": "633",
    "image_filename": "render_633.png",
    "image_resolution": {
        "width": 1920,
        "height": 1080
    },
    "camera_parameters": {
        "intrinsic_matrix": [
            [
                2666.666666666667,
                0,
                960.0
            ],
            [
                0,
                2250.0,
                540.0
            ],
            [
                0,
                0,
                1
            ]
        ],
        "extrinsic_matrix": [
            [
                0.3172569274902344,
                -0.948339581489563,
                1.564621925354004e-07,
                0.07899338006973267
            ],
            [
                0.25300753116607666,
                0.08464115113019943,
                0.9637546539306641,
                -1.0152995586395264
            ],
            [
                -0.913966715335846,
                -0.3057577610015869,
                0.26679009199142456,
                -11.917137145996094
            ],
            [
                -0.0,
                0.0,
                -0.0,
                1.0
            ]
        ],
        "camera_location": [
            -10.660050392150879,
            -3.4829089641571045,
            4.157873630523682
        ],
        "camera_rotation_euler": [
            1.1093189716339111,
            0.0,
            0.8149281740188599
        ],
        "camera_rotation_quaternion": [
            0.6458885669708252,
            0.4913821518421173,
            -0.3537634015083313,
            -0.4649978578090668
        ],
        "focal_length": 50.0,
        "sensor_width": 36.0,
        "sensor_height": 24.0
    },
    "objects": [
        {
            "object_name": "Cube",
            "bbox_2d": {
                "x_min": 480.4998779296875,
                "y_min": 72.78766393661499,
                "x_max": 1348.337516784668,
                "y_max": 1036.0607653856277,
                "width": 867.8376388549805,
                "height": 963.2731014490128,
                "center_x": 914.4186973571777,
                "center_y": 554.4242146611214
            },
            "visible_vertices": 8,
            "total_vertices": 8
        }
    ],
    "metadata": {
        "total_objects": 1,
        "render_settings": {
            "resolution_percentage": 50,
            "file_format": "PNG"
        }
    }
}