{
    "frame": "443",
    "image_filename": "render_443.png",
    "image_resolution": {
        "width": 1920,
        "height": 1080
    },
    "camera_parameters": {
        "intrinsic_matrix": [
            [
                2666.666666666667,
                0,
                960.0
            ],
            [
                0,
                2250.0,
                540.0
            ],
            [
                0,
                0,
                1
            ]
        ],
        "extrinsic_matrix": [
            [
                -0.9521994590759277,
                0.3054763674736023,
                4.842875256372281e-08,
                -0.14054282009601593
            ],
            [
                -0.06673610955476761,
                -0.20802293717861176,
                0.9758445024490356,
                -1.0605989694595337
            ],
            [
                0.2980974614620209,
                0.9291988015174866,
                0.21846593916416168,
                -11.747475624084473
            ],
            [
                -0.0,
                0.0,
                -0.0,
                1.0
            ]
        ],
        "camera_location": [
            3.2972888946533203,
            10.738045692443848,
            3.601400852203369
        ],
        "camera_rotation_euler": [
            1.1093189716339111,
            0.0,
            0.8149281740188599
        ],
        "camera_rotation_quaternion": [
            0.12066805362701416,
            0.09664060175418854,
            0.6175983548164368,
            0.7711499333381653
        ],
        "focal_length": 50.0,
        "sensor_width": 36.0,
        "sensor_height": 24.0
    },
    "objects": [
        {
            "object_name": "Cube",
            "bbox_2d": {
                "x_min": 487.9248046875,
                "y_min": 87.66240119934082,
                "x_max": 1499.5663833618164,
                "y_max": 985.6846877932549,
                "width": 1011.6415786743164,
                "height": 898.022286593914,
                "center_x": 993.7455940246582,
                "center_y": 536.6735444962978
            },
            "visible_vertices": 8,
            "total_vertices": 8
        }
    ],
    "metadata": {
        "total_objects": 1,
        "render_settings": {
            "resolution_percentage": 50,
            "file_format": "PNG"
        }
    }
}