{
    "frame": "523",
    "image_filename": "render_523.png",
    "image_resolution": {
        "width": 1920,
        "height": 1080
    },
    "camera_parameters": {
        "intrinsic_matrix": [
            [
                2666.666666666667,
                0,
                960.0
            ],
            [
                0,
                2250.0,
                540.0
            ],
            [
                0,
                0,
                1
            ]
        ],
        "extrinsic_matrix": [
            [
                0.7560096383094788,
                0.6545604467391968,
                1.7881392011531716e-07,
                0.07749512046575546
            ],
            [
                -0.17791298031806946,
                0.2054872065782547,
                0.9623522758483887,
                -1.076719880104065
            ],
            [
                0.6299178004264832,
                -0.7275476455688477,
                0.27180513739585876,
                -11.697501182556152
            ],
            [
                -0.0,
                0.0,
                -0.0,
                1.0
            ]
        ],
        "camera_location": [
            7.118313789367676,
            -8.33996295928955,
            4.215624809265137
        ],
        "camera_rotation_euler": [
            1.1093189716339111,
            0.0,
            0.8149281740188599
        ],
        "camera_rotation_quaternion": [
            0.7472118735313416,
            0.5654019117355347,
            0.21075603365898132,
            0.2785266041755676
        ],
        "focal_length": 50.0,
        "sensor_width": 36.0,
        "sensor_height": 24.0
    },
    "objects": [
        {
            "object_name": "Cube",
            "bbox_2d": {
                "x_min": 490.72620391845703,
                "y_min": 134.56870079040527,
                "x_max": 1394.4694519042969,
                "y_max": 895.1311898231506,
                "width": 903.7432479858398,
                "height": 760.5624890327454,
                "center_x": 942.597827911377,
                "center_y": 514.849945306778
            },
            "visible_vertices": 8,
            "total_vertices": 8
        }
    ],
    "metadata": {
        "total_objects": 1,
        "render_settings": {
            "resolution_percentage": 50,
            "file_format": "PNG"
        }
    }
}