{
    "frame": "231",
    "image_filename": "render_231.png",
    "image_resolution": {
        "width": 1920,
        "height": 1080
    },
    "camera_parameters": {
        "intrinsic_matrix": [
            [
                2666.666666666667,
                0,
                960.0
            ],
            [
                0,
                2250.0,
                540.0
            ],
            [
                0,
                0,
                1
            ]
        ],
        "extrinsic_matrix": [
            [
                -0.9997450709342957,
                0.02257142774760723,
                -3.2479867684287456e-08,
                -0.1362304389476776
            ],
            [
                0.0015446218894794583,
                0.06841668486595154,
                0.9976555705070496,
                -1.08553946018219
            ],
            [
                0.022518513724207878,
                0.9974014163017273,
                -0.0684339702129364,
                -11.475896835327148
            ],
            [
                -0.0,
                0.0,
                0.0,
                1.0
            ]
        ],
        "camera_location": [
            0.12390120327472687,
            11.523421287536621,
            0.2976515591144562
        ],
        "camera_rotation_euler": [
            1.1093189716339111,
            0.0,
            0.8149281740188599
        ],
        "camera_rotation_quaternion": [
            0.007702811621129513,
            0.008249260485172272,
            0.7308549880981445,
            0.6824395060539246
        ],
        "focal_length": 50.0,
        "sensor_width": 36.0,
        "sensor_height": 24.0
    },
    "objects": [
        {
            "object_name": "Cube",
            "bbox_2d": {
                "x_min": 559.9197006225586,
                "y_min": 139.02788400650024,
                "x_max": 1451.2939453125,
                "y_max": 1003.9651277661324,
                "width": 891.3742446899414,
                "height": 864.9372437596321,
                "center_x": 1005.6068229675293,
                "center_y": 571.4965058863163
            },
            "visible_vertices": 8,
            "total_vertices": 8
        }
    ],
    "metadata": {
        "total_objects": 1,
        "render_settings": {
            "resolution_percentage": 50,
            "file_format": "PNG"
        }
    }
}