{
    "frame": "73",
    "image_filename": "render_073.png",
    "image_resolution": {
        "width": 1920,
        "height": 1080
    },
    "camera_parameters": {
        "intrinsic_matrix": [
            [
                2666.666666666667,
                0,
                960.0
            ],
            [
                0,
                2250.0,
                540.0
            ],
            [
                0,
                0,
                1
            ]
        ],
        "extrinsic_matrix": [
            [
                -0.40482720732688904,
                0.9143932461738586,
                8.568168397005138e-08,
                -0.08956263214349747
            ],
            [
                -0.09860295057296753,
                -0.04365435242652893,
                0.9941688776016235,
                -1.091055154800415
            ],
            [
                0.9090613126754761,
                0.40246665477752686,
                0.1078343316912651,
                -11.52462100982666
            ],
            [
                -0.0,
                0.0,
                -0.0,
                1.0
            ]
        ],
        "camera_location": [
            10.332747459411621,
            4.672540664672852,
            2.3274426460266113
        ],
        "camera_rotation_euler": [
            1.1093189716339111,
            0.0,
            0.8149281740188599
        ],
        "camera_rotation_quaternion": [
            0.4060027003288269,
            0.3643462657928467,
            0.5597630143165588,
            0.6237619519233704
        ],
        "focal_length": 50.0,
        "sensor_width": 36.0,
        "sensor_height": 24.0
    },
    "objects": [
        {
            "object_name": "Cube",
            "bbox_2d": {
                "x_min": 467.15855598449707,
                "y_min": 80.39610385894775,
                "x_max": 1365.3488159179688,
                "y_max": 954.0947163105011,
                "width": 898.1902599334717,
                "height": 873.6986124515533,
                "center_x": 916.2536859512329,
                "center_y": 517.2454100847244
            },
            "visible_vertices": 8,
            "total_vertices": 8
        }
    ],
    "metadata": {
        "total_objects": 1,
        "render_settings": {
            "resolution_percentage": 50,
            "file_format": "PNG"
        }
    }
}