{
    "frame": "381",
    "image_filename": "render_381.png",
    "image_resolution": {
        "width": 1920,
        "height": 1080
    },
    "camera_parameters": {
        "intrinsic_matrix": [
            [
                2666.666666666667,
                0,
                960.0
            ],
            [
                0,
                2250.0,
                540.0
            ],
            [
                0,
                0,
                1
            ]
        ],
        "extrinsic_matrix": [
            [
                0.4914974868297577,
                0.8708789944648743,
                2.2351740014414645e-08,
                0.033460136502981186
            ],
            [
                0.039723318070173264,
                -0.02241857722401619,
                0.9989591836929321,
                -1.078333854675293
            ],
            [
                0.8699725866317749,
                -0.49098584055900574,
                -0.045612841844558716,
                -11.329366683959961
            ],
            [
                -0.0,
                0.0,
                -0.0,
                1.0
            ]
        ],
        "camera_location": [
            9.882627487182617,
            -5.615874290466309,
            0.5604465007781982
        ],
        "camera_rotation_euler": [
            1.1093189716339111,
            0.0,
            0.8149281740188599
        ],
        "camera_rotation_quaternion": [
            0.5965455174446106,
            0.6244055032730103,
            0.3645877242088318,
            0.3483203649520874
        ],
        "focal_length": 50.0,
        "sensor_width": 36.0,
        "sensor_height": 24.0
    },
    "objects": [
        {
            "object_name": "Cube",
            "bbox_2d": {
                "x_min": 485.82075119018555,
                "y_min": 25.083718299865723,
                "x_max": 1416.6564559936523,
                "y_max": 950.2899089455605,
                "width": 930.8357048034668,
                "height": 925.2061906456947,
                "center_x": 951.238603591919,
                "center_y": 487.6868136227131
            },
            "visible_vertices": 8,
            "total_vertices": 8
        }
    ],
    "metadata": {
        "total_objects": 1,
        "render_settings": {
            "resolution_percentage": 50,
            "file_format": "PNG"
        }
    }
}