{
    "frame": "86",
    "image_filename": "render_086.png",
    "image_resolution": {
        "width": 1920,
        "height": 1080
    },
    "camera_parameters": {
        "intrinsic_matrix": [
            [
                2666.666666666667,
                0,
                960.0
            ],
            [
                0,
                2250.0,
                540.0
            ],
            [
                0,
                0,
                1
            ]
        ],
        "extrinsic_matrix": [
            [
                -0.9551140666007996,
                0.2962385416030884,
                -9.685756197086448e-08,
                -0.14058564603328705
            ],
            [
                -0.10273648798465729,
                -0.3312363922595978,
                0.9379380345344543,
                -1.0196359157562256
            ],
            [
                0.2778533101081848,
                0.8958377838134766,
                0.3468029499053955,
                -11.888283729553223
            ],
            [
                -0.0,
                -0.0,
                -0.0,
                1.0
            ]
        ],
        "camera_location": [
            3.0641703605651855,
            10.353879928588867,
            5.079248428344727
        ],
        "camera_rotation_euler": [
            1.1093189716339111,
            0.0,
            0.8149281740188599
        ],
        "camera_rotation_quaternion": [
            0.12293559312820435,
            0.08561451733112335,
            0.5650386810302734,
            0.8113498091697693
        ],
        "focal_length": 50.0,
        "sensor_width": 36.0,
        "sensor_height": 24.0
    },
    "objects": [
        {
            "object_name": "Cube",
            "bbox_2d": {
                "x_min": 492.41397857666016,
                "y_min": 83.49354028701782,
                "x_max": 1502.1586990356445,
                "y_max": 1013.0383314192295,
                "width": 1009.7447204589844,
                "height": 929.5447911322117,
                "center_x": 997.2863388061523,
                "center_y": 548.2659358531237
            },
            "visible_vertices": 8,
            "total_vertices": 8
        }
    ],
    "metadata": {
        "total_objects": 1,
        "render_settings": {
            "resolution_percentage": 50,
            "file_format": "PNG"
        }
    }
}