{
    "frame": "981",
    "image_filename": "render_981.png",
    "image_resolution": {
        "width": 1920,
        "height": 1080
    },
    "camera_parameters": {
        "intrinsic_matrix": [
            [
                2666.666666666667,
                0,
                960.0
            ],
            [
                0,
                2250.0,
                540.0
            ],
            [
                0,
                0,
                1
            ]
        ],
        "extrinsic_matrix": [
            [
                -0.06620638072490692,
                -0.9978060126304626,
                5.582116102686996e-08,
                0.028950821608304977
            ],
            [
                -0.012823360040783882,
                0.000850849028211087,
                0.9999175071716309,
                -1.087371587753296
            ],
            [
                -0.9977236390113831,
                0.066200852394104,
                -0.012851621955633163,
                -11.639007568359375
            ],
            [
                -0.0,
                0.0,
                -0.0,
                1.0
            ]
        ],
        "camera_location": [
            -11.624539375305176,
            0.8003255128860474,
            0.9377023577690125
        ],
        "camera_rotation_euler": [
            1.1093189716339111,
            0.0,
            0.8149281740188599
        ],
        "camera_rotation_quaternion": [
            0.480050265789032,
            0.4862598478794098,
            -0.519593358039856,
            -0.5129581093788147
        ],
        "focal_length": 50.0,
        "sensor_width": 36.0,
        "sensor_height": 24.0
    },
    "objects": [
        {
            "object_name": "Cube",
            "bbox_2d": {
                "x_min": 538.791332244873,
                "y_min": 144.26031589508057,
                "x_max": 1428.6597061157227,
                "y_max": 1032.2919827699661,
                "width": 889.8683738708496,
                "height": 888.0316668748856,
                "center_x": 983.7255191802979,
                "center_y": 588.2761493325233
            },
            "visible_vertices": 8,
            "total_vertices": 8
        }
    ],
    "metadata": {
        "total_objects": 1,
        "render_settings": {
            "resolution_percentage": 50,
            "file_format": "PNG"
        }
    }
}