{
    "frame": "367",
    "image_filename": "render_367.png",
    "image_resolution": {
        "width": 1920,
        "height": 1080
    },
    "camera_parameters": {
        "intrinsic_matrix": [
            [
                2666.666666666667,
                0,
                960.0
            ],
            [
                0,
                2250.0,
                540.0
            ],
            [
                0,
                0,
                1
            ]
        ],
        "extrinsic_matrix": [
            [
                -0.6571885943412781,
                -0.7537262439727783,
                1.4901162970204496e-08,
                -0.06034788861870766
            ],
            [
                -0.03384523466229439,
                0.02951030433177948,
                0.9989913702011108,
                -1.0903018712997437
            ],
            [
                -0.7529659867286682,
                0.6565256714820862,
                -0.04490393027663231,
                -11.593497276306152
            ],
            [
                -0.0,
                0.0,
                -0.0,
                1.0
            ]
        ],
        "camera_location": [
            -8.806070327758789,
            7.598118782043457,
            0.5686091780662537
        ],
        "camera_rotation_euler": [
            1.1093189716339111,
            0.0,
            0.8149281740188599
        ],
        "camera_rotation_quaternion": [
            0.28610217571258545,
            0.29925113916397095,
            -0.6579518914222717,
            -0.6290417909622192
        ],
        "focal_length": 50.0,
        "sensor_width": 36.0,
        "sensor_height": 24.0
    },
    "objects": [
        {
            "object_name": "Cube",
            "bbox_2d": {
                "x_min": 497.9146957397461,
                "y_min": 160.3744912147522,
                "x_max": 1414.5823287963867,
                "y_max": 1029.7646860778332,
                "width": 916.6676330566406,
                "height": 869.390194863081,
                "center_x": 956.2485122680664,
                "center_y": 595.0695886462927
            },
            "visible_vertices": 8,
            "total_vertices": 8
        }
    ],
    "metadata": {
        "total_objects": 1,
        "render_settings": {
            "resolution_percentage": 50,
            "file_format": "PNG"
        }
    }
}