{
    "frame": "581",
    "image_filename": "render_581.png",
    "image_resolution": {
        "width": 1920,
        "height": 1080
    },
    "camera_parameters": {
        "intrinsic_matrix": [
            [
                2666.666666666667,
                0,
                960.0
            ],
            [
                0,
                2250.0,
                540.0
            ],
            [
                0,
                0,
                1
            ]
        ],
        "extrinsic_matrix": [
            [
                -0.6921562552452087,
                0.7217477560043335,
                6.798655505235729e-08,
                -0.12114818394184113
            ],
            [
                -0.010903540998697281,
                -0.0104566290974617,
                0.9998858571052551,
                -1.0866482257843018
            ],
            [
                0.7216653823852539,
                0.6920772790908813,
                0.015107166953384876,
                -11.460328102111816
            ],
            [
                -0.0,
                0.0,
                -0.0,
                1.0
            ]
        ],
        "camera_location": [
            8.174818992614746,
            8.00750732421875,
            1.259657859802246
        ],
        "camera_rotation_euler": [
            1.1093189716339111,
            0.0,
            0.8149281740188599
        ],
        "camera_rotation_quaternion": [
            0.27950596809387207,
            0.27531489729881287,
            0.6454828381538391,
            0.6553090810775757
        ],
        "focal_length": 50.0,
        "sensor_width": 36.0,
        "sensor_height": 24.0
    },
    "objects": [
        {
            "object_name": "Cube",
            "bbox_2d": {
                "x_min": 425.4045867919922,
                "y_min": 84.07309055328369,
                "x_max": 1453.1103515625,
                "y_max": 967.4070158600807,
                "width": 1027.7057647705078,
                "height": 883.333925306797,
                "center_x": 939.2574691772461,
                "center_y": 525.7400532066822
            },
            "visible_vertices": 8,
            "total_vertices": 8
        }
    ],
    "metadata": {
        "total_objects": 1,
        "render_settings": {
            "resolution_percentage": 50,
            "file_format": "PNG"
        }
    }
}