{
    "frame": "538",
    "image_filename": "render_538.png",
    "image_resolution": {
        "width": 1920,
        "height": 1080
    },
    "camera_parameters": {
        "intrinsic_matrix": [
            [
                2666.666666666667,
                0,
                960.0
            ],
            [
                0,
                2250.0,
                540.0
            ],
            [
                0,
                0,
                1
            ]
        ],
        "extrinsic_matrix": [
            [
                0.9652621746063232,
                0.26128309965133667,
                -3.818422555923462e-08,
                0.1207747757434845
            ],
            [
                -0.015058133751153946,
                0.055629659444093704,
                0.9983379244804382,
                -1.0880407094955444
            ],
            [
                0.26084885001182556,
                -0.9636579155921936,
                0.05763164162635803,
                -11.505977630615234
            ],
            [
                -0.0,
                0.0,
                -0.0,
                1.0
            ]
        ],
        "camera_location": [
            2.8683578968048096,
            -11.058855056762695,
            1.7493406534194946
        ],
        "camera_rotation_euler": [
            1.1093189716339111,
            0.0,
            0.8149281740188599
        ],
        "camera_rotation_quaternion": [
            0.7208542823791504,
            0.6804412007331848,
            0.09046519547700882,
            0.09583811461925507
        ],
        "focal_length": 50.0,
        "sensor_width": 36.0,
        "sensor_height": 24.0
    },
    "objects": [
        {
            "object_name": "Cube",
            "bbox_2d": {
                "x_min": 524.2395401000977,
                "y_min": 65.3971266746521,
                "x_max": 1360.8366394042969,
                "y_max": 929.9216991662979,
                "width": 836.5970993041992,
                "height": 864.5245724916458,
                "center_x": 942.5380897521973,
                "center_y": 497.659412920475
            },
            "visible_vertices": 8,
            "total_vertices": 8
        }
    ],
    "metadata": {
        "total_objects": 1,
        "render_settings": {
            "resolution_percentage": 50,
            "file_format": "PNG"
        }
    }
}