{
    "frame": "889",
    "image_filename": "render_889.png",
    "image_resolution": {
        "width": 1920,
        "height": 1080
    },
    "camera_parameters": {
        "intrinsic_matrix": [
            [
                2666.666666666667,
                0,
                960.0
            ],
            [
                0,
                2250.0,
                540.0
            ],
            [
                0,
                0,
                1
            ]
        ],
        "extrinsic_matrix": [
            [
                -0.48971450328826904,
                -0.8718827962875366,
                -1.415610029198433e-07,
                -0.03318164497613907
            ],
            [
                0.05271003395318985,
                -0.02960600145161152,
                0.9981708526611328,
                -1.0754454135894775
            ],
            [
                -0.8702879548072815,
                0.48881882429122925,
                0.060455553233623505,
                -11.717398643493652
            ],
            [
                0.0,
                0.0,
                -0.0,
                1.0
            ]
        ],
        "camera_location": [
            -10.157075881958008,
            5.666914939880371,
            1.781859278678894
        ],
        "camera_rotation_euler": [
            1.1093189716339111,
            0.0,
            0.8149281740188599
        ],
        "camera_rotation_quaternion": [
            0.36780938506126404,
            0.34620657563209534,
            -0.5915346741676331,
            -0.6284457445144653
        ],
        "focal_length": 50.0,
        "sensor_width": 36.0,
        "sensor_height": 24.0
    },
    "objects": [
        {
            "object_name": "Cube",
            "bbox_2d": {
                "x_min": 485.0735664367676,
                "y_min": 124.7722864151001,
                "x_max": 1417.3401260375977,
                "y_max": 1058.4098736941814,
                "width": 932.2665596008301,
                "height": 933.6375872790813,
                "center_x": 951.2068462371826,
                "center_y": 591.5910800546408
            },
            "visible_vertices": 8,
            "total_vertices": 8
        }
    ],
    "metadata": {
        "total_objects": 1,
        "render_settings": {
            "resolution_percentage": 50,
            "file_format": "PNG"
        }
    }
}