{
    "frame": "175",
    "image_filename": "render_175.png",
    "image_resolution": {
        "width": 1920,
        "height": 1080
    },
    "camera_parameters": {
        "intrinsic_matrix": [
            [
                2666.666666666667,
                0,
                960.0
            ],
            [
                0,
                2250.0,
                540.0
            ],
            [
                0,
                0,
                1
            ]
        ],
        "extrinsic_matrix": [
            [
                0.9179988503456116,
                0.39658281207084656,
                5.21540464148984e-08,
                0.10923399776220322
            ],
            [
                0.0490025095641613,
                -0.11342967301607132,
                0.992336630821228,
                -1.0664304494857788
            ],
            [
                0.39354372024536133,
                -0.9109639525413513,
                -0.12356185913085938,
                -11.293289184570312
            ],
            [
                -0.0,
                0.0,
                -0.0,
                1.0
            ]
        ],
        "camera_location": [
            4.396385669708252,
            -10.452069282531738,
            -0.3371620774269104
        ],
        "camera_rotation_euler": [
            1.1093189716339111,
            0.0,
            0.8149281740188599
        ],
        "camera_rotation_quaternion": [
            0.6482684016227722,
            0.7339943051338196,
            0.1517673134803772,
            0.13404186069965363
        ],
        "focal_length": 50.0,
        "sensor_width": 36.0,
        "sensor_height": 24.0
    },
    "objects": [
        {
            "object_name": "Cube",
            "bbox_2d": {
                "x_min": 516.4459419250488,
                "y_min": 28.19666862487793,
                "x_max": 1366.9252395629883,
                "y_max": 977.625073492527,
                "width": 850.4792976379395,
                "height": 949.4284048676491,
                "center_x": 941.6855907440186,
                "center_y": 502.91087105870247
            },
            "visible_vertices": 8,
            "total_vertices": 8
        }
    ],
    "metadata": {
        "total_objects": 1,
        "render_settings": {
            "resolution_percentage": 50,
            "file_format": "PNG"
        }
    }
}