{
    "frame": "67",
    "image_filename": "render_067.png",
    "image_resolution": {
        "width": 1920,
        "height": 1080
    },
    "camera_parameters": {
        "intrinsic_matrix": [
            [
                2666.666666666667,
                0,
                960.0
            ],
            [
                0,
                2250.0,
                540.0
            ],
            [
                0,
                0,
                1
            ]
        ],
        "extrinsic_matrix": [
            [
                0.684921383857727,
                -0.7286168932914734,
                2.9802322387695312e-08,
                0.12043028324842453
            ],
            [
                0.1817052662372589,
                0.170808345079422,
                0.9684047102928162,
                -1.0332753658294678
            ],
            [
                -0.7055960297584534,
                -0.6632812023162842,
                0.249383807182312,
                -11.856439590454102
            ],
            [
                -0.0,
                0.0,
                -0.0,
                1.0
            ]
        ],
        "camera_location": [
            -8.260590553283691,
            -7.599913597106934,
            3.9574332237243652
        ],
        "camera_rotation_euler": [
            1.1093189716339111,
            0.0,
            0.8149281740188599
        ],
        "camera_rotation_quaternion": [
            0.7254504561424255,
            0.5623009204864502,
            -0.24315789341926575,
            -0.3137092590332031
        ],
        "focal_length": 50.0,
        "sensor_width": 36.0,
        "sensor_height": 24.0
    },
    "objects": [
        {
            "object_name": "Cube",
            "bbox_2d": {
                "x_min": 417.49926567077637,
                "y_min": 85.75869798660278,
                "x_max": 1444.5534896850586,
                "y_max": 983.995885848999,
                "width": 1027.0542240142822,
                "height": 898.2371878623962,
                "center_x": 931.0263776779175,
                "center_y": 534.8772919178009
            },
            "visible_vertices": 8,
            "total_vertices": 8
        }
    ],
    "metadata": {
        "total_objects": 1,
        "render_settings": {
            "resolution_percentage": 50,
            "file_format": "PNG"
        }
    }
}