{
    "frame": "94",
    "image_filename": "render_094.png",
    "image_resolution": {
        "width": 1920,
        "height": 1080
    },
    "camera_parameters": {
        "intrinsic_matrix": [
            [
                2666.666666666667,
                0,
                960.0
            ],
            [
                0,
                2250.0,
                540.0
            ],
            [
                0,
                0,
                1
            ]
        ],
        "extrinsic_matrix": [
            [
                0.8497927188873291,
                -0.527117133140564,
                -5.215405352032576e-08,
                0.1350976526737213
            ],
            [
                0.07582009583711624,
                0.12223351001739502,
                0.9896010160446167,
                -1.0687835216522217
            ],
            [
                -0.5216356515884399,
                -0.8409556746482849,
                0.14383924007415771,
                -11.710186958312988
            ],
            [
                -0.0,
                0.0,
                -0.0,
                1.0
            ]
        ],
        "camera_location": [
            -6.142221450805664,
            -9.645896911621094,
            2.742053747177124
        ],
        "camera_rotation_euler": [
            1.1093189716339111,
            0.0,
            0.8149281740188599
        ],
        "camera_rotation_quaternion": [
            0.7273008227348328,
            0.6292296648025513,
            -0.17930534482002258,
            -0.20725169777870178
        ],
        "focal_length": 50.0,
        "sensor_width": 36.0,
        "sensor_height": 24.0
    },
    "objects": [
        {
            "object_name": "Cube",
            "bbox_2d": {
                "x_min": 435.3866958618164,
                "y_min": 91.42294406890869,
                "x_max": 1483.9132690429688,
                "y_max": 967.4406749010086,
                "width": 1048.5265731811523,
                "height": 876.0177308320999,
                "center_x": 959.6499824523926,
                "center_y": 529.4318094849586
            },
            "visible_vertices": 8,
            "total_vertices": 8
        }
    ],
    "metadata": {
        "total_objects": 1,
        "render_settings": {
            "resolution_percentage": 50,
            "file_format": "PNG"
        }
    }
}