{
    "frame": "933",
    "image_filename": "render_933.png",
    "image_resolution": {
        "width": 1920,
        "height": 1080
    },
    "camera_parameters": {
        "intrinsic_matrix": [
            [
                2666.666666666667,
                0,
                960.0
            ],
            [
                0,
                2250.0,
                540.0
            ],
            [
                0,
                0,
                1
            ]
        ],
        "extrinsic_matrix": [
            [
                -0.9971701502799988,
                -0.07517694681882858,
                -1.7695127141337252e-08,
                -0.13216733932495117
            ],
            [
                -0.006696491036564112,
                0.08882412314414978,
                0.9960248470306396,
                -1.0856596231460571
            ],
            [
                -0.07487809658050537,
                0.993206262588501,
                -0.08907615393400192,
                -11.466516494750977
            ],
            [
                -0.0,
                0.0,
                -0.0,
                1.0
            ]
        ],
        "camera_location": [
            -0.9976544380187988,
            11.475112915039062,
            0.05995041877031326
        ],
        "camera_rotation_euler": [
            1.1093189716339111,
            0.0,
            0.8149281740188599
        ],
        "camera_rotation_quaternion": [
            0.02538563683629036,
            0.027757244184613228,
            -0.7374060153961182,
            -0.674401581287384
        ],
        "focal_length": 50.0,
        "sensor_width": 36.0,
        "sensor_height": 24.0
    },
    "objects": [
        {
            "object_name": "Cube",
            "bbox_2d": {
                "x_min": 562.8762245178223,
                "y_min": 149.82800245285034,
                "x_max": 1425.380859375,
                "y_max": 1003.5757514834404,
                "width": 862.5046348571777,
                "height": 853.7477490305901,
                "center_x": 994.1285419464111,
                "center_y": 576.7018769681454
            },
            "visible_vertices": 8,
            "total_vertices": 8
        }
    ],
    "metadata": {
        "total_objects": 1,
        "render_settings": {
            "resolution_percentage": 50,
            "file_format": "PNG"
        }
    }
}