{
    "frame": "268",
    "image_filename": "render_268.png",
    "image_resolution": {
        "width": 1920,
        "height": 1080
    },
    "camera_parameters": {
        "intrinsic_matrix": [
            [
                2666.666666666667,
                0,
                960.0
            ],
            [
                0,
                2250.0,
                540.0
            ],
            [
                0,
                0,
                1
            ]
        ],
        "extrinsic_matrix": [
            [
                -0.33223599195480347,
                0.9431960582733154,
                2.235172935627361e-08,
                -0.08082684874534607
            ],
            [
                -0.030421532690525055,
                -0.010715707205235958,
                0.9994795322418213,
                -1.0888432264328003
            ],
            [
                0.9427053332328796,
                0.3320632874965668,
                0.032253820449113846,
                -11.435330390930176
            ],
            [
                -0.0,
                -0.0,
                -0.0,
                1.0
            ]
        ],
        "camera_location": [
            10.720172882080078,
            3.861820936203003,
            1.4571077823638916
        ],
        "camera_rotation_euler": [
            1.1093189716339111,
            0.0,
            0.8149281740188599
        ],
        "camera_rotation_quaternion": [
            0.41512107849121094,
            0.4019409120082855,
            0.5677294135093689,
            0.5863458514213562
        ],
        "focal_length": 50.0,
        "sensor_width": 36.0,
        "sensor_height": 24.0
    },
    "objects": [
        {
            "object_name": "Cube",
            "bbox_2d": {
                "x_min": 483.38367462158203,
                "y_min": 65.95105648040771,
                "x_max": 1359.9081802368164,
                "y_max": 943.1448340415955,
                "width": 876.5245056152344,
                "height": 877.1937775611877,
                "center_x": 921.6459274291992,
                "center_y": 504.5479452610016
            },
            "visible_vertices": 8,
            "total_vertices": 8
        }
    ],
    "metadata": {
        "total_objects": 1,
        "render_settings": {
            "resolution_percentage": 50,
            "file_format": "PNG"
        }
    }
}