{
    "frame": "180",
    "image_filename": "render_180.png",
    "image_resolution": {
        "width": 1920,
        "height": 1080
    },
    "camera_parameters": {
        "intrinsic_matrix": [
            [
                2666.666666666667,
                0,
                960.0
            ],
            [
                0,
                2250.0,
                540.0
            ],
            [
                0,
                0,
                1
            ]
        ],
        "extrinsic_matrix": [
            [
                -0.5776225924491882,
                0.8163038492202759,
                5.960463056453591e-08,
                -0.10923349112272263
            ],
            [
                -0.28198617696762085,
                -0.19953550398349762,
                0.9384397864341736,
                -1.0494604110717773
            ],
            [
                0.7660520672798157,
                0.5420640707015991,
                0.3454427421092987,
                -11.807258605957031
            ],
            [
                -0.0,
                0.0,
                -0.0,
                1.0
            ]
        ],
        "camera_location": [
            8.68594741821289,
            6.280054569244385,
            5.063586711883545
        ],
        "camera_rotation_euler": [
            1.1093189716339111,
            0.0,
            0.8149281740188599
        ],
        "camera_rotation_quaternion": [
            0.37692326307296753,
            0.262902170419693,
            0.5080955624580383,
            0.7284574508666992
        ],
        "focal_length": 50.0,
        "sensor_width": 36.0,
        "sensor_height": 24.0
    },
    "objects": [
        {
            "object_name": "Cube",
            "bbox_2d": {
                "x_min": 445.911169052124,
                "y_min": 125.98391532897949,
                "x_max": 1430.010108947754,
                "y_max": 1043.9465323090553,
                "width": 984.0989398956299,
                "height": 917.9626169800758,
                "center_x": 937.960638999939,
                "center_y": 584.9652238190174
            },
            "visible_vertices": 8,
            "total_vertices": 8
        }
    ],
    "metadata": {
        "total_objects": 1,
        "render_settings": {
            "resolution_percentage": 50,
            "file_format": "PNG"
        }
    }
}