{
    "frame": "838",
    "image_filename": "render_838.png",
    "image_resolution": {
        "width": 1920,
        "height": 1080
    },
    "camera_parameters": {
        "intrinsic_matrix": [
            [
                2666.666666666667,
                0,
                960.0
            ],
            [
                0,
                2250.0,
                540.0
            ],
            [
                0,
                0,
                1
            ]
        ],
        "extrinsic_matrix": [
            [
                0.8440394997596741,
                0.5362809896469116,
                -9.685755486543712e-08,
                0.09391015022993088
            ],
            [
                0.057683683931827545,
                -0.09078677743673325,
                0.9941983819007874,
                -1.0681313276290894
            ],
            [
                0.533169686794281,
                -0.8391427993774414,
                -0.10756228864192963,
                -11.294486045837402
            ],
            [
                -0.0,
                0.0,
                -0.0,
                1.0
            ]
        ],
        "camera_location": [
            6.004226207733154,
            -9.625019073486328,
            -0.15292632579803467
        ],
        "camera_rotation_euler": [
            1.1093189716339111,
            0.0,
            0.8149281740188599
        ],
        "camera_rotation_quaternion": [
            0.6414223313331604,
            0.7145608067512512,
            0.20780758559703827,
            0.1865374892950058
        ],
        "focal_length": 50.0,
        "sensor_width": 36.0,
        "sensor_height": 24.0
    },
    "objects": [
        {
            "object_name": "Cube",
            "bbox_2d": {
                "x_min": 507.77990341186523,
                "y_min": 21.953580379486084,
                "x_max": 1395.025863647461,
                "y_max": 972.0455020666122,
                "width": 887.2459602355957,
                "height": 950.0919216871262,
                "center_x": 951.4028835296631,
                "center_y": 496.99954122304916
            },
            "visible_vertices": 8,
            "total_vertices": 8
        }
    ],
    "metadata": {
        "total_objects": 1,
        "render_settings": {
            "resolution_percentage": 50,
            "file_format": "PNG"
        }
    }
}