{
    "frame": "456",
    "image_filename": "render_456.png",
    "image_resolution": {
        "width": 1920,
        "height": 1080
    },
    "camera_parameters": {
        "intrinsic_matrix": [
            [
                2666.666666666667,
                0,
                960.0
            ],
            [
                0,
                2250.0,
                540.0
            ],
            [
                0,
                0,
                1
            ]
        ],
        "extrinsic_matrix": [
            [
                -0.13250568509101868,
                -0.9911821484565735,
                -4.470347292340193e-08,
                0.019722968339920044
            ],
            [
                0.2080264538526535,
                -0.027809901162981987,
                0.9777276515960693,
                -1.0322883129119873
            ],
            [
                -0.9691063165664673,
                0.12955452501773834,
                0.20987719297409058,
                -11.879354476928711
            ],
            [
                -0.0,
                0.0,
                -0.0,
                1.0
            ]
        ],
        "camera_location": [
            -11.295001983642578,
            1.5298649072647095,
            3.502501964569092
        ],
        "camera_rotation_euler": [
            1.1093189716339111,
            0.0,
            0.8149281740188599
        ],
        "camera_rotation_quaternion": [
            0.5122405886650085,
            0.41395261883735657,
            -0.4729742705821991,
            -0.585276186466217
        ],
        "focal_length": 50.0,
        "sensor_width": 36.0,
        "sensor_height": 24.0
    },
    "objects": [
        {
            "object_name": "Cube",
            "bbox_2d": {
                "x_min": 515.6760406494141,
                "y_min": 79.31991577148438,
                "x_max": 1419.7526550292969,
                "y_max": 1073.1150906533003,
                "width": 904.0766143798828,
                "height": 993.7951748818159,
                "center_x": 967.7143478393555,
                "center_y": 576.2175032123923
            },
            "visible_vertices": 8,
            "total_vertices": 8
        }
    ],
    "metadata": {
        "total_objects": 1,
        "render_settings": {
            "resolution_percentage": 50,
            "file_format": "PNG"
        }
    }
}