{
    "frame": "726",
    "image_filename": "render_726.png",
    "image_resolution": {
        "width": 1920,
        "height": 1080
    },
    "camera_parameters": {
        "intrinsic_matrix": [
            [
                2666.666666666667,
                0,
                960.0
            ],
            [
                0,
                2250.0,
                540.0
            ],
            [
                0,
                0,
                1
            ]
        ],
        "extrinsic_matrix": [
            [
                -0.36108508706092834,
                -0.9325327277183533,
                -2.9802315282267955e-08,
                -0.01345754787325859
            ],
            [
                -0.08358670026063919,
                0.03236556425690651,
                0.9959746599197388,
                -1.0938708782196045
            ],
            [
                -0.9287790656089783,
                0.3596317172050476,
                -0.0896339863538742,
                -11.557458877563477
            ],
            [
                0.0,
                0.0,
                -0.0,
                1.0
            ]
        ],
        "camera_location": [
            -10.830620765686035,
            4.179283142089844,
            0.05352567881345749
        ],
        "camera_rotation_euler": [
            1.1093189716339111,
            0.0,
            0.8149281740188599
        ],
        "camera_rotation_quaternion": [
            0.3813287317752838,
            0.41718801856040955,
            -0.6089098453521729,
            -0.5565711259841919
        ],
        "focal_length": 50.0,
        "sensor_width": 36.0,
        "sensor_height": 24.0
    },
    "objects": [
        {
            "object_name": "Cube",
            "bbox_2d": {
                "x_min": 499.6460151672363,
                "y_min": 176.15997791290283,
                "x_max": 1429.2945098876953,
                "y_max": 1015.6212303042412,
                "width": 929.648494720459,
                "height": 839.4612523913383,
                "center_x": 964.4702625274658,
                "center_y": 595.890604108572
            },
            "visible_vertices": 8,
            "total_vertices": 8
        }
    ],
    "metadata": {
        "total_objects": 1,
        "render_settings": {
            "resolution_percentage": 50,
            "file_format": "PNG"
        }
    }
}