{
    "frame": "786",
    "image_filename": "render_786.png",
    "image_resolution": {
        "width": 1920,
        "height": 1080
    },
    "camera_parameters": {
        "intrinsic_matrix": [
            [
                2666.666666666667,
                0,
                960.0
            ],
            [
                0,
                2250.0,
                540.0
            ],
            [
                0,
                0,
                1
            ]
        ],
        "extrinsic_matrix": [
            [
                0.9576689600944519,
                -0.2878721058368683,
                -3.725290298461914e-09,
                0.14061379432678223
            ],
            [
                0.05996418371796608,
                0.19948390126228333,
                0.9780646562576294,
                -1.0613398551940918
            ],
            [
                -0.281557559967041,
                -0.9366620779037476,
                0.20830154418945312,
                -11.744030952453613
            ],
            [
                -0.0,
                0.0,
                -0.0,
                1.0
            ]
        ],
        "camera_location": [
            -3.377639055252075,
            -10.7479887008667,
            3.484358549118042
        ],
        "camera_rotation_euler": [
            1.1093189716339111,
            0.0,
            0.8149281740188599
        ],
        "camera_rotation_quaternion": [
            0.7690017223358154,
            0.6224715709686279,
            -0.09153345972299576,
            -0.1130804717540741
        ],
        "focal_length": 50.0,
        "sensor_width": 36.0,
        "sensor_height": 24.0
    },
    "objects": [
        {
            "object_name": "Cube",
            "bbox_2d": {
                "x_min": 480.900936126709,
                "y_min": 95.72917699813843,
                "x_max": 1484.4900512695312,
                "y_max": 985.0409576296806,
                "width": 1003.5891151428223,
                "height": 889.3117806315422,
                "center_x": 982.6954936981201,
                "center_y": 540.3850673139095
            },
            "visible_vertices": 8,
            "total_vertices": 8
        }
    ],
    "metadata": {
        "total_objects": 1,
        "render_settings": {
            "resolution_percentage": 50,
            "file_format": "PNG"
        }
    }
}