{
    "frame": "446",
    "image_filename": "render_446.png",
    "image_resolution": {
        "width": 1920,
        "height": 1080
    },
    "camera_parameters": {
        "intrinsic_matrix": [
            [
                2666.666666666667,
                0,
                960.0
            ],
            [
                0,
                2250.0,
                540.0
            ],
            [
                0,
                0,
                1
            ]
        ],
        "extrinsic_matrix": [
            [
                0.44773250818252563,
                -0.894167423248291,
                -1.6391273049976007e-07,
                0.09460453689098358
            ],
            [
                0.30980196595191956,
                0.1551256775856018,
                0.9380610585212708,
                -0.982393741607666
            ],
            [
                -0.8387838006019592,
                -0.42000046372413635,
                0.3464697003364563,
                -11.989121437072754
            ],
            [
                -0.0,
                0.0,
                -0.0,
                1.0
            ]
        ],
        "camera_location": [
            -9.794292449951172,
            -4.798451900482178,
            5.075413227081299
        ],
        "camera_rotation_euler": [
            1.1093189716339111,
            0.0,
            0.8149281740188599
        ],
        "camera_rotation_quaternion": [
            0.6980917453765869,
            0.48634791374206543,
            -0.300384521484375,
            -0.43116456270217896
        ],
        "focal_length": 50.0,
        "sensor_width": 36.0,
        "sensor_height": 24.0
    },
    "objects": [
        {
            "object_name": "Cube",
            "bbox_2d": {
                "x_min": 445.5531692504883,
                "y_min": 67.45332956314087,
                "x_max": 1371.9485092163086,
                "y_max": 1014.164786785841,
                "width": 926.3953399658203,
                "height": 946.7114572227001,
                "center_x": 908.7508392333984,
                "center_y": 540.8090581744909
            },
            "visible_vertices": 8,
            "total_vertices": 8
        }
    ],
    "metadata": {
        "total_objects": 1,
        "render_settings": {
            "resolution_percentage": 50,
            "file_format": "PNG"
        }
    }
}