{
    "frame": "620",
    "image_filename": "render_620.png",
    "image_resolution": {
        "width": 1920,
        "height": 1080
    },
    "camera_parameters": {
        "intrinsic_matrix": [
            [
                2666.666666666667,
                0,
                960.0
            ],
            [
                0,
                2250.0,
                540.0
            ],
            [
                0,
                0,
                1
            ]
        ],
        "extrinsic_matrix": [
            [
                0.9998132586479187,
                -0.019323119893670082,
                4.656613428188905e-10,
                0.13611625134944916
            ],
            [
                0.004488546866923571,
                0.2322455197572708,
                0.9726468920707703,
                -1.064212679862976
            ],
            [
                -0.018794570118188858,
                -0.9724653363227844,
                0.2322888970375061,
                -11.733134269714355
            ],
            [
                -0.0,
                0.0,
                -0.0,
                1.0
            ]
        ],
        "camera_location": [
            -0.3518332839012146,
            -11.16027545928955,
            3.7605791091918945
        ],
        "camera_rotation_euler": [
            1.1093189716339111,
            0.0,
            0.8149281740188599
        ],
        "camera_rotation_quaternion": [
            0.784912109375,
            0.6195319294929504,
            -0.0059862034395337105,
            -0.007584183476865292
        ],
        "focal_length": 50.0,
        "sensor_width": 36.0,
        "sensor_height": 24.0
    },
    "objects": [
        {
            "object_name": "Cube",
            "bbox_2d": {
                "x_min": 556.4605522155762,
                "y_min": 105.04897356033325,
                "x_max": 1443.9315032958984,
                "y_max": 982.0664575695992,
                "width": 887.4709510803223,
                "height": 877.0174840092659,
                "center_x": 1000.1960277557373,
                "center_y": 543.5577155649662
            },
            "visible_vertices": 8,
            "total_vertices": 8
        }
    ],
    "metadata": {
        "total_objects": 1,
        "render_settings": {
            "resolution_percentage": 50,
            "file_format": "PNG"
        }
    }
}