{
    "frame": "437",
    "image_filename": "render_437.png",
    "image_resolution": {
        "width": 1920,
        "height": 1080
    },
    "camera_parameters": {
        "intrinsic_matrix": [
            [
                2666.666666666667,
                0,
                960.0
            ],
            [
                0,
                2250.0,
                540.0
            ],
            [
                0,
                0,
                1
            ]
        ],
        "extrinsic_matrix": [
            [
                0.49264660477638245,
                0.8702293634414673,
                2.086161856595936e-07,
                0.03364036977291107
            ],
            [
                -0.2262699007987976,
                0.12809377908706665,
                0.9656052589416504,
                -1.0838594436645508
            ],
            [
                0.8402981758117676,
                -0.475702166557312,
                0.2600117623806,
                -11.665779113769531
            ],
            [
                -0.0,
                0.0,
                -0.0,
                1.0
            ]
        ],
        "camera_location": [
            9.54091739654541,
            -5.439878463745117,
            4.07982063293457
        ],
        "camera_rotation_euler": [
            1.1093189716339111,
            0.0,
            0.8149281740188599
        ],
        "camera_rotation_quaternion": [
            0.6857026815414429,
            0.5254857540130615,
            0.30636391043663025,
            0.3997722268104553
        ],
        "focal_length": 50.0,
        "sensor_width": 36.0,
        "sensor_height": 24.0
    },
    "objects": [
        {
            "object_name": "Cube",
            "bbox_2d": {
                "x_min": 501.86548233032227,
                "y_min": 131.19426727294922,
                "x_max": 1421.5087509155273,
                "y_max": 887.3396408557892,
                "width": 919.6432685852051,
                "height": 756.14537358284,
                "center_x": 961.6871166229248,
                "center_y": 509.2669540643692
            },
            "visible_vertices": 8,
            "total_vertices": 8
        }
    ],
    "metadata": {
        "total_objects": 1,
        "render_settings": {
            "resolution_percentage": 50,
            "file_format": "PNG"
        }
    }
}