{
    "frame": "423",
    "image_filename": "render_423.png",
    "image_resolution": {
        "width": 1920,
        "height": 1080
    },
    "camera_parameters": {
        "intrinsic_matrix": [
            [
                2666.666666666667,
                0,
                960.0
            ],
            [
                0,
                2250.0,
                540.0
            ],
            [
                0,
                0,
                1
            ]
        ],
        "extrinsic_matrix": [
            [
                0.9583650231361389,
                0.28554588556289673,
                1.3969838619232178e-08,
                0.11891932785511017
            ],
            [
                -0.013477704487740993,
                0.0452345609664917,
                0.998885452747345,
                -1.088026523590088
            ],
            [
                0.28522762656211853,
                -0.9572969079017639,
                0.04719972237944603,
                -11.491592407226562
            ],
            [
                -0.0,
                0.0,
                -0.0,
                1.0
            ]
        ],
        "camera_location": [
            3.14908766746521,
            -10.98560619354248,
            1.6292139291763306
        ],
        "camera_rotation_euler": [
            1.1093189716339111,
            0.0,
            0.8149281740188599
        ],
        "camera_rotation_quaternion": [
            0.7160305976867676,
            0.6829953789710999,
            0.09958639740943909,
            0.10440322011709213
        ],
        "focal_length": 50.0,
        "sensor_width": 36.0,
        "sensor_height": 24.0
    },
    "objects": [
        {
            "object_name": "Cube",
            "bbox_2d": {
                "x_min": 520.8681106567383,
                "y_min": 62.49171495437622,
                "x_max": 1350.754623413086,
                "y_max": 932.020999789238,
                "width": 829.8865127563477,
                "height": 869.5292848348618,
                "center_x": 935.8113670349121,
                "center_y": 497.2563573718071
            },
            "visible_vertices": 8,
            "total_vertices": 8
        }
    ],
    "metadata": {
        "total_objects": 1,
        "render_settings": {
            "resolution_percentage": 50,
            "file_format": "PNG"
        }
    }
}