{
    "frame": "53",
    "image_filename": "render_053.png",
    "image_resolution": {
        "width": 1920,
        "height": 1080
    },
    "camera_parameters": {
        "intrinsic_matrix": [
            [
                2666.666666666667,
                0,
                960.0
            ],
            [
                0,
                2250.0,
                540.0
            ],
            [
                0,
                0,
                1
            ]
        ],
        "extrinsic_matrix": [
            [
                0.9403302073478699,
                -0.3402630388736725,
                -3.7252894102834944e-09,
                0.14025703072547913
            ],
            [
                -0.024816589429974556,
                -0.06858155131340027,
                0.9973366856575012,
                -1.083555817604065
            ],
            [
                -0.33935683965682983,
                -0.9378257989883423,
                -0.07293347269296646,
                -11.446475982666016
            ],
            [
                -0.0,
                0.0,
                -0.0,
                1.0
            ]
        ],
        "camera_location": [
            -4.043219089508057,
            -10.761391639709473,
            0.24583867192268372
        ],
        "camera_rotation_euler": [
            1.1093189716339111,
            0.0,
            0.8149281740188599
        ],
        "camera_rotation_quaternion": [
            0.670599639415741,
            0.7214300632476807,
            -0.12651249766349792,
            -0.11759868264198303
        ],
        "focal_length": 50.0,
        "sensor_width": 36.0,
        "sensor_height": 24.0
    },
    "objects": [
        {
            "object_name": "Cube",
            "bbox_2d": {
                "x_min": 476.6898536682129,
                "y_min": 87.91210412979126,
                "x_max": 1496.7799758911133,
                "y_max": 980.4336440563202,
                "width": 1020.0901222229004,
                "height": 892.5215399265289,
                "center_x": 986.7349147796631,
                "center_y": 534.1728740930557
            },
            "visible_vertices": 8,
            "total_vertices": 8
        }
    ],
    "metadata": {
        "total_objects": 1,
        "render_settings": {
            "resolution_percentage": 50,
            "file_format": "PNG"
        }
    }
}