{
    "frame": "25",
    "image_filename": "render_025.png",
    "image_resolution": {
        "width": 1920,
        "height": 1080
    },
    "camera_parameters": {
        "intrinsic_matrix": [
            [
                2666.666666666667,
                0,
                960.0
            ],
            [
                0,
                2250.0,
                540.0
            ],
            [
                0,
                0,
                1
            ]
        ],
        "extrinsic_matrix": [
            [
                -0.6588592529296875,
                -0.7522661089897156,
                2.9802318834981634e-08,
                -0.060630328953266144
            ],
            [
                0.06867508590221405,
                -0.06014782190322876,
                0.9958242177963257,
                -1.0695747137069702
            ],
            [
                -0.7491248846054077,
                0.656108021736145,
                0.0912909135222435,
                -11.740827560424805
            ],
            [
                -0.0,
                0.0,
                -0.0,
                1.0
            ]
        ],
        "camera_location": [
            -8.7618408203125,
            7.593308925628662,
            2.136939287185669
        ],
        "camera_rotation_euler": [
            1.1093189716339111,
            0.0,
            0.8149281740188599
        ],
        "camera_rotation_quaternion": [
            0.3050753176212311,
            0.2783871591091156,
            -0.6138852834701538,
            -0.6727365851402283
        ],
        "focal_length": 50.0,
        "sensor_width": 36.0,
        "sensor_height": 24.0
    },
    "objects": [
        {
            "object_name": "Cube",
            "bbox_2d": {
                "x_min": 490.8710289001465,
                "y_min": 114.45947170257568,
                "x_max": 1421.8629455566406,
                "y_max": 1063.9741303771734,
                "width": 930.9919166564941,
                "height": 949.5146586745977,
                "center_x": 956.3669872283936,
                "center_y": 589.2168010398746
            },
            "visible_vertices": 8,
            "total_vertices": 8
        }
    ],
    "metadata": {
        "total_objects": 1,
        "render_settings": {
            "resolution_percentage": 50,
            "file_format": "PNG"
        }
    }
}