{
    "frame": "799",
    "image_filename": "render_799.png",
    "image_resolution": {
        "width": 1920,
        "height": 1080
    },
    "camera_parameters": {
        "intrinsic_matrix": [
            [
                2666.666666666667,
                0,
                960.0
            ],
            [
                0,
                2250.0,
                540.0
            ],
            [
                0,
                0,
                1
            ]
        ],
        "extrinsic_matrix": [
            [
                0.5206769108772278,
                -0.8537536859512329,
                -5.960462345910855e-08,
                0.10294488817453384
            ],
            [
                -0.12165461480617523,
                -0.07419319450855255,
                0.9897955656051636,
                -1.0882704257965088
            ],
            [
                -0.8450416922569275,
                -0.5153636336326599,
                -0.14249373972415924,
                -11.455480575561523
            ],
            [
                -0.0,
                0.0,
                -0.0,
                1.0
            ]
        ],
        "camera_location": [
            -9.866355895996094,
            -5.896594047546387,
            -0.5551695823669434
        ],
        "camera_rotation_euler": [
            1.1093189716339111,
            0.0,
            0.8149281740188599
        ],
        "camera_rotation_quaternion": [
            0.5709619522094727,
            0.6590455174446106,
            -0.3700079917907715,
            -0.3205552101135254
        ],
        "focal_length": 50.0,
        "sensor_width": 36.0,
        "sensor_height": 24.0
    },
    "objects": [
        {
            "object_name": "Cube",
            "bbox_2d": {
                "x_min": 445.3554439544678,
                "y_min": 106.91920280456543,
                "x_max": 1405.0686264038086,
                "y_max": 992.3127910494804,
                "width": 959.7131824493408,
                "height": 885.393588244915,
                "center_x": 925.2120351791382,
                "center_y": 549.6159969270229
            },
            "visible_vertices": 8,
            "total_vertices": 8
        }
    ],
    "metadata": {
        "total_objects": 1,
        "render_settings": {
            "resolution_percentage": 50,
            "file_format": "PNG"
        }
    }
}