{
    "frame": "841",
    "image_filename": "render_841.png",
    "image_resolution": {
        "width": 1920,
        "height": 1080
    },
    "camera_parameters": {
        "intrinsic_matrix": [
            [
                2666.666666666667,
                0,
                960.0
            ],
            [
                0,
                2250.0,
                540.0
            ],
            [
                0,
                0,
                1
            ]
        ],
        "extrinsic_matrix": [
            [
                -0.8115515112876892,
                0.5842804312705994,
                -1.0058278832048018e-07,
                -0.132093146443367
            ],
            [
                0.07065154612064362,
                0.09813359379768372,
                0.9926620125770569,
                -1.0718919038772583
            ],
            [
                0.5799930691719055,
                0.8055965900421143,
                -0.12092060595750809,
                -11.336137771606445
            ],
            [
                -0.0,
                0.0,
                0.0,
                1.0
            ]
        ],
        "camera_location": [
            6.54341459274292,
            9.31472396850586,
            -0.30674874782562256
        ],
        "camera_rotation_euler": [
            1.1093189716339111,
            0.0,
            0.8149281740188599
        ],
        "camera_rotation_quaternion": [
            0.2035074234008789,
            0.22980181872844696,
            0.7124966979026794,
            0.6309710144996643
        ],
        "focal_length": 50.0,
        "sensor_width": 36.0,
        "sensor_height": 24.0
    },
    "objects": [
        {
            "object_name": "Cube",
            "bbox_2d": {
                "x_min": 428.77530097961426,
                "y_min": 103.46906661987305,
                "x_max": 1477.866096496582,
                "y_max": 987.2061923146248,
                "width": 1049.0907955169678,
                "height": 883.7371256947517,
                "center_x": 953.3206987380981,
                "center_y": 545.3376294672489
            },
            "visible_vertices": 8,
            "total_vertices": 8
        }
    ],
    "metadata": {
        "total_objects": 1,
        "render_settings": {
            "resolution_percentage": 50,
            "file_format": "PNG"
        }
    }
}