{
    "frame": "526",
    "image_filename": "render_526.png",
    "image_resolution": {
        "width": 1920,
        "height": 1080
    },
    "camera_parameters": {
        "intrinsic_matrix": [
            [
                2666.666666666667,
                0,
                960.0
            ],
            [
                0,
                2250.0,
                540.0
            ],
            [
                0,
                0,
                1
            ]
        ],
        "extrinsic_matrix": [
            [
                0.9335542917251587,
                -0.35843589901924133,
                -1.862644971595273e-08,
                0.1400308459997177
            ],
            [
                0.047590453177690506,
                0.12395042181015015,
                0.9911465644836426,
                -1.0743478536605835
            ],
            [
                -0.35526251792907715,
                -0.9252890944480896,
                0.13277257978916168,
                -11.672440528869629
            ],
            [
                -0.0,
                0.0,
                -0.0,
                1.0
            ]
        ],
        "camera_location": [
            -4.226378440856934,
            -10.617025375366211,
            2.6146161556243896
        ],
        "camera_rotation_euler": [
            1.1093189716339111,
            0.0,
            0.8149281740188599
        ],
        "camera_rotation_quaternion": [
            0.7399793267250061,
            0.6474626064300537,
            -0.12002447992563248,
            -0.13717491924762726
        ],
        "focal_length": 50.0,
        "sensor_width": 36.0,
        "sensor_height": 24.0
    },
    "objects": [
        {
            "object_name": "Cube",
            "bbox_2d": {
                "x_min": 466.89974784851074,
                "y_min": 89.41244602203369,
                "x_max": 1490.3442764282227,
                "y_max": 953.9706856012344,
                "width": 1023.4445285797119,
                "height": 864.5582395792007,
                "center_x": 978.6220121383667,
                "center_y": 521.6915658116341
            },
            "visible_vertices": 8,
            "total_vertices": 8
        }
    ],
    "metadata": {
        "total_objects": 1,
        "render_settings": {
            "resolution_percentage": 50,
            "file_format": "PNG"
        }
    }
}