{
    "frame": "500",
    "image_filename": "render_500.png",
    "image_resolution": {
        "width": 1920,
        "height": 1080
    },
    "camera_parameters": {
        "intrinsic_matrix": [
            [
                2666.666666666667,
                0,
                960.0
            ],
            [
                0,
                2250.0,
                540.0
            ],
            [
                0,
                0,
                1
            ]
        ],
        "extrinsic_matrix": [
            [
                0.8979654908180237,
                -0.4400657117366791,
                7.4505797087454084e-09,
                0.13831289112567902
            ],
            [
                -0.06664159148931503,
                -0.13598383963108063,
                0.9884670972824097,
                -1.077028512954712
            ],
            [
                -0.4349904954433441,
                -0.8876093626022339,
                -0.1514354795217514,
                -11.376106262207031
            ],
            [
                -0.0,
                0.0,
                -0.0,
                1.0
            ]
        ],
        "camera_location": [
            -5.144473552703857,
            -10.183131217956543,
            -0.6581389904022217
        ],
        "camera_rotation_euler": [
            1.1093189716339111,
            0.0,
            0.8149281740188599
        ],
        "camera_rotation_quaternion": [
            0.6345365047454834,
            0.7391523718833923,
            -0.17138122022151947,
            -0.147124782204628
        ],
        "focal_length": 50.0,
        "sensor_width": 36.0,
        "sensor_height": 24.0
    },
    "objects": [
        {
            "object_name": "Cube",
            "bbox_2d": {
                "x_min": 458.4144401550293,
                "y_min": 103.36008310317993,
                "x_max": 1498.9358139038086,
                "y_max": 988.1335499882698,
                "width": 1040.5213737487793,
                "height": 884.7734668850899,
                "center_x": 978.675127029419,
                "center_y": 545.7468165457249
            },
            "visible_vertices": 8,
            "total_vertices": 8
        }
    ],
    "metadata": {
        "total_objects": 1,
        "render_settings": {
            "resolution_percentage": 50,
            "file_format": "PNG"
        }
    }
}