{
    "frame": "457",
    "image_filename": "render_457.png",
    "image_resolution": {
        "width": 1920,
        "height": 1080
    },
    "camera_parameters": {
        "intrinsic_matrix": [
            [
                2666.666666666667,
                0,
                960.0
            ],
            [
                0,
                2250.0,
                540.0
            ],
            [
                0,
                0,
                1
            ]
        ],
        "extrinsic_matrix": [
            [
                -0.7265615463256836,
                0.6871010661125183,
                2.0861615723788418e-07,
                -0.12449236959218979
            ],
            [
                -0.10370789468288422,
                -0.10966409742832184,
                0.9885433912277222,
                -1.0831331014633179
            ],
            [
                0.6792293787002563,
                0.7182378172874451,
                0.15093572437763214,
                -11.614532470703125
            ],
            [
                -0.0,
                0.0,
                -0.0,
                1.0
            ]
        ],
        "camera_location": [
            7.686153888702393,
            8.308757781982422,
            2.8237709999084473
        ],
        "camera_rotation_euler": [
            1.1093189716339111,
            0.0,
            0.8149281740188599
        ],
        "camera_rotation_quaternion": [
            0.2804949879646301,
            0.24091842770576477,
            0.6053845286369324,
            0.7048335671424866
        ],
        "focal_length": 50.0,
        "sensor_width": 36.0,
        "sensor_height": 24.0
    },
    "objects": [
        {
            "object_name": "Cube",
            "bbox_2d": {
                "x_min": 430.2480983734131,
                "y_min": 90.34205675125122,
                "x_max": 1466.3263320922852,
                "y_max": 979.7311252355576,
                "width": 1036.078233718872,
                "height": 889.3890684843063,
                "center_x": 948.2872152328491,
                "center_y": 535.0365909934044
            },
            "visible_vertices": 8,
            "total_vertices": 8
        }
    ],
    "metadata": {
        "total_objects": 1,
        "render_settings": {
            "resolution_percentage": 50,
            "file_format": "PNG"
        }
    }
}