{
    "frame": "618",
    "image_filename": "render_618.png",
    "image_resolution": {
        "width": 1920,
        "height": 1080
    },
    "camera_parameters": {
        "intrinsic_matrix": [
            [
                2666.666666666667,
                0,
                960.0
            ],
            [
                0,
                2250.0,
                540.0
            ],
            [
                0,
                0,
                1
            ]
        ],
        "extrinsic_matrix": [
            [
                -0.980010449886322,
                -0.19894550740718842,
                -1.3224777717368852e-07,
                -0.12514109909534454
            ],
            [
                0.020856959745287895,
                -0.1027425080537796,
                0.994489312171936,
                -1.072982907295227
            ],
            [
                -0.19784919917583466,
                0.9746099710464478,
                0.10483827441930771,
                -11.6929931640625
            ],
            [
                0.0,
                0.0,
                -0.0,
                1.0
            ]
        ],
        "camera_location": [
            -2.4137096405029297,
            11.260970115661621,
            2.2929415702819824
        ],
        "camera_rotation_euler": [
            1.1093189716339111,
            0.0,
            0.8149281740188599
        ],
        "camera_rotation_quaternion": [
            0.07430525869131088,
            0.066883884370327,
            -0.6656631827354431,
            -0.7395254373550415
        ],
        "focal_length": 50.0,
        "sensor_width": 36.0,
        "sensor_height": 24.0
    },
    "objects": [
        {
            "object_name": "Cube",
            "bbox_2d": {
                "x_min": 544.5542335510254,
                "y_min": 105.12158632278442,
                "x_max": 1390.0215911865234,
                "y_max": 1035.572560429573,
                "width": 845.467357635498,
                "height": 930.4509741067886,
                "center_x": 967.2879123687744,
                "center_y": 570.3470733761787
            },
            "visible_vertices": 8,
            "total_vertices": 8
        }
    ],
    "metadata": {
        "total_objects": 1,
        "render_settings": {
            "resolution_percentage": 50,
            "file_format": "PNG"
        }
    }
}