{
    "frame": "271",
    "image_filename": "render_271.png",
    "image_resolution": {
        "width": 1920,
        "height": 1080
    },
    "camera_parameters": {
        "intrinsic_matrix": [
            [
                2666.666666666667,
                0,
                960.0
            ],
            [
                0,
                2250.0,
                540.0
            ],
            [
                0,
                0,
                1
            ]
        ],
        "extrinsic_matrix": [
            [
                0.1932106912136078,
                0.9811572432518005,
                1.3411042232291948e-07,
                -0.011120240204036236
            ],
            [
                -0.040658898651599884,
                0.008006563410162926,
                0.9991409182548523,
                -1.0905712842941284
            ],
            [
                0.9803144335746765,
                -0.19304461777210236,
                0.041439808905124664,
                -11.646049499511719
            ],
            [
                -0.0,
                0.0,
                -0.0,
                1.0
            ]
        ],
        "camera_location": [
            11.37459945678711,
            -2.2285666465759277,
            1.5722438097000122
        ],
        "camera_rotation_euler": [
            1.1093189716339111,
            0.0,
            0.8149281740188599
        ],
        "camera_rotation_quaternion": [
            0.5573726892471313,
            0.5347346067428589,
            0.4397033452987671,
            0.458318293094635
        ],
        "focal_length": 50.0,
        "sensor_width": 36.0,
        "sensor_height": 24.0
    },
    "objects": [
        {
            "object_name": "Cube",
            "bbox_2d": {
                "x_min": 525.849609375,
                "y_min": 62.580742835998535,
                "x_max": 1424.750862121582,
                "y_max": 917.0287978649139,
                "width": 898.901252746582,
                "height": 854.4480550289154,
                "center_x": 975.300235748291,
                "center_y": 489.80477035045624
            },
            "visible_vertices": 8,
            "total_vertices": 8
        }
    ],
    "metadata": {
        "total_objects": 1,
        "render_settings": {
            "resolution_percentage": 50,
            "file_format": "PNG"
        }
    }
}