{
    "frame": "51",
    "image_filename": "render_051.png",
    "image_resolution": {
        "width": 1920,
        "height": 1080
    },
    "camera_parameters": {
        "intrinsic_matrix": [
            [
                2666.666666666667,
                0,
                960.0
            ],
            [
                0,
                2250.0,
                540.0
            ],
            [
                0,
                0,
                1
            ]
        ],
        "extrinsic_matrix": [
            [
                0.6767633557319641,
                -0.736200749874115,
                -1.30385160446167e-07,
                0.11961326003074646
            ],
            [
                -0.07508011907339096,
                -0.06901862472295761,
                0.9947862029075623,
                -1.0875779390335083
            ],
            [
                -0.7323622703552246,
                -0.673234760761261,
                -0.10198327898979187,
                -11.478208541870117
            ],
            [
                -0.0,
                0.0,
                -0.0,
                1.0
            ]
        ],
        "camera_location": [
            -8.568811416625977,
            -7.714532375335693,
            -0.08867816627025604
        ],
        "camera_rotation_euler": [
            1.1093189716339111,
            0.0,
            0.8149281740188599
        ],
        "camera_rotation_quaternion": [
            0.6135473847389221,
            0.6796626448631287,
            -0.2984130382537842,
            -0.269384503364563
        ],
        "focal_length": 50.0,
        "sensor_width": 36.0,
        "sensor_height": 24.0
    },
    "objects": [
        {
            "object_name": "Cube",
            "bbox_2d": {
                "x_min": 428.6465549468994,
                "y_min": 120.41983366012573,
                "x_max": 1451.366958618164,
                "y_max": 993.6080405116081,
                "width": 1022.7204036712646,
                "height": 873.1882068514824,
                "center_x": 940.0067567825317,
                "center_y": 557.0139370858669
            },
            "visible_vertices": 8,
            "total_vertices": 8
        }
    ],
    "metadata": {
        "total_objects": 1,
        "render_settings": {
            "resolution_percentage": 50,
            "file_format": "PNG"
        }
    }
}