{
    "frame": "39",
    "image_filename": "render_039.png",
    "image_resolution": {
        "width": 1920,
        "height": 1080
    },
    "camera_parameters": {
        "intrinsic_matrix": [
            [
                2666.666666666667,
                0,
                960.0
            ],
            [
                0,
                2250.0,
                540.0
            ],
            [
                0,
                0,
                1
            ]
        ],
        "extrinsic_matrix": [
            [
                -0.5929420590400696,
                -0.8052448034286499,
                -1.1734658755813143e-07,
                -0.04969035089015961
            ],
            [
                -0.052122022956609726,
                0.03838002681732178,
                0.9979028105735779,
                -1.091934323310852
            ],
            [
                -0.8035562038421631,
                0.5916987657546997,
                -0.06472796201705933,
                -11.576360702514648
            ],
            [
                -0.0,
                0.0,
                -0.0,
                1.0
            ]
        ],
        "camera_location": [
            -9.388636589050293,
            6.8516154289245605,
            0.3403280973434448
        ],
        "camera_rotation_euler": [
            1.1093189716339111,
            0.0,
            0.8149281740188599
        ],
        "camera_rotation_quaternion": [
            0.30850839614868164,
            0.32916784286499023,
            -0.6511625051498413,
            -0.6102938652038574
        ],
        "focal_length": 50.0,
        "sensor_width": 36.0,
        "sensor_height": 24.0
    },
    "objects": [
        {
            "object_name": "Cube",
            "bbox_2d": {
                "x_min": 493.5070610046387,
                "y_min": 168.01383018493652,
                "x_max": 1414.6614074707031,
                "y_max": 1024.1588142514229,
                "width": 921.1543464660645,
                "height": 856.1449840664864,
                "center_x": 954.0842342376709,
                "center_y": 596.0863222181797
            },
            "visible_vertices": 8,
            "total_vertices": 8
        }
    ],
    "metadata": {
        "total_objects": 1,
        "render_settings": {
            "resolution_percentage": 50,
            "file_format": "PNG"
        }
    }
}