{
    "frame": "747",
    "image_filename": "render_747.png",
    "image_resolution": {
        "width": 1920,
        "height": 1080
    },
    "camera_parameters": {
        "intrinsic_matrix": [
            [
                2666.666666666667,
                0,
                960.0
            ],
            [
                0,
                2250.0,
                540.0
            ],
            [
                0,
                0,
                1
            ]
        ],
        "extrinsic_matrix": [
            [
                0.6502781510353088,
                0.7596962451934814,
                1.2200322885291826e-07,
                0.059185318648815155
            ],
            [
                -0.02340141125023365,
                0.020030904561281204,
                0.9995253682136536,
                -1.089110016822815
            ],
            [
                0.7593357563018799,
                -0.6499693989753723,
                0.030803672969341278,
                -11.421271324157715
            ],
            [
                -0.0,
                0.0,
                -0.0,
                1.0
            ]
        ],
        "camera_location": [
            8.60860538482666,
            -7.446625709533691,
            1.440409779548645
        ],
        "camera_rotation_euler": [
            1.1093189716339111,
            0.0,
            0.8149281740188599
        ],
        "camera_rotation_quaternion": [
            0.6521336436271667,
            0.6323455572128296,
            0.29109668731689453,
            0.3002060353755951
        ],
        "focal_length": 50.0,
        "sensor_width": 36.0,
        "sensor_height": 24.0
    },
    "objects": [
        {
            "object_name": "Cube",
            "bbox_2d": {
                "x_min": 496.37088775634766,
                "y_min": 46.033079624176025,
                "x_max": 1415.624656677246,
                "y_max": 924.5248425006866,
                "width": 919.2537689208984,
                "height": 878.4917628765106,
                "center_x": 955.9977722167969,
                "center_y": 485.27896106243134
            },
            "visible_vertices": 8,
            "total_vertices": 8
        }
    ],
    "metadata": {
        "total_objects": 1,
        "render_settings": {
            "resolution_percentage": 50,
            "file_format": "PNG"
        }
    }
}