{
    "frame": "892",
    "image_filename": "render_892.png",
    "image_resolution": {
        "width": 1920,
        "height": 1080
    },
    "camera_parameters": {
        "intrinsic_matrix": [
            [
                2666.666666666667,
                0,
                960.0
            ],
            [
                0,
                2250.0,
                540.0
            ],
            [
                0,
                0,
                1
            ]
        ],
        "extrinsic_matrix": [
            [
                -0.26912346482276917,
                -0.9631057381629944,
                7.823110337312755e-08,
                0.00015731532766949385
            ],
            [
                -0.0575978122651577,
                0.016094770282506943,
                0.9982101321220398,
                -1.0921610593795776
            ],
            [
                -0.9613818526268005,
                0.26864174008369446,
                -0.05980430543422699,
                -11.590802192687988
            ],
            [
                0.0,
                0.0,
                -0.0,
                1.0
            ]
        ],
        "camera_location": [
            -11.206050872802734,
            3.1315035820007324,
            0.3970268666744232
        ],
        "camera_rotation_euler": [
            1.1093189716339111,
            0.0,
            0.8149281740188599
        ],
        "camera_rotation_quaternion": [
            0.414477676153183,
            0.4400528371334076,
            -0.5798755288124084,
            -0.5461740493774414
        ],
        "focal_length": 50.0,
        "sensor_width": 36.0,
        "sensor_height": 24.0
    },
    "objects": [
        {
            "object_name": "Cube",
            "bbox_2d": {
                "x_min": 507.8734016418457,
                "y_min": 164.10130262374878,
                "x_max": 1433.6252975463867,
                "y_max": 1024.0208105742931,
                "width": 925.751895904541,
                "height": 859.9195079505444,
                "center_x": 970.7493495941162,
                "center_y": 594.061056599021
            },
            "visible_vertices": 8,
            "total_vertices": 8
        }
    ],
    "metadata": {
        "total_objects": 1,
        "render_settings": {
            "resolution_percentage": 50,
            "file_format": "PNG"
        }
    }
}