{
    "frame": "817",
    "image_filename": "render_817.png",
    "image_resolution": {
        "width": 1920,
        "height": 1080
    },
    "camera_parameters": {
        "intrinsic_matrix": [
            [
                2666.666666666667,
                0,
                960.0
            ],
            [
                0,
                2250.0,
                540.0
            ],
            [
                0,
                0,
                1
            ]
        ],
        "extrinsic_matrix": [
            [
                0.3608681261539459,
                0.9326168298721313,
                1.4901159417490817e-08,
                0.013425917364656925
            ],
            [
                -0.18633179366588593,
                0.07209951430559158,
                0.9798377752304077,
                -1.0917741060256958
            ],
            [
                0.9138131737709045,
                -0.353592187166214,
                0.19979462027549744,
                -11.595088958740234
            ],
            [
                -0.0,
                0.0,
                -0.0,
                1.0
            ]
        ],
        "camera_location": [
            10.387468338012695,
            -4.033738136291504,
            3.38639760017395
        ],
        "camera_rotation_euler": [
            1.1093189716339111,
            0.0,
            0.8149281740188599
        ],
        "camera_rotation_quaternion": [
            0.6388979554176331,
            0.5217695832252502,
            0.3575740456581116,
            0.43784329295158386
        ],
        "focal_length": 50.0,
        "sensor_width": 36.0,
        "sensor_height": 24.0
    },
    "objects": [
        {
            "object_name": "Cube",
            "bbox_2d": {
                "x_min": 505.0492858886719,
                "y_min": 104.6452260017395,
                "x_max": 1435.0459671020508,
                "y_max": 899.3931663036346,
                "width": 929.9966812133789,
                "height": 794.7479403018951,
                "center_x": 970.0476264953613,
                "center_y": 502.0191961526871
            },
            "visible_vertices": 8,
            "total_vertices": 8
        }
    ],
    "metadata": {
        "total_objects": 1,
        "render_settings": {
            "resolution_percentage": 50,
            "file_format": "PNG"
        }
    }
}