{
    "frame": "326",
    "image_filename": "render_326.png",
    "image_resolution": {
        "width": 1920,
        "height": 1080
    },
    "camera_parameters": {
        "intrinsic_matrix": [
            [
                2666.666666666667,
                0,
                960.0
            ],
            [
                0,
                2250.0,
                540.0
            ],
            [
                0,
                0,
                1
            ]
        ],
        "extrinsic_matrix": [
            [
                -0.32033997774124146,
                0.9473026394844055,
                -3.725290298461914e-08,
                -0.07937126606702805
            ],
            [
                0.11765004694461823,
                0.039784565567970276,
                0.992257833480835,
                -1.062867283821106
            ],
            [
                0.939968466758728,
                0.31785982847213745,
                -0.12419482320547104,
                -11.265307426452637
            ],
            [
                -0.0,
                0.0,
                0.0,
                1.0
            ]
        ],
        "camera_location": [
            10.688654899597168,
            3.698263645172119,
            -0.34445416927337646
        ],
        "camera_rotation_euler": [
            1.1093189716339111,
            0.0,
            0.8149281740188599
        ],
        "camera_rotation_quaternion": [
            0.38576215505599976,
            0.4370555579662323,
            0.609163224697113,
            0.5376710295677185
        ],
        "focal_length": 50.0,
        "sensor_width": 36.0,
        "sensor_height": 24.0
    },
    "objects": [
        {
            "object_name": "Cube",
            "bbox_2d": {
                "x_min": 482.3068428039551,
                "y_min": 48.27416181564331,
                "x_max": 1355.47119140625,
                "y_max": 980.0122743844986,
                "width": 873.1643486022949,
                "height": 931.7381125688553,
                "center_x": 918.8890171051025,
                "center_y": 514.143218100071
            },
            "visible_vertices": 8,
            "total_vertices": 8
        }
    ],
    "metadata": {
        "total_objects": 1,
        "render_settings": {
            "resolution_percentage": 50,
            "file_format": "PNG"
        }
    }
}