{
    "frame": "914",
    "image_filename": "render_914.png",
    "image_resolution": {
        "width": 1920,
        "height": 1080
    },
    "camera_parameters": {
        "intrinsic_matrix": [
            [
                2666.666666666667,
                0,
                960.0
            ],
            [
                0,
                2250.0,
                540.0
            ],
            [
                0,
                0,
                1
            ]
        ],
        "extrinsic_matrix": [
            [
                -0.9944319725036621,
                -0.10537957400083542,
                1.0104847802949735e-07,
                -0.13064907491207123
            ],
            [
                0.0026328640524297953,
                -0.0248444564640522,
                0.9996877312660217,
                -1.0840554237365723
            ],
            [
                -0.1053466796875,
                0.9941215515136719,
                0.024983668699860573,
                -11.594510078430176
            ],
            [
                -0.0,
                0.0,
                -0.0,
                1.0
            ]
        ],
        "camera_location": [
            -1.3485108613967896,
            11.4856538772583,
            1.3733896017074585
        ],
        "camera_rotation_euler": [
            1.1093189716339111,
            0.0,
            0.8149281740188599
        ],
        "camera_rotation_quaternion": [
            0.03777250275015831,
            0.03684023395180702,
            -0.6972452998161316,
            -0.7148881554603577
        ],
        "focal_length": 50.0,
        "sensor_width": 36.0,
        "sensor_height": 24.0
    },
    "objects": [
        {
            "object_name": "Cube",
            "bbox_2d": {
                "x_min": 560.9238624572754,
                "y_min": 122.07821130752563,
                "x_max": 1420.0976943969727,
                "y_max": 1021.0651516914368,
                "width": 859.1738319396973,
                "height": 898.9869403839111,
                "center_x": 990.510778427124,
                "center_y": 571.5716814994812
            },
            "visible_vertices": 8,
            "total_vertices": 8
        }
    ],
    "metadata": {
        "total_objects": 1,
        "render_settings": {
            "resolution_percentage": 50,
            "file_format": "PNG"
        }
    }
}