{
    "frame": "217",
    "image_filename": "render_217.png",
    "image_resolution": {
        "width": 1920,
        "height": 1080
    },
    "camera_parameters": {
        "intrinsic_matrix": [
            [
                2666.666666666667,
                0,
                960.0
            ],
            [
                0,
                2250.0,
                540.0
            ],
            [
                0,
                0,
                1
            ]
        ],
        "extrinsic_matrix": [
            [
                0.49473297595977783,
                0.8690449595451355,
                1.3411040811206476e-07,
                0.033968232572078705
            ],
            [
                0.10539966821670532,
                -0.06000230833888054,
                0.9926179051399231,
                -1.0611298084259033
            ],
            [
                0.8626297116279602,
                -0.49108079075813293,
                -0.12128211557865143,
                -11.248201370239258
            ],
            [
                -0.0,
                0.0,
                -0.0,
                1.0
            ]
        ],
        "camera_location": [
            9.798072814941406,
            -5.616968631744385,
            -0.31091007590293884
        ],
        "camera_rotation_euler": [
            1.1093189716339111,
            0.0,
            0.8149281740188599
        ],
        "camera_rotation_quaternion": [
            0.5730289816856384,
            0.6473054885864258,
            0.37634652853012085,
            0.3331618309020996
        ],
        "focal_length": 50.0,
        "sensor_width": 36.0,
        "sensor_height": 24.0
    },
    "objects": [
        {
            "object_name": "Cube",
            "bbox_2d": {
                "x_min": 481.7995834350586,
                "y_min": 8.730268478393555,
                "x_max": 1421.0181427001953,
                "y_max": 974.8674300312996,
                "width": 939.2185592651367,
                "height": 966.137161552906,
                "center_x": 951.408863067627,
                "center_y": 491.7988492548466
            },
            "visible_vertices": 8,
            "total_vertices": 8
        }
    ],
    "metadata": {
        "total_objects": 1,
        "render_settings": {
            "resolution_percentage": 50,
            "file_format": "PNG"
        }
    }
}