{
    "frame": "206",
    "image_filename": "render_206.png",
    "image_resolution": {
        "width": 1920,
        "height": 1080
    },
    "camera_parameters": {
        "intrinsic_matrix": [
            [
                2666.666666666667,
                0,
                960.0
            ],
            [
                0,
                2250.0,
                540.0
            ],
            [
                0,
                0,
                1
            ]
        ],
        "extrinsic_matrix": [
            [
                -0.9736501574516296,
                -0.22804522514343262,
                -1.3783564156710781e-07,
                -0.12317341566085815
            ],
            [
                0.05426814407110214,
                -0.23170095682144165,
                0.9712719321250916,
                -1.0383530855178833
            ],
            [
                -0.22149400413036346,
                0.9456794857978821,
                0.237971693277359,
                -12.06542682647705
            ],
            [
                0.0,
                0.0,
                -0.0,
                1.0
            ]
        ],
        "camera_location": [
            -2.735999345779419,
            11.141352653503418,
            3.8797502517700195
        ],
        "camera_rotation_euler": [
            1.1093189716339111,
            0.0,
            0.8149281740188599
        ],
        "camera_rotation_quaternion": [
            0.0903048887848854,
            0.07085033506155014,
            -0.6131839156150818,
            -0.7815567255020142
        ],
        "focal_length": 50.0,
        "sensor_width": 36.0,
        "sensor_height": 24.0
    },
    "objects": [
        {
            "object_name": "Cube",
            "bbox_2d": {
                "x_min": 555.1707458496094,
                "y_min": 84.72415924072266,
                "x_max": 1371.397705078125,
                "y_max": 1036.0663256049156,
                "width": 816.2269592285156,
                "height": 951.342166364193,
                "center_x": 963.2842254638672,
                "center_y": 560.3952424228191
            },
            "visible_vertices": 8,
            "total_vertices": 8
        }
    ],
    "metadata": {
        "total_objects": 1,
        "render_settings": {
            "resolution_percentage": 50,
            "file_format": "PNG"
        }
    }
}