{
    "frame": "881",
    "image_filename": "render_881.png",
    "image_resolution": {
        "width": 1920,
        "height": 1080
    },
    "camera_parameters": {
        "intrinsic_matrix": [
            [
                2666.666666666667,
                0,
                960.0
            ],
            [
                0,
                2250.0,
                540.0
            ],
            [
                0,
                0,
                1
            ]
        ],
        "extrinsic_matrix": [
            [
                0.08047302812337875,
                0.9967567920684814,
                7.543713564928112e-08,
                -0.026978259906172752
            ],
            [
                -0.0472889319062233,
                0.003817772027105093,
                0.9988740086555481,
                -1.091018795967102
            ],
            [
                0.9956344366073608,
                -0.08038245141506195,
                0.04744277521967888,
                -11.428984642028809
            ],
            [
                -0.0,
                0.0,
                -0.0,
                1.0
            ]
        ],
        "camera_location": [
            11.329667091369629,
            -0.8876332640647888,
            1.632012963294983
        ],
        "camera_rotation_euler": [
            1.1093189716339111,
            0.0,
            0.8149281740188599
        ],
        "camera_rotation_quaternion": [
            0.5319148898124695,
            0.5072506070137024,
            0.46794822812080383,
            0.4907015860080719
        ],
        "focal_length": 50.0,
        "sensor_width": 36.0,
        "sensor_height": 24.0
    },
    "objects": [
        {
            "object_name": "Cube",
            "bbox_2d": {
                "x_min": 537.4813270568848,
                "y_min": 55.87918996810913,
                "x_max": 1431.3595962524414,
                "y_max": 924.1335994005203,
                "width": 893.8782691955566,
                "height": 868.2544094324112,
                "center_x": 984.4204616546631,
                "center_y": 490.0063946843147
            },
            "visible_vertices": 8,
            "total_vertices": 8
        }
    ],
    "metadata": {
        "total_objects": 1,
        "render_settings": {
            "resolution_percentage": 50,
            "file_format": "PNG"
        }
    }
}