{
    "frame": "585",
    "image_filename": "render_585.png",
    "image_resolution": {
        "width": 1920,
        "height": 1080
    },
    "camera_parameters": {
        "intrinsic_matrix": [
            [
                2666.666666666667,
                0,
                960.0
            ],
            [
                0,
                2250.0,
                540.0
            ],
            [
                0,
                0,
                1
            ]
        ],
        "extrinsic_matrix": [
            [
                0.9820630550384521,
                -0.18855266273021698,
                -1.2107190805465962e-08,
                0.1401432454586029
            ],
            [
                -0.005079273134469986,
                -0.02645496279001236,
                0.9996369481086731,
                -1.0849839448928833
            ],
            [
                -0.18848423659801483,
                -0.9817065596580505,
                -0.026938151568174362,
                -11.474315643310547
            ],
            [
                -0.0,
                0.0,
                -0.0,
                1.0
            ]
        ],
        "camera_location": [
            -2.30586838722229,
            -11.266693115234375,
            0.7754934430122375
        ],
        "camera_rotation_euler": [
            1.1093189716339111,
            0.0,
            0.8149281740188599
        ],
        "camera_rotation_quaternion": [
            0.694382905960083,
            0.7133470773696899,
            -0.06786035001277924,
            -0.06605628877878189
        ],
        "focal_length": 50.0,
        "sensor_width": 36.0,
        "sensor_height": 24.0
    },
    "objects": [
        {
            "object_name": "Cube",
            "bbox_2d": {
                "x_min": 513.2058334350586,
                "y_min": 76.51859521865845,
                "x_max": 1483.5950088500977,
                "y_max": 968.7102475762367,
                "width": 970.3891754150391,
                "height": 892.1916523575783,
                "center_x": 998.4004211425781,
                "center_y": 522.6144213974476
            },
            "visible_vertices": 8,
            "total_vertices": 8
        }
    ],
    "metadata": {
        "total_objects": 1,
        "render_settings": {
            "resolution_percentage": 50,
            "file_format": "PNG"
        }
    }
}