{
    "frame": "374",
    "image_filename": "render_374.png",
    "image_resolution": {
        "width": 1920,
        "height": 1080
    },
    "camera_parameters": {
        "intrinsic_matrix": [
            [
                2666.666666666667,
                0,
                960.0
            ],
            [
                0,
                2250.0,
                540.0
            ],
            [
                0,
                0,
                1
            ]
        ],
        "extrinsic_matrix": [
            [
                -0.6839420795440674,
                -0.7295359969139099,
                -1.0430806440808738e-07,
                -0.06489146500825882
            ],
            [
                0.12332549691200256,
                -0.1156180128455162,
                0.9856078624725342,
                -1.0489777326583862
            ],
            [
                -0.7190365791320801,
                0.6740989089012146,
                0.16904674470424652,
                -11.821855545043945
            ],
            [
                -0.0,
                0.0,
                -0.0,
                1.0
            ]
        ],
        "camera_location": [
            -8.415365219116211,
            7.800479888916016,
            3.0323243141174316
        ],
        "camera_rotation_euler": [
            1.1093189716339111,
            0.0,
            0.8149281740188599
        ],
        "camera_rotation_quaternion": [
            0.303926944732666,
            0.25623685121536255,
            -0.591455340385437,
            -0.7015353441238403
        ],
        "focal_length": 50.0,
        "sensor_width": 36.0,
        "sensor_height": 24.0
    },
    "objects": [
        {
            "object_name": "Cube",
            "bbox_2d": {
                "x_min": 490.25487899780273,
                "y_min": 90.3930401802063,
                "x_max": 1424.6285247802734,
                "y_max": 1077.2724046558142,
                "width": 934.3736457824707,
                "height": 986.8793644756079,
                "center_x": 957.4417018890381,
                "center_y": 583.8327224180102
            },
            "visible_vertices": 8,
            "total_vertices": 8
        }
    ],
    "metadata": {
        "total_objects": 1,
        "render_settings": {
            "resolution_percentage": 50,
            "file_format": "PNG"
        }
    }
}