{
    "frame": "787",
    "image_filename": "render_787.png",
    "image_resolution": {
        "width": 1920,
        "height": 1080
    },
    "camera_parameters": {
        "intrinsic_matrix": [
            [
                2666.666666666667,
                0,
                960.0
            ],
            [
                0,
                2250.0,
                540.0
            ],
            [
                0,
                0,
                1
            ]
        ],
        "extrinsic_matrix": [
            [
                0.3917856514453888,
                0.9200564622879028,
                -7.450579886381092e-08,
                0.01808893121778965
            ],
            [
                -0.19950084388256073,
                0.08495314419269562,
                0.9762081503868103,
                -1.090105652809143
            ],
            [
                0.8981666564941406,
                -0.38246428966522217,
                0.21683549880981445,
                -11.614611625671387
            ],
            [
                -0.0,
                0.0,
                -0.0,
                1.0
            ]
        ],
        "camera_location": [
            10.207292556762695,
            -4.366209983825684,
            3.582629919052124
        ],
        "camera_rotation_euler": [
            1.1093189716339111,
            0.0,
            0.8149281740188599
        ],
        "camera_rotation_quaternion": [
            0.650687038898468,
            0.5220146179199219,
            0.3450840413570404,
            0.43014436960220337
        ],
        "focal_length": 50.0,
        "sensor_width": 36.0,
        "sensor_height": 24.0
    },
    "objects": [
        {
            "object_name": "Cube",
            "bbox_2d": {
                "x_min": 503.5978889465332,
                "y_min": 111.80228233337402,
                "x_max": 1432.924690246582,
                "y_max": 895.85762321949,
                "width": 929.3268013000488,
                "height": 784.055340886116,
                "center_x": 968.2612895965576,
                "center_y": 503.82995277643204
            },
            "visible_vertices": 8,
            "total_vertices": 8
        }
    ],
    "metadata": {
        "total_objects": 1,
        "render_settings": {
            "resolution_percentage": 50,
            "file_format": "PNG"
        }
    }
}