{
    "frame": "34",
    "image_filename": "render_034.png",
    "image_resolution": {
        "width": 1920,
        "height": 1080
    },
    "camera_parameters": {
        "intrinsic_matrix": [
            [
                2666.666666666667,
                0,
                960.0
            ],
            [
                0,
                2250.0,
                540.0
            ],
            [
                0,
                0,
                1
            ]
        ],
        "extrinsic_matrix": [
            [
                -0.10411395877599716,
                -0.9945653080940247,
                -1.9744031476420787e-07,
                0.023695332929491997
            ],
            [
                -0.010035781189799309,
                0.001050494029186666,
                0.9999489784240723,
                -1.0870380401611328
            ],
            [
                -0.9945146441459656,
                0.1041087731719017,
                -0.010090482421219349,
                -11.643010139465332
            ],
            [
                -0.0,
                0.0,
                -0.0,
                1.0
            ]
        ],
        "camera_location": [
            -11.5875883102417,
            1.236846685409546,
            0.9694976210594177
        ],
        "camera_rotation_euler": [
            1.1093189716339111,
            0.0,
            0.8149281740188599
        ],
        "camera_rotation_quaternion": [
            0.4708625376224518,
            0.4756380319595337,
            -0.5280281901359558,
            -0.5227267742156982
        ],
        "focal_length": 50.0,
        "sensor_width": 36.0,
        "sensor_height": 24.0
    },
    "objects": [
        {
            "object_name": "Cube",
            "bbox_2d": {
                "x_min": 531.383056640625,
                "y_min": 144.1752791404724,
                "x_max": 1430.5729293823242,
                "y_max": 1034.0331561863422,
                "width": 899.1898727416992,
                "height": 889.8578770458698,
                "center_x": 980.9779930114746,
                "center_y": 589.1042176634073
            },
            "visible_vertices": 8,
            "total_vertices": 8
        }
    ],
    "metadata": {
        "total_objects": 1,
        "render_settings": {
            "resolution_percentage": 50,
            "file_format": "PNG"
        }
    }
}