{
    "frame": "545",
    "image_filename": "render_545.png",
    "image_resolution": {
        "width": 1920,
        "height": 1080
    },
    "camera_parameters": {
        "intrinsic_matrix": [
            [
                2666.666666666667,
                0,
                960.0
            ],
            [
                0,
                2250.0,
                540.0
            ],
            [
                0,
                0,
                1
            ]
        ],
        "extrinsic_matrix": [
            [
                0.3596409559249878,
                -0.9330907464027405,
                -6.519257311765614e-08,
                0.0841541513800621
            ],
            [
                -0.08609803766012192,
                -0.033184755593538284,
                0.9957337975502014,
                -1.0914591550827026
            ],
            [
                -0.929110050201416,
                -0.3581066429615021,
                -0.09227185696363449,
                -11.52736759185791
            ],
            [
                -0.0,
                0.0,
                -0.0,
                1.0
            ]
        ],
        "camera_location": [
            -10.834430694580078,
            -4.085723876953125,
            0.023150987923145294
        ],
        "camera_rotation_euler": [
            1.1093189716339111,
            0.0,
            0.8149281740188599
        ],
        "camera_rotation_quaternion": [
            0.555469274520874,
            0.6093229055404663,
            -0.4181644916534424,
            -0.3812059760093689
        ],
        "focal_length": 50.0,
        "sensor_width": 36.0,
        "sensor_height": 24.0
    },
    "objects": [
        {
            "object_name": "Cube",
            "bbox_2d": {
                "x_min": 477.973108291626,
                "y_min": 134.3681788444519,
                "x_max": 1354.1627883911133,
                "y_max": 1003.3205929398537,
                "width": 876.1896800994873,
                "height": 868.9524140954018,
                "center_x": 916.0679483413696,
                "center_y": 568.8443858921528
            },
            "visible_vertices": 8,
            "total_vertices": 8
        }
    ],
    "metadata": {
        "total_objects": 1,
        "render_settings": {
            "resolution_percentage": 50,
            "file_format": "PNG"
        }
    }
}