{
    "frame": "317",
    "image_filename": "render_317.png",
    "image_resolution": {
        "width": 1920,
        "height": 1080
    },
    "camera_parameters": {
        "intrinsic_matrix": [
            [
                2666.666666666667,
                0,
                960.0
            ],
            [
                0,
                2250.0,
                540.0
            ],
            [
                0,
                0,
                1
            ]
        ],
        "extrinsic_matrix": [
            [
                0.9990697503089905,
                -0.04312210530042648,
                -4.1909511416804435e-09,
                0.13691987097263336
            ],
            [
                0.005963291972875595,
                0.13815981149673462,
                0.9903919100761414,
                -1.0797054767608643
            ],
            [
                -0.042707789689302444,
                -0.9894706606864929,
                0.1382884532213211,
                -11.633668899536133
            ],
            [
                -0.0,
                0.0,
                -0.0,
                1.0
            ]
        ],
        "camera_location": [
            -0.6272022128105164,
            -11.356099128723145,
            2.678133964538574
        ],
        "camera_rotation_euler": [
            1.1093189716339111,
            0.0,
            0.8149281740188599
        ],
        "camera_rotation_quaternion": [
            0.7542410492897034,
            0.6562433838844299,
            -0.014155881479382515,
            -0.016269799321889877
        ],
        "focal_length": 50.0,
        "sensor_width": 36.0,
        "sensor_height": 24.0
    },
    "objects": [
        {
            "object_name": "Cube",
            "bbox_2d": {
                "x_min": 551.6439628601074,
                "y_min": 86.61910772323608,
                "x_max": 1453.1640243530273,
                "y_max": 947.9909232258797,
                "width": 901.5200614929199,
                "height": 861.3718155026436,
                "center_x": 1002.4039936065674,
                "center_y": 517.3050154745579
            },
            "visible_vertices": 8,
            "total_vertices": 8
        }
    ],
    "metadata": {
        "total_objects": 1,
        "render_settings": {
            "resolution_percentage": 50,
            "file_format": "PNG"
        }
    }
}