{
    "frame": "612",
    "image_filename": "render_612.png",
    "image_resolution": {
        "width": 1920,
        "height": 1080
    },
    "camera_parameters": {
        "intrinsic_matrix": [
            [
                2666.666666666667,
                0,
                960.0
            ],
            [
                0,
                2250.0,
                540.0
            ],
            [
                0,
                0,
                1
            ]
        ],
        "extrinsic_matrix": [
            [
                -0.3497442305088043,
                -0.9368451833724976,
                -8.149071817342701e-08,
                -0.011760248802602291
            ],
            [
                -0.01105639711022377,
                0.004127548076212406,
                0.9999303221702576,
                -1.0872724056243896
            ],
            [
                -0.9367799162864685,
                0.34971994161605835,
                -0.01180165633559227,
                -11.642669677734375
            ],
            [
                -0.0,
                0.0,
                -0.0,
                1.0
            ]
        ],
        "camera_location": [
            -10.92275333404541,
            4.06514310836792,
            0.9497931599617004
        ],
        "camera_rotation_euler": [
            1.1093189716339111,
            0.0,
            0.8149281740188599
        ],
        "camera_rotation_quaternion": [
            0.4008059501647949,
            0.40556439757347107,
            -0.5843101739883423,
            -0.5774545669555664
        ],
        "focal_length": 50.0,
        "sensor_width": 36.0,
        "sensor_height": 24.0
    },
    "objects": [
        {
            "object_name": "Cube",
            "bbox_2d": {
                "x_min": 496.7721748352051,
                "y_min": 148.4569215774536,
                "x_max": 1426.2831115722656,
                "y_max": 1038.7642872333527,
                "width": 929.5109367370605,
                "height": 890.307365655899,
                "center_x": 961.5276432037354,
                "center_y": 593.6106044054031
            },
            "visible_vertices": 8,
            "total_vertices": 8
        }
    ],
    "metadata": {
        "total_objects": 1,
        "render_settings": {
            "resolution_percentage": 50,
            "file_format": "PNG"
        }
    }
}