{
    "frame": "968",
    "image_filename": "render_968.png",
    "image_resolution": {
        "width": 1920,
        "height": 1080
    },
    "camera_parameters": {
        "intrinsic_matrix": [
            [
                2666.666666666667,
                0,
                960.0
            ],
            [
                0,
                2250.0,
                540.0
            ],
            [
                0,
                0,
                1
            ]
        ],
        "extrinsic_matrix": [
            [
                0.45429813861846924,
                0.8908495903015137,
                0.0,
                0.02766461670398712
            ],
            [
                -0.1575843095779419,
                0.08036185055971146,
                0.9842301607131958,
                -1.0929659605026245
            ],
            [
                0.876801073551178,
                -0.4471338987350464,
                0.1768922209739685,
                -11.57167911529541
            ],
            [
                -0.0,
                0.0,
                -0.0,
                1.0
            ]
        ],
        "camera_location": [
            9.961260795593262,
            -5.110904693603516,
            3.1226701736450195
        ],
        "camera_rotation_euler": [
            1.1093189716339111,
            0.0,
            0.8149281740188599
        ],
        "camera_rotation_quaternion": [
            0.6541315913200378,
            0.5470475554466248,
            0.33510127663612366,
            0.4006969630718231
        ],
        "focal_length": 50.0,
        "sensor_width": 36.0,
        "sensor_height": 24.0
    },
    "objects": [
        {
            "object_name": "Cube",
            "bbox_2d": {
                "x_min": 498.4050750732422,
                "y_min": 95.61362743377686,
                "x_max": 1423.0658340454102,
                "y_max": 883.5976696014404,
                "width": 924.660758972168,
                "height": 787.9840421676636,
                "center_x": 960.7354545593262,
                "center_y": 489.60564851760864
            },
            "visible_vertices": 8,
            "total_vertices": 8
        }
    ],
    "metadata": {
        "total_objects": 1,
        "render_settings": {
            "resolution_percentage": 50,
            "file_format": "PNG"
        }
    }
}