{
    "frame": "384",
    "image_filename": "render_384.png",
    "image_resolution": {
        "width": 1920,
        "height": 1080
    },
    "camera_parameters": {
        "intrinsic_matrix": [
            [
                2666.666666666667,
                0,
                960.0
            ],
            [
                0,
                2250.0,
                540.0
            ],
            [
                0,
                0,
                1
            ]
        ],
        "extrinsic_matrix": [
            [
                -0.62668377161026,
                0.7792737483978271,
                -1.0058284516389904e-07,
                -0.11446922272443771
            ],
            [
                -0.06814321875572205,
                -0.054799944162368774,
                0.99616938829422,
                -1.088679313659668
            ],
            [
                0.776288628578186,
                0.6242831349372864,
                0.08744441717863083,
                -11.528891563415527
            ],
            [
                -0.0,
                -0.0,
                -0.0,
                1.0
            ]
        ],
        "camera_location": [
            8.803824424743652,
            7.226835250854492,
            2.092646360397339
        ],
        "camera_rotation_euler": [
            1.1093189716339111,
            0.0,
            0.8149281740188599
        ],
        "camera_rotation_quaternion": [
            0.31857526302337646,
            0.2918354868888855,
            0.6091878414154053,
            0.6650052666664124
        ],
        "focal_length": 50.0,
        "sensor_width": 36.0,
        "sensor_height": 24.0
    },
    "objects": [
        {
            "object_name": "Cube",
            "bbox_2d": {
                "x_min": 430.7218837738037,
                "y_min": 83.7965440750122,
                "x_max": 1436.470069885254,
                "y_max": 952.8501042723656,
                "width": 1005.7481861114502,
                "height": 869.0535601973534,
                "center_x": 933.5959768295288,
                "center_y": 518.3233241736889
            },
            "visible_vertices": 8,
            "total_vertices": 8
        }
    ],
    "metadata": {
        "total_objects": 1,
        "render_settings": {
            "resolution_percentage": 50,
            "file_format": "PNG"
        }
    }
}