{
    "frame": "609",
    "image_filename": "render_609.png",
    "image_resolution": {
        "width": 1920,
        "height": 1080
    },
    "camera_parameters": {
        "intrinsic_matrix": [
            [
                2666.666666666667,
                0,
                960.0
            ],
            [
                0,
                2250.0,
                540.0
            ],
            [
                0,
                0,
                1
            ]
        ],
        "extrinsic_matrix": [
            [
                -0.9692744612693787,
                -0.24598194658756256,
                2.980232594040899e-08,
                -0.12189988046884537
            ],
            [
                0.04945710301399231,
                -0.1948821246623993,
                0.979578971862793,
                -1.0494215488433838
            ],
            [
                -0.24095875024795532,
                0.9494808316230774,
                0.20105977356433868,
                -11.80234146118164
            ],
            [
                -0.0,
                0.0,
                -0.0,
                1.0
            ]
        ],
        "camera_location": [
            -2.910130500793457,
            10.971598625183105,
            3.400967597961426
        ],
        "camera_rotation_euler": [
            1.1093189716339111,
            0.0,
            0.8149281740188599
        ],
        "camera_rotation_quaternion": [
            0.09605112671852112,
            0.0783388540148735,
            -0.627162754535675,
            -0.7689629793167114
        ],
        "focal_length": 50.0,
        "sensor_width": 36.0,
        "sensor_height": 24.0
    },
    "objects": [
        {
            "object_name": "Cube",
            "bbox_2d": {
                "x_min": 541.3777542114258,
                "y_min": 83.5844349861145,
                "x_max": 1373.1472778320312,
                "y_max": 1046.569430977106,
                "width": 831.7695236206055,
                "height": 962.9849959909916,
                "center_x": 957.2625160217285,
                "center_y": 565.0769329816103
            },
            "visible_vertices": 8,
            "total_vertices": 8
        }
    ],
    "metadata": {
        "total_objects": 1,
        "render_settings": {
            "resolution_percentage": 50,
            "file_format": "PNG"
        }
    }
}