{
    "frame": "302",
    "image_filename": "render_302.png",
    "image_resolution": {
        "width": 1920,
        "height": 1080
    },
    "camera_parameters": {
        "intrinsic_matrix": [
            [
                2666.666666666667,
                0,
                960.0
            ],
            [
                0,
                2250.0,
                540.0
            ],
            [
                0,
                0,
                1
            ]
        ],
        "extrinsic_matrix": [
            [
                0.695684015750885,
                -0.7183479070663452,
                1.4901157641133977e-08,
                0.12149655818939209
            ],
            [
                0.0451073944568634,
                0.043684378266334534,
                0.9980264902114868,
                -1.079103946685791
            ],
            [
                -0.7169302701950073,
                -0.6943110823631287,
                0.06279335170984268,
                -11.654213905334473
            ],
            [
                -0.0,
                0.0,
                -0.0,
                1.0
            ]
        ],
        "camera_location": [
            -8.391106605529785,
            -7.957234859466553,
            1.808781385421753
        ],
        "camera_rotation_euler": [
            1.1093189716339111,
            0.0,
            0.8149281740188599
        ],
        "camera_rotation_quaternion": [
            0.6712231636047363,
            0.6303186416625977,
            -0.26702386140823364,
            -0.28435230255126953
        ],
        "focal_length": 50.0,
        "sensor_width": 36.0,
        "sensor_height": 24.0
    },
    "objects": [
        {
            "object_name": "Cube",
            "bbox_2d": {
                "x_min": 422.8640842437744,
                "y_min": 101.73524379730225,
                "x_max": 1451.945457458496,
                "y_max": 994.998232126236,
                "width": 1029.0813732147217,
                "height": 893.2629883289337,
                "center_x": 937.4047708511353,
                "center_y": 548.3667379617691
            },
            "visible_vertices": 8,
            "total_vertices": 8
        }
    ],
    "metadata": {
        "total_objects": 1,
        "render_settings": {
            "resolution_percentage": 50,
            "file_format": "PNG"
        }
    }
}