{
    "frame": "45",
    "image_filename": "render_045.png",
    "image_resolution": {
        "width": 1920,
        "height": 1080
    },
    "camera_parameters": {
        "intrinsic_matrix": [
            [
                2666.666666666667,
                0,
                960.0
            ],
            [
                0,
                2250.0,
                540.0
            ],
            [
                0,
                0,
                1
            ]
        ],
        "extrinsic_matrix": [
            [
                0.970568060874939,
                0.24082675576210022,
                5.5879341154252415e-09,
                0.12227057665586472
            ],
            [
                -0.009184475056827068,
                0.03701486065983772,
                0.9992724061012268,
                -1.087554931640625
            ],
            [
                0.24065157771110535,
                -0.9698618650436401,
                0.03813731297850609,
                -11.487309455871582
            ],
            [
                -0.0,
                0.0,
                -0.0,
                1.0
            ]
        ],
        "camera_location": [
            2.6357791423797607,
            -11.130297660827637,
            1.524859070777893
        ],
        "camera_rotation_euler": [
            1.1093189716339111,
            0.0,
            0.8149281740188599
        ],
        "camera_rotation_quaternion": [
            0.7151434421539307,
            0.6883705258369446,
            0.0841270461678505,
            0.08739900588989258
        ],
        "focal_length": 50.0,
        "sensor_width": 36.0,
        "sensor_height": 24.0
    },
    "objects": [
        {
            "object_name": "Cube",
            "bbox_2d": {
                "x_min": 528.8257026672363,
                "y_min": 62.23905086517334,
                "x_max": 1369.8723220825195,
                "y_max": 936.4264637231827,
                "width": 841.0466194152832,
                "height": 874.1874128580093,
                "center_x": 949.3490123748779,
                "center_y": 499.332757294178
            },
            "visible_vertices": 8,
            "total_vertices": 8
        }
    ],
    "metadata": {
        "total_objects": 1,
        "render_settings": {
            "resolution_percentage": 50,
            "file_format": "PNG"
        }
    }
}