{
    "frame": "154",
    "image_filename": "render_154.png",
    "image_resolution": {
        "width": 1920,
        "height": 1080
    },
    "camera_parameters": {
        "intrinsic_matrix": [
            [
                2666.666666666667,
                0,
                960.0
            ],
            [
                0,
                2250.0,
                540.0
            ],
            [
                0,
                0,
                1
            ]
        ],
        "extrinsic_matrix": [
            [
                -0.41132789850234985,
                -0.9114874601364136,
                2.9802322387695312e-08,
                -0.021059980615973473
            ],
            [
                -0.10796324908733368,
                0.04872072860598564,
                0.9929603934288025,
                -1.0945208072662354
            ],
            [
                -0.9050709009170532,
                0.4084323048591614,
                -0.11844733357429504,
                -11.750612258911133
            ],
            [
                0.0,
                0.0,
                -0.0,
                1.0
            ]
        ],
        "camera_location": [
            -10.761967658996582,
            4.833459854125977,
            -0.30501317977905273
        ],
        "camera_rotation_euler": [
            1.1093189716339111,
            0.0,
            0.8149281740188599
        ],
        "camera_rotation_quaternion": [
            0.3601893484592438,
            0.40570884943008423,
            -0.6281910538673401,
            -0.5577095746994019
        ],
        "focal_length": 50.0,
        "sensor_width": 36.0,
        "sensor_height": 24.0
    },
    "objects": [
        {
            "object_name": "Cube",
            "bbox_2d": {
                "x_min": 506.3254737854004,
                "y_min": 193.35516929626465,
                "x_max": 1416.6382598876953,
                "y_max": 995.7382240891457,
                "width": 910.3127861022949,
                "height": 802.383054792881,
                "center_x": 961.4818668365479,
                "center_y": 594.5466966927052
            },
            "visible_vertices": 8,
            "total_vertices": 8
        }
    ],
    "metadata": {
        "total_objects": 1,
        "render_settings": {
            "resolution_percentage": 50,
            "file_format": "PNG"
        }
    }
}