{
    "frame": "906",
    "image_filename": "render_906.png",
    "image_resolution": {
        "width": 1920,
        "height": 1080
    },
    "camera_parameters": {
        "intrinsic_matrix": [
            [
                2666.666666666667,
                0,
                960.0
            ],
            [
                0,
                2250.0,
                540.0
            ],
            [
                0,
                0,
                1
            ]
        ],
        "extrinsic_matrix": [
            [
                -0.5462665557861328,
                -0.8376111388206482,
                -1.2852245845351717e-07,
                -0.04214007779955864
            ],
            [
                0.05275639146566391,
                -0.034406255930662155,
                0.9980144500732422,
                -1.0750887393951416
            ],
            [
                -0.8359480500221252,
                0.5451821088790894,
                0.06298457086086273,
                -11.717635154724121
            ],
            [
                -0.0,
                0.0,
                -0.0,
                1.0
            ]
        ],
        "camera_location": [
            -9.761640548706055,
            6.315958023071289,
            1.8109819889068604
        ],
        "camera_rotation_euler": [
            1.1093189716339111,
            0.0,
            0.8149281740188599
        ],
        "camera_rotation_quaternion": [
            0.3472432792186737,
            0.32601964473724365,
            -0.6018463373184204,
            -0.6410260796546936
        ],
        "focal_length": 50.0,
        "sensor_width": 36.0,
        "sensor_height": 24.0
    },
    "objects": [
        {
            "object_name": "Cube",
            "bbox_2d": {
                "x_min": 484.9430465698242,
                "y_min": 123.95970582962036,
                "x_max": 1420.6525039672852,
                "y_max": 1059.0697453916073,
                "width": 935.7094573974609,
                "height": 935.1100395619869,
                "center_x": 952.7977752685547,
                "center_y": 591.5147256106138
            },
            "visible_vertices": 8,
            "total_vertices": 8
        }
    ],
    "metadata": {
        "total_objects": 1,
        "render_settings": {
            "resolution_percentage": 50,
            "file_format": "PNG"
        }
    }
}