{
    "frame": "3",
    "image_filename": "render_003.png",
    "image_resolution": {
        "width": 1920,
        "height": 1080
    },
    "camera_parameters": {
        "intrinsic_matrix": [
            [
                2666.666666666667,
                0,
                960.0
            ],
            [
                0,
                2250.0,
                540.0
            ],
            [
                0,
                0,
                1
            ]
        ],
        "extrinsic_matrix": [
            [
                -0.5403961539268494,
                -0.841410756111145,
                1.0430814256778831e-07,
                -0.041201259940862656
            ],
            [
                -0.12739147245883942,
                0.08181724697351456,
                0.9884722232818604,
                -1.0935370922088623
            ],
            [
                -0.8317111730575562,
                0.5341665148735046,
                -0.1514023393392563,
                -10.95884895324707
            ],
            [
                0.0,
                0.0,
                -0.0,
                1.0
            ]
        ],
        "camera_location": [
            -9.276169776916504,
            5.90865421295166,
            -0.5782636404037476
        ],
        "camera_rotation_euler": [
            1.1093189716339111,
            0.0,
            0.8149281740188599
        ],
        "camera_rotation_quaternion": [
            0.31225743889808655,
            0.3637268543243408,
            -0.6658858060836792,
            -0.5716590881347656
        ],
        "focal_length": 50.0,
        "sensor_width": 36.0,
        "sensor_height": 24.0
    },
    "objects": [
        {
            "object_name": "Cube",
            "bbox_2d": {
                "x_min": 473.67344856262207,
                "y_min": 186.45534753799438,
                "x_max": 1430.4667282104492,
                "y_max": 1019.8143960535526,
                "width": 956.7932796478271,
                "height": 833.3590485155582,
                "center_x": 952.0700883865356,
                "center_y": 603.1348717957735
            },
            "visible_vertices": 8,
            "total_vertices": 8
        }
    ],
    "metadata": {
        "total_objects": 1,
        "render_settings": {
            "resolution_percentage": 50,
            "file_format": "PNG"
        }
    }
}