{
    "frame": "501",
    "image_filename": "render_501.png",
    "image_resolution": {
        "width": 1920,
        "height": 1080
    },
    "camera_parameters": {
        "intrinsic_matrix": [
            [
                2666.666666666667,
                0,
                960.0
            ],
            [
                0,
                2250.0,
                540.0
            ],
            [
                0,
                0,
                1
            ]
        ],
        "extrinsic_matrix": [
            [
                0.4625994563102722,
                0.8865672945976257,
                7.450578820566989e-09,
                0.028952276334166527
            ],
            [
                -0.14195236563682556,
                0.07406903058290482,
                0.9870983362197876,
                -1.093724012374878
            ],
            [
                0.875129222869873,
                -0.456631064414978,
                0.16011469066143036,
                -11.553330421447754
            ],
            [
                -0.0,
                0.0,
                -0.0,
                1.0
            ]
        ],
        "camera_location": [
            9.942008018493652,
            -5.220268726348877,
            2.9294707775115967
        ],
        "camera_rotation_euler": [
            1.1093189716339111,
            0.0,
            0.8149281740188599
        ],
        "camera_rotation_quaternion": [
            0.651303231716156,
            0.5541695952415466,
            0.3359147608280182,
            0.3947930634021759
        ],
        "focal_length": 50.0,
        "sensor_width": 36.0,
        "sensor_height": 24.0
    },
    "objects": [
        {
            "object_name": "Cube",
            "bbox_2d": {
                "x_min": 497.2674751281738,
                "y_min": 89.08839225769043,
                "x_max": 1420.9980010986328,
                "y_max": 881.4418655633926,
                "width": 923.730525970459,
                "height": 792.3534733057022,
                "center_x": 959.1327381134033,
                "center_y": 485.26512891054153
            },
            "visible_vertices": 8,
            "total_vertices": 8
        }
    ],
    "metadata": {
        "total_objects": 1,
        "render_settings": {
            "resolution_percentage": 50,
            "file_format": "PNG"
        }
    }
}