{
    "frame": "745",
    "image_filename": "render_745.png",
    "image_resolution": {
        "width": 1920,
        "height": 1080
    },
    "camera_parameters": {
        "intrinsic_matrix": [
            [
                2666.666666666667,
                0,
                960.0
            ],
            [
                0,
                2250.0,
                540.0
            ],
            [
                0,
                0,
                1
            ]
        ],
        "extrinsic_matrix": [
            [
                -0.9991134405136108,
                -0.04210010915994644,
                -4.936009645462036e-08,
                -0.13368728756904602
            ],
            [
                0.007914756424725056,
                -0.18783292174339294,
                0.9821690917015076,
                -1.0581272840499878
            ],
            [
                -0.041349440813064575,
                0.9812982678413391,
                0.18799959123134613,
                -11.762343406677246
            ],
            [
                0.0,
                0.0,
                -0.0,
                1.0
            ]
        ],
        "camera_location": [
            -0.6115601658821106,
            11.337987899780273,
            3.2505757808685303
        ],
        "camera_rotation_euler": [
            1.1093189716339111,
            0.0,
            0.8149281740188599
        ],
        "camera_rotation_quaternion": [
            0.016227150335907936,
            0.01341569796204567,
            -0.6370401978492737,
            -0.7705429792404175
        ],
        "focal_length": 50.0,
        "sensor_width": 36.0,
        "sensor_height": 24.0
    },
    "objects": [
        {
            "object_name": "Cube",
            "bbox_2d": {
                "x_min": 585.461254119873,
                "y_min": 87.43889808654785,
                "x_max": 1442.5133514404297,
                "y_max": 1026.1724062263966,
                "width": 857.0520973205566,
                "height": 938.7335081398487,
                "center_x": 1013.9873027801514,
                "center_y": 556.8056521564722
            },
            "visible_vertices": 8,
            "total_vertices": 8
        }
    ],
    "metadata": {
        "total_objects": 1,
        "render_settings": {
            "resolution_percentage": 50,
            "file_format": "PNG"
        }
    }
}