{
    "frame": "496",
    "image_filename": "render_496.png",
    "image_resolution": {
        "width": 1920,
        "height": 1080
    },
    "camera_parameters": {
        "intrinsic_matrix": [
            [
                2666.666666666667,
                0,
                960.0
            ],
            [
                0,
                2250.0,
                540.0
            ],
            [
                0,
                0,
                1
            ]
        ],
        "extrinsic_matrix": [
            [
                -0.38923192024230957,
                -0.9211397767066956,
                -1.0803341865539551e-07,
                -0.017702113837003708
            ],
            [
                0.0076240915805101395,
                -0.0032217164989560843,
                0.9999657869338989,
                -1.0845016241073608
            ],
            [
                -0.9211081862449646,
                0.38921859860420227,
                0.008276843465864658,
                -11.66384506225586
            ],
            [
                0.0,
                0.0,
                -0.0,
                1.0
            ]
        ],
        "camera_location": [
            -10.742286682128906,
            4.519986152648926,
            1.1810044050216675
        ],
        "camera_rotation_euler": [
            1.1093189716339111,
            0.0,
            0.8149281740188599
        ],
        "camera_rotation_quaternion": [
            0.3923720121383667,
            0.38913780450820923,
            -0.5868844389915466,
            -0.5917623043060303
        ],
        "focal_length": 50.0,
        "sensor_width": 36.0,
        "sensor_height": 24.0
    },
    "objects": [
        {
            "object_name": "Cube",
            "bbox_2d": {
                "x_min": 492.4981498718262,
                "y_min": 141.905357837677,
                "x_max": 1421.6516876220703,
                "y_max": 1044.6328090131283,
                "width": 929.1535377502441,
                "height": 902.7274511754513,
                "center_x": 957.0749187469482,
                "center_y": 593.2690834254026
            },
            "visible_vertices": 8,
            "total_vertices": 8
        }
    ],
    "metadata": {
        "total_objects": 1,
        "render_settings": {
            "resolution_percentage": 50,
            "file_format": "PNG"
        }
    }
}