{
    "frame": "931",
    "image_filename": "render_931.png",
    "image_resolution": {
        "width": 1920,
        "height": 1080
    },
    "camera_parameters": {
        "intrinsic_matrix": [
            [
                2666.666666666667,
                0,
                960.0
            ],
            [
                0,
                2250.0,
                540.0
            ],
            [
                0,
                0,
                1
            ]
        ],
        "extrinsic_matrix": [
            [
                -0.5540854334831238,
                -0.8324596881866455,
                -7.450579175838357e-08,
                -0.04339592158794403
            ],
            [
                0.09590903669595718,
                -0.06383713334798813,
                0.993340790271759,
                -1.0630519390106201
            ],
            [
                -0.8269162774085999,
                0.5503957867622375,
                0.11521171033382416,
                -11.773314476013184
            ],
            [
                0.0,
                0.0,
                -0.0,
                1.0
            ]
        ],
        "camera_location": [
            -9.657635688781738,
            6.375996112823486,
            2.4123964309692383
        ],
        "camera_rotation_euler": [
            1.1093189716339111,
            0.0,
            0.8149281740188599
        ],
        "camera_rotation_quaternion": [
            0.35259363055229187,
            0.31406208872795105,
            -0.5863097906112671,
            -0.6582428216934204
        ],
        "focal_length": 50.0,
        "sensor_width": 36.0,
        "sensor_height": 24.0
    },
    "objects": [
        {
            "object_name": "Cube",
            "bbox_2d": {
                "x_min": 482.37396240234375,
                "y_min": 107.05625295639038,
                "x_max": 1423.784408569336,
                "y_max": 1070.137506723404,
                "width": 941.4104461669922,
                "height": 963.0812537670135,
                "center_x": 953.0791854858398,
                "center_y": 588.5968798398972
            },
            "visible_vertices": 8,
            "total_vertices": 8
        }
    ],
    "metadata": {
        "total_objects": 1,
        "render_settings": {
            "resolution_percentage": 50,
            "file_format": "PNG"
        }
    }
}