{
    "frame": "980",
    "image_filename": "render_980.png",
    "image_resolution": {
        "width": 1920,
        "height": 1080
    },
    "camera_parameters": {
        "intrinsic_matrix": [
            [
                2666.666666666667,
                0,
                960.0
            ],
            [
                0,
                2250.0,
                540.0
            ],
            [
                0,
                0,
                1
            ]
        ],
        "extrinsic_matrix": [
            [
                0.7674360275268555,
                -0.6411255598068237,
                -1.862645149230957e-08,
                0.12827879190444946
            ],
            [
                0.058026060461997986,
                0.06945796310901642,
                0.9958959221839905,
                -1.0760189294815063
            ],
            [
                -0.6384943127632141,
                -0.7642863392829895,
                0.09050653874874115,
                -11.671024322509766
            ],
            [
                -0.0,
                0.0,
                -0.0,
                1.0
            ]
        ],
        "camera_location": [
            -7.487889766693115,
            -8.763023376464844,
            2.127906560897827
        ],
        "camera_rotation_euler": [
            1.1093189716339111,
            0.0,
            0.8149281740188599
        ],
        "camera_rotation_quaternion": [
            0.6941542625427246,
            0.633930504322052,
            -0.22995401918888092,
            -0.2517997920513153
        ],
        "focal_length": 50.0,
        "sensor_width": 36.0,
        "sensor_height": 24.0
    },
    "objects": [
        {
            "object_name": "Cube",
            "bbox_2d": {
                "x_min": 424.5821285247803,
                "y_min": 96.04454040527344,
                "x_max": 1469.26025390625,
                "y_max": 985.3887891769409,
                "width": 1044.6781253814697,
                "height": 889.3442487716675,
                "center_x": 946.9211912155151,
                "center_y": 540.7166647911072
            },
            "visible_vertices": 8,
            "total_vertices": 8
        }
    ],
    "metadata": {
        "total_objects": 1,
        "render_settings": {
            "resolution_percentage": 50,
            "file_format": "PNG"
        }
    }
}