{
    "frame": "182",
    "image_filename": "render_182.png",
    "image_resolution": {
        "width": 1920,
        "height": 1080
    },
    "camera_parameters": {
        "intrinsic_matrix": [
            [
                2666.666666666667,
                0,
                960.0
            ],
            [
                0,
                2250.0,
                540.0
            ],
            [
                0,
                0,
                1
            ]
        ],
        "extrinsic_matrix": [
            [
                -0.7687757015228271,
                0.6395184397697449,
                0.0,
                -0.12839820981025696
            ],
            [
                0.03577204421162605,
                0.04300222173333168,
                0.99843430519104,
                -1.0807844400405884
            ],
            [
                0.6385171413421631,
                0.7675721049308777,
                -0.05593585968017578,
                -11.397324562072754
            ],
            [
                -0.0,
                0.0,
                -0.0,
                1.0
            ]
        ],
        "camera_location": [
            7.217339515686035,
            8.876856803894043,
            0.44157224893569946
        ],
        "camera_rotation_euler": [
            1.1093189716339111,
            0.0,
            0.8149281740188599
        ],
        "camera_rotation_quaternion": [
            0.23360785841941833,
            0.24706171452999115,
            0.6833216547966003,
            0.646111011505127
        ],
        "focal_length": 50.0,
        "sensor_width": 36.0,
        "sensor_height": 24.0
    },
    "objects": [
        {
            "object_name": "Cube",
            "bbox_2d": {
                "x_min": 425.77637672424316,
                "y_min": 92.58816003799438,
                "x_max": 1470.5545806884766,
                "y_max": 981.0681849718094,
                "width": 1044.7782039642334,
                "height": 888.480024933815,
                "center_x": 948.1654787063599,
                "center_y": 536.8281725049019
            },
            "visible_vertices": 8,
            "total_vertices": 8
        }
    ],
    "metadata": {
        "total_objects": 1,
        "render_settings": {
            "resolution_percentage": 50,
            "file_format": "PNG"
        }
    }
}