{
    "frame": "837",
    "image_filename": "render_837.png",
    "image_resolution": {
        "width": 1920,
        "height": 1080
    },
    "camera_parameters": {
        "intrinsic_matrix": [
            [
                2666.666666666667,
                0,
                960.0
            ],
            [
                0,
                2250.0,
                540.0
            ],
            [
                0,
                0,
                1
            ]
        ],
        "extrinsic_matrix": [
            [
                0.9229961633682251,
                -0.3848089277744293,
                -1.862644793959589e-08,
                0.13960352540016174
            ],
            [
                0.04196133464574814,
                0.10064779222011566,
                0.9940366744995117,
                -1.07736337184906
            ],
            [
                -0.38251423835754395,
                -0.9174920916557312,
                0.1090446412563324,
                -11.650664329528809
            ],
            [
                -0.0,
                0.0,
                -0.0,
                1.0
            ]
        ],
        "camera_location": [
            -4.540192127227783,
            -10.527241706848145,
            2.341381788253784
        ],
        "camera_rotation_euler": [
            1.1093189716339111,
            0.0,
            0.8149281740188599
        ],
        "camera_rotation_quaternion": [
            0.7301864624023438,
            0.6544661521911621,
            -0.13096460700035095,
            -0.14611691236495972
        ],
        "focal_length": 50.0,
        "sensor_width": 36.0,
        "sensor_height": 24.0
    },
    "objects": [
        {
            "object_name": "Cube",
            "bbox_2d": {
                "x_min": 461.96276664733887,
                "y_min": 88.94078493118286,
                "x_max": 1491.4767837524414,
                "y_max": 958.4337070584297,
                "width": 1029.5140171051025,
                "height": 869.4929221272469,
                "center_x": 976.7197751998901,
                "center_y": 523.6872459948063
            },
            "visible_vertices": 8,
            "total_vertices": 8
        }
    ],
    "metadata": {
        "total_objects": 1,
        "render_settings": {
            "resolution_percentage": 50,
            "file_format": "PNG"
        }
    }
}