{
    "frame": "340",
    "image_filename": "render_340.png",
    "image_resolution": {
        "width": 1920,
        "height": 1080
    },
    "camera_parameters": {
        "intrinsic_matrix": [
            [
                2666.666666666667,
                0,
                960.0
            ],
            [
                0,
                2250.0,
                540.0
            ],
            [
                0,
                0,
                1
            ]
        ],
        "extrinsic_matrix": [
            [
                -0.9621756672859192,
                0.2724289894104004,
                -7.078048014363958e-08,
                -0.14063741266727448
            ],
            [
                -0.05715019255876541,
                -0.2018449902534485,
                0.9777485132217407,
                -1.0616034269332886
            ],
            [
                0.2663670480251312,
                0.9407659769058228,
                0.20977997779846191,
                -11.742780685424805
            ],
            [
                -0.0,
                -0.0,
                -0.0,
                1.0
            ]
        ],
        "camera_location": [
            2.9319019317626953,
            10.871246337890625,
            3.5013797283172607
        ],
        "camera_rotation_euler": [
            1.1093189716339111,
            0.0,
            0.8149281740188599
        ],
        "camera_rotation_quaternion": [
            0.10695664584636688,
            0.08644269406795502,
            0.6226056218147278,
            0.7703572511672974
        ],
        "focal_length": 50.0,
        "sensor_width": 36.0,
        "sensor_height": 24.0
    },
    "objects": [
        {
            "object_name": "Cube",
            "bbox_2d": {
                "x_min": 495.5581855773926,
                "y_min": 87.71003723144531,
                "x_max": 1497.2135925292969,
                "y_max": 990.5096384882927,
                "width": 1001.6554069519043,
                "height": 902.7996012568474,
                "center_x": 996.3858890533447,
                "center_y": 539.109837859869
            },
            "visible_vertices": 8,
            "total_vertices": 8
        }
    ],
    "metadata": {
        "total_objects": 1,
        "render_settings": {
            "resolution_percentage": 50,
            "file_format": "PNG"
        }
    }
}