{
    "frame": "61",
    "image_filename": "render_061.png",
    "image_resolution": {
        "width": 1920,
        "height": 1080
    },
    "camera_parameters": {
        "intrinsic_matrix": [
            [
                2666.666666666667,
                0,
                960.0
            ],
            [
                0,
                2250.0,
                540.0
            ],
            [
                0,
                0,
                1
            ]
        ],
        "extrinsic_matrix": [
            [
                -0.8677825927734375,
                -0.4969436228275299,
                9.499485997821466e-08,
                -0.09862007945775986
            ],
            [
                0.02711683325469494,
                -0.047352176159620285,
                0.9985100030899048,
                -1.078607201576233
            ],
            [
                -0.4962032437324524,
                0.866489827632904,
                0.05456718057394028,
                -11.674702644348145
            ],
            [
                -0.0,
                0.0,
                -0.0,
                1.0
            ]
        ],
        "camera_location": [
            -5.849359512329102,
            10.015929222106934,
            1.7140531539916992
        ],
        "camera_rotation_euler": [
            1.1093189716339111,
            0.0,
            0.8149281740188599
        ],
        "camera_rotation_quaternion": [
            0.18670298159122467,
            0.1767784208059311,
            -0.6644289493560791,
            -0.7017303705215454
        ],
        "focal_length": 50.0,
        "sensor_width": 36.0,
        "sensor_height": 24.0
    },
    "objects": [
        {
            "object_name": "Cube",
            "bbox_2d": {
                "x_min": 505.8317184448242,
                "y_min": 123.24516534805298,
                "x_max": 1384.9298858642578,
                "y_max": 1046.5640679001808,
                "width": 879.0981674194336,
                "height": 923.3189025521278,
                "center_x": 945.380802154541,
                "center_y": 584.9046166241169
            },
            "visible_vertices": 8,
            "total_vertices": 8
        }
    ],
    "metadata": {
        "total_objects": 1,
        "render_settings": {
            "resolution_percentage": 50,
            "file_format": "PNG"
        }
    }
}