{
    "frame": "137",
    "image_filename": "render_137.png",
    "image_resolution": {
        "width": 1920,
        "height": 1080
    },
    "camera_parameters": {
        "intrinsic_matrix": [
            [
                2666.666666666667,
                0,
                960.0
            ],
            [
                0,
                2250.0,
                540.0
            ],
            [
                0,
                0,
                1
            ]
        ],
        "extrinsic_matrix": [
            [
                -0.589272141456604,
                -0.8079345226287842,
                -1.415610029198433e-07,
                -0.049092113971710205
            ],
            [
                -0.10955822467803955,
                0.0799068734049797,
                0.9907631874084473,
                -1.0935362577438354
            ],
            [
                -0.800471842288971,
                0.5838292241096497,
                -0.1356026977300644,
                -11.498696327209473
            ],
            [
                -0.0,
                0.0,
                -0.0,
                1.0
            ]
        ],
        "camera_location": [
            -9.353118896484375,
            6.760993480682373,
            -0.47581982612609863
        ],
        "camera_rotation_euler": [
            1.1093189716339111,
            0.0,
            0.8149281740188599
        ],
        "camera_rotation_quaternion": [
            0.2979227900505066,
            0.34147611260414124,
            -0.6717108488082886,
            -0.5860381126403809
        ],
        "focal_length": 50.0,
        "sensor_width": 36.0,
        "sensor_height": 24.0
    },
    "objects": [
        {
            "object_name": "Cube",
            "bbox_2d": {
                "x_min": 497.15784072875977,
                "y_min": 194.30505752563477,
                "x_max": 1410.7344818115234,
                "y_max": 1000.0827911496162,
                "width": 913.5766410827637,
                "height": 805.7777336239815,
                "center_x": 953.9461612701416,
                "center_y": 597.1939243376255
            },
            "visible_vertices": 8,
            "total_vertices": 8
        }
    ],
    "metadata": {
        "total_objects": 1,
        "render_settings": {
            "resolution_percentage": 50,
            "file_format": "PNG"
        }
    }
}