{
    "frame": "207",
    "image_filename": "render_207.png",
    "image_resolution": {
        "width": 1920,
        "height": 1080
    },
    "camera_parameters": {
        "intrinsic_matrix": [
            [
                2666.666666666667,
                0,
                960.0
            ],
            [
                0,
                2250.0,
                540.0
            ],
            [
                0,
                0,
                1
            ]
        ],
        "extrinsic_matrix": [
            [
                0.894280731678009,
                -0.44750651717185974,
                -2.2351741790771484e-08,
                0.13809728622436523
            ],
            [
                0.14197248220443726,
                0.28371259570121765,
                0.9483411312103271,
                -1.0211644172668457
            ],
            [
                -0.4243888258934021,
                -0.8480831980705261,
                0.3172523081302643,
                -11.88502311706543
            ],
            [
                -0.0,
                0.0,
                -0.0,
                1.0
            ]
        ],
        "camera_location": [
            -5.0223917961120605,
            -9.727972030639648,
            4.738963603973389
        ],
        "camera_rotation_euler": [
            1.1093189716339111,
            0.0,
            0.8149281740188599
        ],
        "camera_rotation_quaternion": [
            0.7898173332214355,
            0.5686202049255371,
            -0.13433131575584412,
            -0.1865871250629425
        ],
        "focal_length": 50.0,
        "sensor_width": 36.0,
        "sensor_height": 24.0
    },
    "objects": [
        {
            "object_name": "Cube",
            "bbox_2d": {
                "x_min": 442.8237819671631,
                "y_min": 102.21456527709961,
                "x_max": 1483.2144927978516,
                "y_max": 1024.1086234152317,
                "width": 1040.3907108306885,
                "height": 921.8940581381321,
                "center_x": 963.0191373825073,
                "center_y": 563.1615943461657
            },
            "visible_vertices": 8,
            "total_vertices": 8
        }
    ],
    "metadata": {
        "total_objects": 1,
        "render_settings": {
            "resolution_percentage": 50,
            "file_format": "PNG"
        }
    }
}