{
    "frame": "644",
    "image_filename": "render_644.png",
    "image_resolution": {
        "width": 1920,
        "height": 1080
    },
    "camera_parameters": {
        "intrinsic_matrix": [
            [
                2666.666666666667,
                0,
                960.0
            ],
            [
                0,
                2250.0,
                540.0
            ],
            [
                0,
                0,
                1
            ]
        ],
        "extrinsic_matrix": [
            [
                0.7510586977005005,
                -0.6602352857589722,
                -5.960463056453591e-08,
                0.12678679823875427
            ],
            [
                0.14588619768619537,
                0.1659545749425888,
                0.9752825498580933,
                -1.0454117059707642
            ],
            [
                -0.6439160704612732,
                -0.7324944138526917,
                0.22096088528633118,
                -11.814597129821777
            ],
            [
                -0.0,
                0.0,
                -0.0,
                1.0
            ]
        ],
        "camera_location": [
            -7.550323963165283,
            -8.396929740905762,
            3.630136489868164
        ],
        "camera_rotation_euler": [
            1.1093189716339111,
            0.0,
            0.8149281740188599
        ],
        "camera_rotation_quaternion": [
            0.7310907244682312,
            0.5839827060699463,
            -0.22019024193286896,
            -0.27565720677375793
        ],
        "focal_length": 50.0,
        "sensor_width": 36.0,
        "sensor_height": 24.0
    },
    "objects": [
        {
            "object_name": "Cube",
            "bbox_2d": {
                "x_min": 419.4440174102783,
                "y_min": 89.00174617767334,
                "x_max": 1461.9094848632812,
                "y_max": 977.8764018416405,
                "width": 1042.465467453003,
                "height": 888.8746556639671,
                "center_x": 940.6767511367798,
                "center_y": 533.4390740096569
            },
            "visible_vertices": 8,
            "total_vertices": 8
        }
    ],
    "metadata": {
        "total_objects": 1,
        "render_settings": {
            "resolution_percentage": 50,
            "file_format": "PNG"
        }
    }
}