{
    "frame": "540",
    "image_filename": "render_540.png",
    "image_resolution": {
        "width": 1920,
        "height": 1080
    },
    "camera_parameters": {
        "intrinsic_matrix": [
            [
                2666.666666666667,
                0,
                960.0
            ],
            [
                0,
                2250.0,
                540.0
            ],
            [
                0,
                0,
                1
            ]
        ],
        "extrinsic_matrix": [
            [
                0.47344619035720825,
                -0.8808227181434631,
                3.5390257835388184e-08,
                0.09757812321186066
            ],
            [
                -0.06501761823892593,
                -0.0349472276866436,
                0.9972718954086304,
                -1.0902067422866821
            ],
            [
                -0.878419816493988,
                -0.4721546173095703,
                -0.07381463050842285,
                -11.53620719909668
            ],
            [
                -0.0,
                0.0,
                -0.0,
                1.0
            ]
        ],
        "camera_location": [
            -10.250715255737305,
            -5.399024963378906,
            0.23569171130657196
        ],
        "camera_rotation_euler": [
            1.1093189716339111,
            0.0,
            0.8149281740188599
        ],
        "camera_rotation_quaternion": [
            0.5840985774993896,
            0.6289293169975281,
            -0.37597253918647766,
            -0.34917277097702026
        ],
        "focal_length": 50.0,
        "sensor_width": 36.0,
        "sensor_height": 24.0
    },
    "objects": [
        {
            "object_name": "Cube",
            "bbox_2d": {
                "x_min": 451.0905647277832,
                "y_min": 136.95706844329834,
                "x_max": 1387.6842498779297,
                "y_max": 1002.8254196047783,
                "width": 936.5936851501465,
                "height": 865.86835116148,
                "center_x": 919.3874073028564,
                "center_y": 569.8912440240383
            },
            "visible_vertices": 8,
            "total_vertices": 8
        }
    ],
    "metadata": {
        "total_objects": 1,
        "render_settings": {
            "resolution_percentage": 50,
            "file_format": "PNG"
        }
    }
}