{
    "frame": "742",
    "image_filename": "render_742.png",
    "image_resolution": {
        "width": 1920,
        "height": 1080
    },
    "camera_parameters": {
        "intrinsic_matrix": [
            [
                2666.666666666667,
                0,
                960.0
            ],
            [
                0,
                2250.0,
                540.0
            ],
            [
                0,
                0,
                1
            ]
        ],
        "extrinsic_matrix": [
            [
                -0.5659328699111938,
                0.8244509696960449,
                2.272425660976296e-07,
                -0.10795854777097702
            ],
            [
                -0.029099399223923683,
                -0.019975023344159126,
                0.999376654624939,
                -1.0881997346878052
            ],
            [
                0.8239372968673706,
                0.5655803680419922,
                0.0352957658469677,
                -11.463587760925293
            ],
            [
                -0.0,
                0.0,
                -0.0,
                1.0
            ]
        ],
        "camera_location": [
            9.352518081665039,
            6.550851821899414,
            1.492135763168335
        ],
        "camera_rotation_euler": [
            1.1093189716339111,
            0.0,
            0.8149281740188599
        ],
        "camera_rotation_quaternion": [
            0.3351818919181824,
            0.32355308532714844,
            0.6145450472831726,
            0.6366325616836548
        ],
        "focal_length": 50.0,
        "sensor_width": 36.0,
        "sensor_height": 24.0
    },
    "objects": [
        {
            "object_name": "Cube",
            "bbox_2d": {
                "x_min": 434.9739933013916,
                "y_min": 77.28643655776978,
                "x_max": 1416.5153503417969,
                "y_max": 955.1198887825012,
                "width": 981.5413570404053,
                "height": 877.8334522247314,
                "center_x": 925.7446718215942,
                "center_y": 516.2031626701355
            },
            "visible_vertices": 8,
            "total_vertices": 8
        }
    ],
    "metadata": {
        "total_objects": 1,
        "render_settings": {
            "resolution_percentage": 50,
            "file_format": "PNG"
        }
    }
}