{
    "frame": "393",
    "image_filename": "render_393.png",
    "image_resolution": {
        "width": 1920,
        "height": 1080
    },
    "camera_parameters": {
        "intrinsic_matrix": [
            [
                2666.666666666667,
                0,
                960.0
            ],
            [
                0,
                2250.0,
                540.0
            ],
            [
                0,
                0,
                1
            ]
        ],
        "extrinsic_matrix": [
            [
                -0.08422298729419708,
                -0.9964468479156494,
                -1.369043758359112e-07,
                0.026461860164999962
            ],
            [
                0.06549151986837387,
                -0.00553558673709631,
                0.9978376030921936,
                -1.0742685794830322
            ],
            [
                -0.9942922592163086,
                0.08404099196195602,
                0.0657251700758934,
                -11.724530220031738
            ],
            [
                0.0,
                0.0,
                -0.0,
                1.0
            ]
        ],
        "camera_location": [
            -11.585027694702148,
            1.005760908126831,
            1.842541217803955
        ],
        "camera_rotation_euler": [
            1.1093189716339111,
            0.0,
            0.8149281740188599
        ],
        "camera_rotation_quaternion": [
            0.493955135345459,
            0.46248987317085266,
            -0.5032301545143127,
            -0.5374671816825867
        ],
        "focal_length": 50.0,
        "sensor_width": 36.0,
        "sensor_height": 24.0
    },
    "objects": [
        {
            "object_name": "Cube",
            "bbox_2d": {
                "x_min": 531.7527008056641,
                "y_min": 120.14541149139404,
                "x_max": 1425.5033111572266,
                "y_max": 1049.519316405058,
                "width": 893.7506103515625,
                "height": 929.3739049136639,
                "center_x": 978.6280059814453,
                "center_y": 584.832363948226
            },
            "visible_vertices": 8,
            "total_vertices": 8
        }
    ],
    "metadata": {
        "total_objects": 1,
        "render_settings": {
            "resolution_percentage": 50,
            "file_format": "PNG"
        }
    }
}