{
    "frame": "654",
    "image_filename": "render_654.png",
    "image_resolution": {
        "width": 1920,
        "height": 1080
    },
    "camera_parameters": {
        "intrinsic_matrix": [
            [
                2666.666666666667,
                0,
                960.0
            ],
            [
                0,
                2250.0,
                540.0
            ],
            [
                0,
                0,
                1
            ]
        ],
        "extrinsic_matrix": [
            [
                -0.47937387228012085,
                0.8776106238365173,
                -1.4901157641133977e-08,
                -0.09825704991817474
            ],
            [
                -0.26725584268569946,
                -0.1459820717573166,
                0.9525036811828613,
                -1.0647691488265991
            ],
            [
                0.8359274864196777,
                0.4566055238246918,
                0.3045267164707184,
                -11.975918769836426
            ],
            [
                -0.0,
                -0.0,
                -0.0,
                1.0
            ]
        ],
        "camera_location": [
            9.679333686828613,
            5.399065017700195,
            4.6611833572387695
        ],
        "camera_rotation_euler": [
            1.1093189716339111,
            0.0,
            0.8149281740188599
        ],
        "camera_rotation_quaternion": [
            0.41205906867980957,
            0.300866037607193,
            0.5071649551391602,
            0.6946011185646057
        ],
        "focal_length": 50.0,
        "sensor_width": 36.0,
        "sensor_height": 24.0
    },
    "objects": [
        {
            "object_name": "Cube",
            "bbox_2d": {
                "x_min": 469.8775291442871,
                "y_min": 131.0007619857788,
                "x_max": 1388.837013244629,
                "y_max": 1015.8652965724468,
                "width": 918.9594841003418,
                "height": 884.864534586668,
                "center_x": 929.357271194458,
                "center_y": 573.4330292791128
            },
            "visible_vertices": 8,
            "total_vertices": 8
        }
    ],
    "metadata": {
        "total_objects": 1,
        "render_settings": {
            "resolution_percentage": 50,
            "file_format": "PNG"
        }
    }
}