{
    "frame": "689",
    "image_filename": "render_689.png",
    "image_resolution": {
        "width": 1920,
        "height": 1080
    },
    "camera_parameters": {
        "intrinsic_matrix": [
            [
                2666.666666666667,
                0,
                960.0
            ],
            [
                0,
                2250.0,
                540.0
            ],
            [
                0,
                0,
                1
            ]
        ],
        "extrinsic_matrix": [
            [
                -0.8549834489822388,
                0.5186548829078674,
                1.9744028634249844e-07,
                -0.13547904789447784
            ],
            [
                0.023581091314554214,
                0.03887234628200531,
                0.9989659190177917,
                -1.0828560590744019
            ],
            [
                0.5181185603141785,
                0.8540995121002197,
                -0.0454653799533844,
                -11.428281784057617
            ],
            [
                -0.0,
                -0.0,
                -0.0,
                1.0
            ]
        ],
        "camera_location": [
            5.83090877532959,
            9.873250007629395,
            0.5621417760848999
        ],
        "camera_rotation_euler": [
            1.1093189716339111,
            0.0,
            0.8149281740188599
        ],
        "camera_rotation_quaternion": [
            0.18602627515792847,
            0.1946854591369629,
            0.6962976455688477,
            0.6653281450271606
        ],
        "focal_length": 50.0,
        "sensor_width": 36.0,
        "sensor_height": 24.0
    },
    "objects": [
        {
            "object_name": "Cube",
            "bbox_2d": {
                "x_min": 439.674768447876,
                "y_min": 102.12309122085571,
                "x_max": 1487.786979675293,
                "y_max": 985.8382013440132,
                "width": 1048.112211227417,
                "height": 883.7151101231575,
                "center_x": 963.7308740615845,
                "center_y": 543.9806462824345
            },
            "visible_vertices": 8,
            "total_vertices": 8
        }
    ],
    "metadata": {
        "total_objects": 1,
        "render_settings": {
            "resolution_percentage": 50,
            "file_format": "PNG"
        }
    }
}