{
    "frame": "18",
    "image_filename": "render_018.png",
    "image_resolution": {
        "width": 1920,
        "height": 1080
    },
    "camera_parameters": {
        "intrinsic_matrix": [
            [
                2666.666666666667,
                0,
                960.0
            ],
            [
                0,
                2250.0,
                540.0
            ],
            [
                0,
                0,
                1
            ]
        ],
        "extrinsic_matrix": [
            [
                -0.9573155045509338,
                0.2890447974205017,
                -2.2351740014414645e-08,
                -0.1406107097864151
            ],
            [
                -0.08351869881153107,
                -0.2766135632991791,
                0.9573450088500977,
                -1.0401804447174072
            ],
            [
                0.27671560645103455,
                0.9164812564849854,
                0.2889471650123596,
                -11.826409339904785
            ],
            [
                -0.0,
                -0.0,
                -0.0,
                1.0
            ]
        ],
        "camera_location": [
            3.0510692596435547,
            10.591598510742188,
            4.413018703460693
        ],
        "camera_rotation_euler": [
            1.1093189716339111,
            0.0,
            0.8149281740188599
        ],
        "camera_rotation_quaternion": [
            0.11727957427501678,
            0.08710752427577972,
            0.5898633003234863,
            0.7941782474517822
        ],
        "focal_length": 50.0,
        "sensor_width": 36.0,
        "sensor_height": 24.0
    },
    "objects": [
        {
            "object_name": "Cube",
            "bbox_2d": {
                "x_min": 493.09009552001953,
                "y_min": 84.01174306869507,
                "x_max": 1500.365982055664,
                "y_max": 998.4873059391975,
                "width": 1007.2758865356445,
                "height": 914.4755628705025,
                "center_x": 996.7280387878418,
                "center_y": 541.2495245039463
            },
            "visible_vertices": 8,
            "total_vertices": 8
        }
    ],
    "metadata": {
        "total_objects": 1,
        "render_settings": {
            "resolution_percentage": 50,
            "file_format": "PNG"
        }
    }
}