{
    "frame": "880",
    "image_filename": "render_880.png",
    "image_resolution": {
        "width": 1920,
        "height": 1080
    },
    "camera_parameters": {
        "intrinsic_matrix": [
            [
                2666.666666666667,
                0,
                960.0
            ],
            [
                0,
                2250.0,
                540.0
            ],
            [
                0,
                0,
                1
            ]
        ],
        "extrinsic_matrix": [
            [
                -0.9039363265037537,
                0.42766690254211426,
                1.303851426825986e-08,
                -0.13865084946155548
            ],
            [
                -0.01593494787812233,
                -0.03368083015084267,
                0.9993056058883667,
                -1.0858166217803955
            ],
            [
                0.4273699223995209,
                0.903308629989624,
                0.03726024553179741,
                -11.532255172729492
            ],
            [
                -0.0,
                -0.0,
                -0.0,
                1.0
            ]
        ],
        "camera_location": [
            4.785905361175537,
            10.439910888671875,
            1.5147563219070435
        ],
        "camera_rotation_euler": [
            1.1093189716339111,
            0.0,
            0.8149281740188599
        ],
        "camera_rotation_quaternion": [
            0.1578313708305359,
            0.15205612778663635,
            0.6769407987594604,
            0.7026516795158386
        ],
        "focal_length": 50.0,
        "sensor_width": 36.0,
        "sensor_height": 24.0
    },
    "objects": [
        {
            "object_name": "Cube",
            "bbox_2d": {
                "x_min": 457.6280879974365,
                "y_min": 99.87228870391846,
                "x_max": 1495.7789611816406,
                "y_max": 986.993157863617,
                "width": 1038.150873184204,
                "height": 887.1208691596985,
                "center_x": 976.7035245895386,
                "center_y": 543.4327232837677
            },
            "visible_vertices": 8,
            "total_vertices": 8
        }
    ],
    "metadata": {
        "total_objects": 1,
        "render_settings": {
            "resolution_percentage": 50,
            "file_format": "PNG"
        }
    }
}