{
    "frame": "631",
    "image_filename": "render_631.png",
    "image_resolution": {
        "width": 1920,
        "height": 1080
    },
    "camera_parameters": {
        "intrinsic_matrix": [
            [
                2666.666666666667,
                0,
                960.0
            ],
            [
                0,
                2250.0,
                540.0
            ],
            [
                0,
                0,
                1
            ]
        ],
        "extrinsic_matrix": [
            [
                0.7164766788482666,
                0.6976110339164734,
                1.4901159417490817e-08,
                0.07050692290067673
            ],
            [
                -0.06339327245950699,
                0.06510765850543976,
                0.995862603187561,
                -1.0922592878341675
            ],
            [
                0.6947247385978699,
                -0.7135122418403625,
                0.09087198972702026,
                -11.49282169342041
            ],
            [
                -0.0,
                0.0,
                -0.0,
                1.0
            ]
        ],
        "camera_location": [
            7.864589214324951,
            -8.17834186553955,
            2.132115602493286
        ],
        "camera_rotation_euler": [
            1.1093189716339111,
            0.0,
            0.8149281740188599
        ],
        "camera_rotation_quaternion": [
            0.6841886639595032,
            0.624599277973175,
            0.2538498640060425,
            0.2780681848526001
        ],
        "focal_length": 50.0,
        "sensor_width": 36.0,
        "sensor_height": 24.0
    },
    "objects": [
        {
            "object_name": "Cube",
            "bbox_2d": {
                "x_min": 504.84352111816406,
                "y_min": 65.14838933944702,
                "x_max": 1408.018913269043,
                "y_max": 904.1220563650131,
                "width": 903.1753921508789,
                "height": 838.9736670255661,
                "center_x": 956.4312171936035,
                "center_y": 484.6352228522301
            },
            "visible_vertices": 8,
            "total_vertices": 8
        }
    ],
    "metadata": {
        "total_objects": 1,
        "render_settings": {
            "resolution_percentage": 50,
            "file_format": "PNG"
        }
    }
}