{
    "frame": "41",
    "image_filename": "render_041.png",
    "image_resolution": {
        "width": 1920,
        "height": 1080
    },
    "camera_parameters": {
        "intrinsic_matrix": [
            [
                2666.666666666667,
                0,
                960.0
            ],
            [
                0,
                2250.0,
                540.0
            ],
            [
                0,
                0,
                1
            ]
        ],
        "extrinsic_matrix": [
            [
                0.992281436920166,
                0.12400621920824051,
                1.2107190805465962e-08,
                0.1296500265598297
            ],
            [
                -0.012968186289072037,
                0.10376974940299988,
                0.9945166707038879,
                -1.0854414701461792
            ],
            [
                0.12332626432180405,
                -0.9868404269218445,
                0.10457693040370941,
                -11.574685096740723
            ],
            [
                -0.0,
                0.0,
                -0.0,
                1.0
            ]
        ],
        "camera_location": [
            1.284737229347229,
            -11.325811386108398,
            2.2899351119995117
        ],
        "camera_rotation_euler": [
            1.1093189716339111,
            0.0,
            0.8149281740188599
        ],
        "camera_rotation_quaternion": [
            0.7417258024215698,
            0.6678200960159302,
            0.04156734421849251,
            0.04616747796535492
        ],
        "focal_length": 50.0,
        "sensor_width": 36.0,
        "sensor_height": 24.0
    },
    "objects": [
        {
            "object_name": "Cube",
            "bbox_2d": {
                "x_min": 549.8419761657715,
                "y_min": 78.21572542190552,
                "x_max": 1409.9208068847656,
                "y_max": 924.9007648229599,
                "width": 860.0788307189941,
                "height": 846.6850394010544,
                "center_x": 979.8813915252686,
                "center_y": 501.5582451224327
            },
            "visible_vertices": 8,
            "total_vertices": 8
        }
    ],
    "metadata": {
        "total_objects": 1,
        "render_settings": {
            "resolution_percentage": 50,
            "file_format": "PNG"
        }
    }
}