{
    "frame": "60",
    "image_filename": "render_060.png",
    "image_resolution": {
        "width": 1920,
        "height": 1080
    },
    "camera_parameters": {
        "intrinsic_matrix": [
            [
                2666.666666666667,
                0,
                960.0
            ],
            [
                0,
                2250.0,
                540.0
            ],
            [
                0,
                0,
                1
            ]
        ],
        "extrinsic_matrix": [
            [
                0.9818341135978699,
                0.1897415667772293,
                -1.7695128917694092e-08,
                0.12573733925819397
            ],
            [
                0.015695810317993164,
                -0.08121922612190247,
                0.9965726733207703,
                -1.0767606496810913
            ],
            [
                0.1890912652015686,
                -0.9784690141677856,
                -0.08272194862365723,
                -11.362751007080078
            ],
            [
                -0.0,
                0.0,
                -0.0,
                1.0
            ]
        ],
        "camera_location": [
            2.042044162750244,
            -11.229410171508789,
            0.13312138617038727
        ],
        "camera_rotation_euler": [
            1.1093189716339111,
            0.0,
            0.8149281740188599
        ],
        "camera_rotation_quaternion": [
            0.674146294593811,
            0.7324232459068298,
            0.07012249529361725,
            0.06454302370548248
        ],
        "focal_length": 50.0,
        "sensor_width": 36.0,
        "sensor_height": 24.0
    },
    "objects": [
        {
            "object_name": "Cube",
            "bbox_2d": {
                "x_min": 545.1559066772461,
                "y_min": 47.28783845901489,
                "x_max": 1392.9544830322266,
                "y_max": 969.7552147507668,
                "width": 847.7985763549805,
                "height": 922.4673762917519,
                "center_x": 969.0551948547363,
                "center_y": 508.5215266048908
            },
            "visible_vertices": 8,
            "total_vertices": 8
        }
    ],
    "metadata": {
        "total_objects": 1,
        "render_settings": {
            "resolution_percentage": 50,
            "file_format": "PNG"
        }
    }
}