{
    "frame": "191",
    "image_filename": "render_191.png",
    "image_resolution": {
        "width": 1920,
        "height": 1080
    },
    "camera_parameters": {
        "intrinsic_matrix": [
            [
                2666.666666666667,
                0,
                960.0
            ],
            [
                0,
                2250.0,
                540.0
            ],
            [
                0,
                0,
                1
            ]
        ],
        "extrinsic_matrix": [
            [
                -0.37584632635116577,
                0.9266818165779114,
                7.450577754752885e-08,
                -0.08610618859529495
            ],
            [
                0.012001664377748966,
                0.004867688287049532,
                0.9999159574508667,
                -1.084164023399353
            ],
            [
                0.9266040921211243,
                0.37581491470336914,
                -0.012951094657182693,
                -11.390094757080078
            ],
            [
                -0.0,
                0.0,
                -0.0,
                1.0
            ]
        ],
        "camera_location": [
            10.534760475158691,
            4.36563777923584,
            0.9365572929382324
        ],
        "camera_rotation_euler": [
            1.1093189716339111,
            0.0,
            0.8149281740188599
        ],
        "camera_rotation_quaternion": [
            0.3924506902694702,
            0.39756670594215393,
            0.5902680158615112,
            0.5826722383499146
        ],
        "focal_length": 50.0,
        "sensor_width": 36.0,
        "sensor_height": 24.0
    },
    "objects": [
        {
            "object_name": "Cube",
            "bbox_2d": {
                "x_min": 470.1169967651367,
                "y_min": 62.21677780151367,
                "x_max": 1352.5625610351562,
                "y_max": 956.2046465277672,
                "width": 882.4455642700195,
                "height": 893.9878687262535,
                "center_x": 911.3397789001465,
                "center_y": 509.2107121646404
            },
            "visible_vertices": 8,
            "total_vertices": 8
        }
    ],
    "metadata": {
        "total_objects": 1,
        "render_settings": {
            "resolution_percentage": 50,
            "file_format": "PNG"
        }
    }
}