{
    "frame": "976",
    "image_filename": "render_976.png",
    "image_resolution": {
        "width": 1920,
        "height": 1080
    },
    "camera_parameters": {
        "intrinsic_matrix": [
            [
                2666.666666666667,
                0,
                960.0
            ],
            [
                0,
                2250.0,
                540.0
            ],
            [
                0,
                0,
                1
            ]
        ],
        "extrinsic_matrix": [
            [
                -0.7426955699920654,
                -0.669628918170929,
                -2.16066737834808e-07,
                -0.07512171566486359
            ],
            [
                0.1159839928150177,
                -0.1286398023366928,
                0.9848854541778564,
                -1.0486921072006226
            ],
            [
                -0.6595078110694885,
                0.7314702272415161,
                0.17320671677589417,
                -11.820491790771484
            ],
            [
                0.0,
                0.0,
                -0.0,
                1.0
            ]
        ],
        "camera_location": [
            -7.729869842529297,
            8.46113109588623,
            3.080227851867676
        ],
        "camera_rotation_euler": [
            1.1093189716339111,
            0.0,
            0.8149281740188599
        ],
        "camera_rotation_quaternion": [
            0.2747139632701874,
            0.23061741888523102,
            -0.6001769304275513,
            -0.7149375081062317
        ],
        "focal_length": 50.0,
        "sensor_width": 36.0,
        "sensor_height": 24.0
    },
    "objects": [
        {
            "object_name": "Cube",
            "bbox_2d": {
                "x_min": 501.0728645324707,
                "y_min": 89.19615268707275,
                "x_max": 1418.98681640625,
                "y_max": 1075.3162605687976,
                "width": 917.9139518737793,
                "height": 986.1201078817248,
                "center_x": 960.0298404693604,
                "center_y": 582.2562066279352
            },
            "visible_vertices": 8,
            "total_vertices": 8
        }
    ],
    "metadata": {
        "total_objects": 1,
        "render_settings": {
            "resolution_percentage": 50,
            "file_format": "PNG"
        }
    }
}