{
    "frame": "510",
    "image_filename": "render_510.png",
    "image_resolution": {
        "width": 1920,
        "height": 1080
    },
    "camera_parameters": {
        "intrinsic_matrix": [
            [
                2666.666666666667,
                0,
                960.0
            ],
            [
                0,
                2250.0,
                540.0
            ],
            [
                0,
                0,
                1
            ]
        ],
        "extrinsic_matrix": [
            [
                -0.3623792827129364,
                -0.9320307970046997,
                -1.0803343997167758e-07,
                -0.013652528636157513
            ],
            [
                0.1510784775018692,
                -0.05874041095376015,
                0.9867750406265259,
                -1.048644781112671
            ],
            [
                -0.9197046756744385,
                0.35758674144744873,
                0.16209597885608673,
                -11.829455375671387
            ],
            [
                0.0,
                0.0,
                -0.0,
                1.0
            ]
        ],
        "camera_location": [
            -10.726123809814453,
            4.155734539031982,
            2.952284574508667
        ],
        "camera_rotation_euler": [
            1.1093189716339111,
            0.0,
            0.8149281740188599
        ],
        "camera_rotation_quaternion": [
            0.43039989471435547,
            0.3654671907424927,
            -0.5342150330543518,
            -0.6291294693946838
        ],
        "focal_length": 50.0,
        "sensor_width": 36.0,
        "sensor_height": 24.0
    },
    "objects": [
        {
            "object_name": "Cube",
            "bbox_2d": {
                "x_min": 486.7350196838379,
                "y_min": 92.46932744979858,
                "x_max": 1416.5947723388672,
                "y_max": 1076.408659843728,
                "width": 929.8597526550293,
                "height": 983.9393323939294,
                "center_x": 951.6648960113525,
                "center_y": 584.4389936467633
            },
            "visible_vertices": 8,
            "total_vertices": 8
        }
    ],
    "metadata": {
        "total_objects": 1,
        "render_settings": {
            "resolution_percentage": 50,
            "file_format": "PNG"
        }
    }
}