{
    "frame": "229",
    "image_filename": "render_229.png",
    "image_resolution": {
        "width": 1920,
        "height": 1080
    },
    "camera_parameters": {
        "intrinsic_matrix": [
            [
                2666.666666666667,
                0,
                960.0
            ],
            [
                0,
                2250.0,
                540.0
            ],
            [
                0,
                0,
                1
            ]
        ],
        "extrinsic_matrix": [
            [
                -0.964035153388977,
                -0.2657739818096161,
                -1.4901155864777138e-08,
                -0.12043754011392593
            ],
            [
                -0.03849495202302933,
                0.13963183760643005,
                0.9894548654556274,
                -1.084763526916504
            ],
            [
                -0.26297134160995483,
                0.9538695216178894,
                -0.144840806722641,
                -11.429946899414062
            ],
            [
                0.0,
                0.0,
                -0.0,
                1.0
            ]
        ],
        "camera_location": [
            -3.1636133193969727,
            11.022136688232422,
            -0.5822002291679382
        ],
        "camera_rotation_euler": [
            1.1093189716339111,
            0.0,
            0.8149281740188599
        ],
        "camera_rotation_quaternion": [
            0.0876862183213234,
            0.10145662724971771,
            -0.7497513294219971,
            -0.6479897499084473
        ],
        "focal_length": 50.0,
        "sensor_width": 36.0,
        "sensor_height": 24.0
    },
    "objects": [
        {
            "object_name": "Cube",
            "bbox_2d": {
                "x_min": 518.946647644043,
                "y_min": 152.03998804092407,
                "x_max": 1355.9601974487305,
                "y_max": 994.3390765786171,
                "width": 837.0135498046875,
                "height": 842.299088537693,
                "center_x": 937.4534225463867,
                "center_y": 573.1895323097706
            },
            "visible_vertices": 8,
            "total_vertices": 8
        }
    ],
    "metadata": {
        "total_objects": 1,
        "render_settings": {
            "resolution_percentage": 50,
            "file_format": "PNG"
        }
    }
}