{
    "frame": "822",
    "image_filename": "render_822.png",
    "image_resolution": {
        "width": 1920,
        "height": 1080
    },
    "camera_parameters": {
        "intrinsic_matrix": [
            [
                2666.666666666667,
                0,
                960.0
            ],
            [
                0,
                2250.0,
                540.0
            ],
            [
                0,
                0,
                1
            ]
        ],
        "extrinsic_matrix": [
            [
                0.7861584424972534,
                0.618025004863739,
                1.154839708306099e-07,
                0.0829680785536766
            ],
            [
                -0.04316851496696472,
                0.05491241440176964,
                0.997557520866394,
                -1.0909759998321533
            ],
            [
                0.6165155172348022,
                -0.7842382192611694,
                0.06984911113977432,
                -11.477898597717285
            ],
            [
                -0.0,
                0.0,
                -0.0,
                1.0
            ]
        ],
        "camera_location": [
            6.9639811515808105,
            -8.992776870727539,
            1.8900322914123535
        ],
        "camera_rotation_euler": [
            1.1093189716339111,
            0.0,
            0.8149281740188599
        ],
        "camera_rotation_quaternion": [
            0.6911802291870117,
            0.6444759368896484,
            0.22299376130104065,
            0.23915384709835052
        ],
        "focal_length": 50.0,
        "sensor_width": 36.0,
        "sensor_height": 24.0
    },
    "objects": [
        {
            "object_name": "Cube",
            "bbox_2d": {
                "x_min": 499.48219299316406,
                "y_min": 59.7741436958313,
                "x_max": 1399.5320892333984,
                "y_max": 913.5151416063309,
                "width": 900.0498962402344,
                "height": 853.7409979104996,
                "center_x": 949.5071411132812,
                "center_y": 486.6446426510811
            },
            "visible_vertices": 8,
            "total_vertices": 8
        }
    ],
    "metadata": {
        "total_objects": 1,
        "render_settings": {
            "resolution_percentage": 50,
            "file_format": "PNG"
        }
    }
}