{
    "frame": "74",
    "image_filename": "render_074.png",
    "image_resolution": {
        "width": 1920,
        "height": 1080
    },
    "camera_parameters": {
        "intrinsic_matrix": [
            [
                2666.666666666667,
                0,
                960.0
            ],
            [
                0,
                2250.0,
                540.0
            ],
            [
                0,
                0,
                1
            ]
        ],
        "extrinsic_matrix": [
            [
                0.6363768577575684,
                -0.7713782787322998,
                1.3411046495548362e-07,
                0.1154823824763298
            ],
            [
                -0.08825694024562836,
                -0.07281066477298737,
                0.9934331178665161,
                -1.0877474546432495
            ],
            [
                -0.7663127779960632,
                -0.6321978569030762,
                -0.1144145205616951,
                -11.470869064331055
            ],
            [
                -0.0,
                0.0,
                -0.0,
                1.0
            ]
        ],
        "camera_location": [
            -8.95976448059082,
            -7.241977214813232,
            -0.2318294495344162
        ],
        "camera_rotation_euler": [
            1.1093189716339111,
            0.0,
            0.8149281740188599
        ],
        "camera_rotation_quaternion": [
            0.6019036173820496,
            0.6752040982246399,
            -0.3182872533798218,
            -0.2837337553501129
        ],
        "focal_length": 50.0,
        "sensor_width": 36.0,
        "sensor_height": 24.0
    },
    "objects": [
        {
            "object_name": "Cube",
            "bbox_2d": {
                "x_min": 431.0050678253174,
                "y_min": 115.41232109069824,
                "x_max": 1440.1259994506836,
                "y_max": 993.7657302618027,
                "width": 1009.1209316253662,
                "height": 878.3534091711044,
                "center_x": 935.5655336380005,
                "center_y": 554.5890256762505
            },
            "visible_vertices": 8,
            "total_vertices": 8
        }
    ],
    "metadata": {
        "total_objects": 1,
        "render_settings": {
            "resolution_percentage": 50,
            "file_format": "PNG"
        }
    }
}