{
    "frame": "928",
    "image_filename": "render_928.png",
    "image_resolution": {
        "width": 1920,
        "height": 1080
    },
    "camera_parameters": {
        "intrinsic_matrix": [
            [
                2666.666666666667,
                0,
                960.0
            ],
            [
                0,
                2250.0,
                540.0
            ],
            [
                0,
                0,
                1
            ]
        ],
        "extrinsic_matrix": [
            [
                -0.9172124862670898,
                0.3983984589576721,
                1.4156103134155273e-07,
                -0.1393372267484665
            ],
            [
                -0.13512200117111206,
                -0.3110848665237427,
                0.9407274723052979,
                -1.027816653251648
            ],
            [
                0.3747844099998474,
                0.8628469705581665,
                0.33916327357292175,
                -11.865612030029297
            ],
            [
                -0.0,
                0.0,
                -0.0,
                1.0
            ]
        ],
        "camera_location": [
            4.18036413192749,
            9.973980903625488,
            4.991275310516357
        ],
        "camera_rotation_euler": [
            1.1093189716339111,
            0.0,
            0.8149281740188599
        ],
        "camera_rotation_quaternion": [
            0.16648271679878235,
            0.11694987863302231,
            0.5627975463867188,
            0.8011648654937744
        ],
        "focal_length": 50.0,
        "sensor_width": 36.0,
        "sensor_height": 24.0
    },
    "objects": [
        {
            "object_name": "Cube",
            "bbox_2d": {
                "x_min": 470.7103443145752,
                "y_min": 89.88481521606445,
                "x_max": 1505.119285583496,
                "y_max": 1023.6871571838856,
                "width": 1034.408941268921,
                "height": 933.8023419678211,
                "center_x": 987.9148149490356,
                "center_y": 556.785986199975
            },
            "visible_vertices": 8,
            "total_vertices": 8
        }
    ],
    "metadata": {
        "total_objects": 1,
        "render_settings": {
            "resolution_percentage": 50,
            "file_format": "PNG"
        }
    }
}