{
    "frame": "249",
    "image_filename": "render_249.png",
    "image_resolution": {
        "width": 1920,
        "height": 1080
    },
    "camera_parameters": {
        "intrinsic_matrix": [
            [
                2666.666666666667,
                0,
                960.0
            ],
            [
                0,
                2250.0,
                540.0
            ],
            [
                0,
                0,
                1
            ]
        ],
        "extrinsic_matrix": [
            [
                -0.9408191442489624,
                -0.33890843391418457,
                0.0,
                -0.11451500654220581
            ],
            [
                0.07523323595523834,
                -0.2088494598865509,
                0.9750494956970215,
                -1.0404846668243408
            ],
            [
                -0.3304525315761566,
                0.9173454642295837,
                0.22198697924613953,
                -11.835958480834961
            ],
            [
                -0.0,
                0.0,
                -0.0,
                1.0
            ]
        ],
        "camera_location": [
            -3.9406824111938477,
            10.601550102233887,
            3.641951560974121
        ],
        "camera_rotation_euler": [
            1.1093189716339111,
            0.0,
            0.8149281740188599
        ],
        "camera_rotation_quaternion": [
            0.13446003198623657,
            0.10728853195905685,
            -0.6144068241119385,
            -0.7700091004371643
        ],
        "focal_length": 50.0,
        "sensor_width": 36.0,
        "sensor_height": 24.0
    },
    "objects": [
        {
            "object_name": "Cube",
            "bbox_2d": {
                "x_min": 528.6042022705078,
                "y_min": 78.12689065933228,
                "x_max": 1358.0836486816406,
                "y_max": 1056.3986695557833,
                "width": 829.4794464111328,
                "height": 978.271778896451,
                "center_x": 943.3439254760742,
                "center_y": 567.2627801075578
            },
            "visible_vertices": 8,
            "total_vertices": 8
        }
    ],
    "metadata": {
        "total_objects": 1,
        "render_settings": {
            "resolution_percentage": 50,
            "file_format": "PNG"
        }
    }
}