{
    "frame": "467",
    "image_filename": "render_467.png",
    "image_resolution": {
        "width": 1920,
        "height": 1080
    },
    "camera_parameters": {
        "intrinsic_matrix": [
            [
                2666.666666666667,
                0,
                960.0
            ],
            [
                0,
                2250.0,
                540.0
            ],
            [
                0,
                0,
                1
            ]
        ],
        "extrinsic_matrix": [
            [
                -0.9523065686225891,
                0.30514267086982727,
                -7.450579886381092e-08,
                -0.1405446082353592
            ],
            [
                -0.04495786875486374,
                -0.14030678570270538,
                0.9890868067741394,
                -1.0746018886566162
            ],
            [
                0.30181261897087097,
                0.941913902759552,
                0.14733374118804932,
                -11.6702299118042
            ],
            [
                -0.0,
                -0.0,
                -0.0,
                1.0
            ]
        ],
        "camera_location": [
            3.340069055557251,
            10.884464263916016,
            2.782292366027832
        ],
        "camera_rotation_euler": [
            1.1093189716339111,
            0.0,
            0.8149281740188599
        ],
        "camera_rotation_quaternion": [
            0.1169617772102356,
            0.10082968324422836,
            0.6451097130775452,
            0.7483226656913757
        ],
        "focal_length": 50.0,
        "sensor_width": 36.0,
        "sensor_height": 24.0
    },
    "objects": [
        {
            "object_name": "Cube",
            "bbox_2d": {
                "x_min": 486.4771270751953,
                "y_min": 92.90217161178589,
                "x_max": 1497.5696182250977,
                "y_max": 991.4346385002136,
                "width": 1011.0924911499023,
                "height": 898.5324668884277,
                "center_x": 992.0233726501465,
                "center_y": 542.1684050559998
            },
            "visible_vertices": 8,
            "total_vertices": 8
        }
    ],
    "metadata": {
        "total_objects": 1,
        "render_settings": {
            "resolution_percentage": 50,
            "file_format": "PNG"
        }
    }
}