{
    "frame": "81",
    "image_filename": "render_081.png",
    "image_resolution": {
        "width": 1920,
        "height": 1080
    },
    "camera_parameters": {
        "intrinsic_matrix": [
            [
                2666.666666666667,
                0,
                960.0
            ],
            [
                0,
                2250.0,
                540.0
            ],
            [
                0,
                0,
                1
            ]
        ],
        "extrinsic_matrix": [
            [
                -0.8968303799629211,
                0.44237422943115234,
                6.705520405603238e-08,
                -0.13824790716171265
            ],
            [
                0.037896204739809036,
                0.07682737708091736,
                0.9963239431381226,
                -1.0794930458068848
            ],
            [
                0.44074803590774536,
                0.8935337662696838,
                -0.0856652557849884,
                -11.396612167358398
            ],
            [
                -0.0,
                -0.0,
                -0.0,
                1.0
            ]
        ],
        "camera_location": [
            4.9399590492248535,
            10.327349662780762,
            0.09922894835472107
        ],
        "camera_rotation_euler": [
            1.1093189716339111,
            0.0,
            0.8149281740188599
        ],
        "camera_rotation_quaternion": [
            0.1535670906305313,
            0.16733762621879578,
            0.717517077922821,
            0.6584712862968445
        ],
        "focal_length": 50.0,
        "sensor_width": 36.0,
        "sensor_height": 24.0
    },
    "objects": [
        {
            "object_name": "Cube",
            "bbox_2d": {
                "x_min": 451.2728977203369,
                "y_min": 113.06347846984863,
                "x_max": 1491.3159942626953,
                "y_max": 989.85536724329,
                "width": 1040.0430965423584,
                "height": 876.7918887734413,
                "center_x": 971.2944459915161,
                "center_y": 551.4594228565693
            },
            "visible_vertices": 8,
            "total_vertices": 8
        }
    ],
    "metadata": {
        "total_objects": 1,
        "render_settings": {
            "resolution_percentage": 50,
            "file_format": "PNG"
        }
    }
}