{
    "frame": "183",
    "image_filename": "render_183.png",
    "image_resolution": {
        "width": 1920,
        "height": 1080
    },
    "camera_parameters": {
        "intrinsic_matrix": [
            [
                2666.666666666667,
                0,
                960.0
            ],
            [
                0,
                2250.0,
                540.0
            ],
            [
                0,
                0,
                1
            ]
        ],
        "extrinsic_matrix": [
            [
                0.9937523603439331,
                0.11160746961832047,
                1.8626449271863521e-09,
                0.13032035529613495
            ],
            [
                -0.01636112481355667,
                0.14567942917346954,
                0.9891964793205261,
                -1.0817137956619263
            ],
            [
                0.1104017123579979,
                -0.983016312122345,
                0.146595299243927,
                -11.622200965881348
            ],
            [
                -0.0,
                0.0,
                -0.0,
                1.0
            ]
        ],
        "camera_location": [
            1.13590669631958,
            -11.28177547454834,
            2.7737877368927
        ],
        "camera_rotation_euler": [
            1.1093189716339111,
            0.0,
            0.8149281740188599
        ],
        "camera_rotation_quaternion": [
            0.7559807300567627,
            0.6522035002708435,
            0.0365094393491745,
            0.042318738996982574
        ],
        "focal_length": 50.0,
        "sensor_width": 36.0,
        "sensor_height": 24.0
    },
    "objects": [
        {
            "object_name": "Cube",
            "bbox_2d": {
                "x_min": 550.8498573303223,
                "y_min": 87.01719045639038,
                "x_max": 1412.234230041504,
                "y_max": 941.5625292062759,
                "width": 861.3843727111816,
                "height": 854.5453387498856,
                "center_x": 981.5420436859131,
                "center_y": 514.2898598313332
            },
            "visible_vertices": 8,
            "total_vertices": 8
        }
    ],
    "metadata": {
        "total_objects": 1,
        "render_settings": {
            "resolution_percentage": 50,
            "file_format": "PNG"
        }
    }
}