{
    "frame": "82",
    "image_filename": "render_082.png",
    "image_resolution": {
        "width": 1920,
        "height": 1080
    },
    "camera_parameters": {
        "intrinsic_matrix": [
            [
                2666.666666666667,
                0,
                960.0
            ],
            [
                0,
                2250.0,
                540.0
            ],
            [
                0,
                0,
                1
            ]
        ],
        "extrinsic_matrix": [
            [
                0.06060073897242546,
                -0.998162031173706,
                -5.587935003603661e-09,
                0.0461333729326725
            ],
            [
                0.09053775668144226,
                0.005496785510331392,
                0.9958778023719788,
                -1.0691676139831543
            ],
            [
                -0.9940474629402161,
                -0.060350898653268814,
                0.09070450067520142,
                -11.746129989624023
            ],
            [
                -0.0,
                0.0,
                -0.0,
                1.0
            ]
        ],
        "camera_location": [
            -11.582207679748535,
            -0.6569644808769226,
            2.1301867961883545
        ],
        "camera_rotation_euler": [
            1.1093189716339111,
            0.0,
            0.8149281740188599
        ],
        "camera_rotation_quaternion": [
            0.5377736687660217,
            0.49101921916007996,
            -0.4621124267578125,
            -0.5061143636703491
        ],
        "focal_length": 50.0,
        "sensor_width": 36.0,
        "sensor_height": 24.0
    },
    "objects": [
        {
            "object_name": "Cube",
            "bbox_2d": {
                "x_min": 562.2562408447266,
                "y_min": 111.1602258682251,
                "x_max": 1410.7149124145508,
                "y_max": 1046.546411588788,
                "width": 848.4586715698242,
                "height": 935.3861857205629,
                "center_x": 986.4855766296387,
                "center_y": 578.8533187285066
            },
            "visible_vertices": 8,
            "total_vertices": 8
        }
    ],
    "metadata": {
        "total_objects": 1,
        "render_settings": {
            "resolution_percentage": 50,
            "file_format": "PNG"
        }
    }
}