{
    "frame": "358",
    "image_filename": "render_358.png",
    "image_resolution": {
        "width": 1920,
        "height": 1080
    },
    "camera_parameters": {
        "intrinsic_matrix": [
            [
                2666.666666666667,
                0,
                960.0
            ],
            [
                0,
                2250.0,
                540.0
            ],
            [
                0,
                0,
                1
            ]
        ],
        "extrinsic_matrix": [
            [
                0.7586288452148438,
                -0.6515230536460876,
                -2.9802322387695312e-08,
                0.1274816393852234
            ],
            [
                0.21527884900569916,
                0.25066906213760376,
                0.9438326358795166,
                -1.0050878524780273
            ],
            [
                -0.6149287819862366,
                -0.7160186171531677,
                0.3304239511489868,
                -11.930143356323242
            ],
            [
                -0.0,
                0.0,
                -0.0,
                1.0
            ]
        ],
        "camera_location": [
            -7.216525077819824,
            -8.207202911376953,
            4.890639305114746
        ],
        "camera_rotation_euler": [
            1.1093189716339111,
            0.0,
            0.8149281740188599
        ],
        "camera_rotation_quaternion": [
            0.7648074626922607,
            0.5425716042518616,
            -0.201007679104805,
            -0.2833399176597595
        ],
        "focal_length": 50.0,
        "sensor_width": 36.0,
        "sensor_height": 24.0
    },
    "objects": [
        {
            "object_name": "Cube",
            "bbox_2d": {
                "x_min": 416.71056747436523,
                "y_min": 89.33403968811035,
                "x_max": 1460.9162521362305,
                "y_max": 1014.304186552763,
                "width": 1044.2056846618652,
                "height": 924.9701468646526,
                "center_x": 938.8134098052979,
                "center_y": 551.8191131204367
            },
            "visible_vertices": 8,
            "total_vertices": 8
        }
    ],
    "metadata": {
        "total_objects": 1,
        "render_settings": {
            "resolution_percentage": 50,
            "file_format": "PNG"
        }
    }
}