{
    "frame": "13",
    "image_filename": "render_013.png",
    "image_resolution": {
        "width": 1920,
        "height": 1080
    },
    "camera_parameters": {
        "intrinsic_matrix": [
            [
                2666.666666666667,
                0,
                960.0
            ],
            [
                0,
                2250.0,
                540.0
            ],
            [
                0,
                0,
                1
            ]
        ],
        "extrinsic_matrix": [
            [
                0.595649242401123,
                -0.8032446503639221,
                -1.4528630742915993e-07,
                0.11117877811193466
            ],
            [
                0.07130452990531921,
                0.05287604033946991,
                0.9960520267486572,
                -1.07376229763031
            ],
            [
                -0.800073504447937,
                -0.5932976603507996,
                0.08877059072256088,
                -11.172478675842285
            ],
            [
                -0.0,
                0.0,
                -0.0,
                1.0
            ]
        ],
        "camera_location": [
            -8.928462982177734,
            -6.48252534866333,
            2.061310291290283
        ],
        "camera_rotation_euler": [
            1.1093189716339111,
            0.0,
            0.8149281740188599
        ],
        "camera_rotation_quaternion": [
            0.6590326428413391,
            0.6029101610183716,
            -0.30350297689437866,
            -0.3317549228668213
        ],
        "focal_length": 50.0,
        "sensor_width": 36.0,
        "sensor_height": 24.0
    },
    "objects": [
        {
            "object_name": "Cube",
            "bbox_2d": {
                "x_min": 400.1634120941162,
                "y_min": 81.37798547744751,
                "x_max": 1443.2017135620117,
                "y_max": 1027.7882614731789,
                "width": 1043.0383014678955,
                "height": 946.4102759957314,
                "center_x": 921.682562828064,
                "center_y": 554.5831234753132
            },
            "visible_vertices": 8,
            "total_vertices": 8
        }
    ],
    "metadata": {
        "total_objects": 1,
        "render_settings": {
            "resolution_percentage": 50,
            "file_format": "PNG"
        }
    }
}