{
    "frame": "100",
    "image_filename": "render_100.png",
    "image_resolution": {
        "width": 1920,
        "height": 1080
    },
    "camera_parameters": {
        "intrinsic_matrix": [
            [
                2666.666666666667,
                0,
                960.0
            ],
            [
                0,
                2250.0,
                540.0
            ],
            [
                0,
                0,
                1
            ]
        ],
        "extrinsic_matrix": [
            [
                -0.9158872961997986,
                -0.40143534541130066,
                1.1734661597984086e-07,
                -0.10876256972551346
            ],
            [
                -0.01231814082711935,
                0.02810458093881607,
                0.9995290637016296,
                -1.0879192352294922
            ],
            [
                -0.4012463092803955,
                0.9154559969902039,
                -0.030685439705848694,
                -11.571147918701172
            ],
            [
                0.0,
                0.0,
                -0.0,
                1.0
            ]
        ],
        "camera_location": [
            -4.75589656829834,
            10.579792022705078,
            0.73233962059021
        ],
        "camera_rotation_euler": [
            1.1093189716339111,
            0.0,
            0.8149281740188599
        ],
        "camera_rotation_quaternion": [
            0.1427687555551529,
            0.14721891283988953,
            -0.7026160955429077,
            -0.6813768148422241
        ],
        "focal_length": 50.0,
        "sensor_width": 36.0,
        "sensor_height": 24.0
    },
    "objects": [
        {
            "object_name": "Cube",
            "bbox_2d": {
                "x_min": 507.3347854614258,
                "y_min": 147.09182739257812,
                "x_max": 1360.986099243164,
                "y_max": 1024.9044911563396,
                "width": 853.6513137817383,
                "height": 877.8126637637615,
                "center_x": 934.1604423522949,
                "center_y": 585.9981592744589
            },
            "visible_vertices": 8,
            "total_vertices": 8
        }
    ],
    "metadata": {
        "total_objects": 1,
        "render_settings": {
            "resolution_percentage": 50,
            "file_format": "PNG"
        }
    }
}