{
    "frame": "189",
    "image_filename": "render_189.png",
    "image_resolution": {
        "width": 1920,
        "height": 1080
    },
    "camera_parameters": {
        "intrinsic_matrix": [
            [
                2666.666666666667,
                0,
                960.0
            ],
            [
                0,
                2250.0,
                540.0
            ],
            [
                0,
                0,
                1
            ]
        ],
        "extrinsic_matrix": [
            [
                -0.9911762475967407,
                -0.13255032896995544,
                5.029141902923584e-08,
                -0.1291758269071579
            ],
            [
                -0.009416447021067142,
                0.07041408866643906,
                0.997473418712616,
                -1.0869008302688599
            ],
            [
                -0.13221542537212372,
                0.9886720180511475,
                -0.07104090601205826,
                -11.493687629699707
            ],
            [
                0.0,
                0.0,
                -0.0,
                1.0
            ]
        ],
        "camera_location": [
            -1.6579136848449707,
            11.422898292541504,
            0.26763245463371277
        ],
        "camera_rotation_euler": [
            1.1093189716339111,
            0.0,
            0.8149281740188599
        ],
        "camera_rotation_quaternion": [
            0.04526832327246666,
            0.0486069992184639,
            -0.730176568031311,
            -0.6800222992897034
        ],
        "focal_length": 50.0,
        "sensor_width": 36.0,
        "sensor_height": 24.0
    },
    "objects": [
        {
            "object_name": "Cube",
            "bbox_2d": {
                "x_min": 549.4751930236816,
                "y_min": 147.97045469284058,
                "x_max": 1408.3563995361328,
                "y_max": 1008.2297033071518,
                "width": 858.8812065124512,
                "height": 860.2592486143112,
                "center_x": 978.9157962799072,
                "center_y": 578.1000789999962
            },
            "visible_vertices": 8,
            "total_vertices": 8
        }
    ],
    "metadata": {
        "total_objects": 1,
        "render_settings": {
            "resolution_percentage": 50,
            "file_format": "PNG"
        }
    }
}