{
    "frame": "62",
    "image_filename": "render_062.png",
    "image_resolution": {
        "width": 1920,
        "height": 1080
    },
    "camera_parameters": {
        "intrinsic_matrix": [
            [
                2666.666666666667,
                0,
                960.0
            ],
            [
                0,
                2250.0,
                540.0
            ],
            [
                0,
                0,
                1
            ]
        ],
        "extrinsic_matrix": [
            [
                0.7746720910072327,
                0.6323631405830383,
                0.0,
                0.08086858689785004
            ],
            [
                -0.18967536091804504,
                0.23236049711704254,
                0.953955888748169,
                -1.0702154636383057
            ],
            [
                0.6032465696334839,
                -0.7390030026435852,
                0.29994693398475647,
                -11.731230735778809
            ],
            [
                -0.0,
                0.0,
                -0.0,
                1.0
            ]
        ],
        "camera_location": [
            6.811184883117676,
            -8.471877098083496,
            4.539684772491455
        ],
        "camera_rotation_euler": [
            1.1093189716339111,
            0.0,
            0.8149281740188599
        ],
        "camera_rotation_quaternion": [
            0.7594372034072876,
            0.5573070645332336,
            0.1985834240913391,
            0.2706077992916107
        ],
        "focal_length": 50.0,
        "sensor_width": 36.0,
        "sensor_height": 24.0
    },
    "objects": [
        {
            "object_name": "Cube",
            "bbox_2d": {
                "x_min": 487.6344680786133,
                "y_min": 146.9749903678894,
                "x_max": 1390.480728149414,
                "y_max": 902.9417127370834,
                "width": 902.8462600708008,
                "height": 755.966722369194,
                "center_x": 939.0575981140137,
                "center_y": 524.9583515524864
            },
            "visible_vertices": 8,
            "total_vertices": 8
        }
    ],
    "metadata": {
        "total_objects": 1,
        "render_settings": {
            "resolution_percentage": 50,
            "file_format": "PNG"
        }
    }
}