{
    "frame": "307",
    "image_filename": "render_307.png",
    "image_resolution": {
        "width": 1920,
        "height": 1080
    },
    "camera_parameters": {
        "intrinsic_matrix": [
            [
                2666.666666666667,
                0,
                960.0
            ],
            [
                0,
                2250.0,
                540.0
            ],
            [
                0,
                0,
                1
            ]
        ],
        "extrinsic_matrix": [
            [
                -0.8058494329452515,
                0.5921201705932617,
                4.4703469370688254e-08,
                -0.1316179782152176
            ],
            [
                -0.09052550792694092,
                -0.12320122867822647,
                0.9882440567016602,
                -1.0805093050003052
            ],
            [
                0.5851593017578125,
                0.7963760495185852,
                0.15288378298282623,
                -11.632356643676758
            ],
            [
                -0.0,
                -0.0,
                -0.0,
                1.0
            ]
        ],
        "camera_location": [
            6.602905750274658,
            9.208545684814453,
            2.8462047576904297
        ],
        "camera_rotation_euler": [
            1.1093189716339111,
            0.0,
            0.8149281740188599
        ],
        "camera_rotation_quaternion": [
            0.23655489087104797,
            0.20277325809001923,
            0.618418276309967,
            0.7214455604553223
        ],
        "focal_length": 50.0,
        "sensor_width": 36.0,
        "sensor_height": 24.0
    },
    "objects": [
        {
            "object_name": "Cube",
            "bbox_2d": {
                "x_min": 436.47056579589844,
                "y_min": 91.02447509765625,
                "x_max": 1485.0502395629883,
                "y_max": 978.0576360225677,
                "width": 1048.5796737670898,
                "height": 887.0331609249115,
                "center_x": 960.7604026794434,
                "center_y": 534.541055560112
            },
            "visible_vertices": 8,
            "total_vertices": 8
        }
    ],
    "metadata": {
        "total_objects": 1,
        "render_settings": {
            "resolution_percentage": 50,
            "file_format": "PNG"
        }
    }
}