{
    "frame": "784",
    "image_filename": "render_784.png",
    "image_resolution": {
        "width": 1920,
        "height": 1080
    },
    "camera_parameters": {
        "intrinsic_matrix": [
            [
                2666.666666666667,
                0,
                960.0
            ],
            [
                0,
                2250.0,
                540.0
            ],
            [
                0,
                0,
                1
            ]
        ],
        "extrinsic_matrix": [
            [
                -0.9879274368286133,
                0.15491525828838348,
                -8.800993356317122e-08,
                -0.1396593600511551
            ],
            [
                0.002142243320122361,
                0.013662254437804222,
                0.999904215335846,
                -1.0858198404312134
            ],
            [
                0.1549004465341568,
                0.9878330826759338,
                -0.013828896917402744,
                -11.516891479492188
            ],
            [
                -0.0,
                0.0,
                0.0,
                1.0
            ]
        ],
        "camera_location": [
            1.6483252048492432,
            11.413240432739258,
            0.9264468550682068
        ],
        "camera_rotation_euler": [
            1.1093189716339111,
            0.0,
            0.8149281740188599
        ],
        "camera_rotation_quaternion": [
            0.054555743932724,
            0.05531540885567665,
            0.7098273038864136,
            0.700078010559082
        ],
        "focal_length": 50.0,
        "sensor_width": 36.0,
        "sensor_height": 24.0
    },
    "objects": [
        {
            "object_name": "Cube",
            "bbox_2d": {
                "x_min": 521.5395927429199,
                "y_min": 120.14405965805054,
                "x_max": 1477.7320861816406,
                "y_max": 1003.6571189761162,
                "width": 956.1924934387207,
                "height": 883.5130593180656,
                "center_x": 999.6358394622803,
                "center_y": 561.9005893170834
            },
            "visible_vertices": 8,
            "total_vertices": 8
        }
    ],
    "metadata": {
        "total_objects": 1,
        "render_settings": {
            "resolution_percentage": 50,
            "file_format": "PNG"
        }
    }
}