{
    "frame": "758",
    "image_filename": "render_758.png",
    "image_resolution": {
        "width": 1920,
        "height": 1080
    },
    "camera_parameters": {
        "intrinsic_matrix": [
            [
                2666.666666666667,
                0,
                960.0
            ],
            [
                0,
                2250.0,
                540.0
            ],
            [
                0,
                0,
                1
            ]
        ],
        "extrinsic_matrix": [
            [
                0.7995821237564087,
                0.6005567312240601,
                -5.21540641784668e-08,
                0.08544883877038956
            ],
            [
                -0.01966370828449726,
                0.02618034929037094,
                0.9994637370109558,
                -1.0887675285339355
            ],
            [
                0.6002346873283386,
                -0.7991533875465393,
                0.03274250403046608,
                -11.439250946044922
            ],
            [
                -0.0,
                0.0,
                -0.0,
                1.0
            ]
        ],
        "camera_location": [
            6.776503562927246,
            -9.164528846740723,
            1.4627336263656616
        ],
        "camera_rotation_euler": [
            1.1093189716339111,
            0.0,
            0.8149281740188599
        ],
        "camera_rotation_quaternion": [
            0.6816350221633911,
            0.6596702933311462,
            0.22014527022838593,
            0.22747531533241272
        ],
        "focal_length": 50.0,
        "sensor_width": 36.0,
        "sensor_height": 24.0
    },
    "objects": [
        {
            "object_name": "Cube",
            "bbox_2d": {
                "x_min": 500.7769775390625,
                "y_min": 49.71161127090454,
                "x_max": 1398.7928009033203,
                "y_max": 926.6983008384705,
                "width": 898.0158233642578,
                "height": 876.9866895675659,
                "center_x": 949.7848892211914,
                "center_y": 488.2049560546875
            },
            "visible_vertices": 8,
            "total_vertices": 8
        }
    ],
    "metadata": {
        "total_objects": 1,
        "render_settings": {
            "resolution_percentage": 50,
            "file_format": "PNG"
        }
    }
}