{
    "frame": "79",
    "image_filename": "render_079.png",
    "image_resolution": {
        "width": 1920,
        "height": 1080
    },
    "camera_parameters": {
        "intrinsic_matrix": [
            [
                2666.666666666667,
                0,
                960.0
            ],
            [
                0,
                2250.0,
                540.0
            ],
            [
                0,
                0,
                1
            ]
        ],
        "extrinsic_matrix": [
            [
                -0.7071966528892517,
                0.70701664686203,
                8.940693874137651e-08,
                -0.12262655794620514
            ],
            [
                -0.06752077490091324,
                -0.06753800064325333,
                0.995429277420044,
                -1.0873080492019653
            ],
            [
                0.7037851810455322,
                0.7039644122123718,
                0.0955011323094368,
                -11.550481796264648
            ],
            [
                -0.0,
                0.0,
                -0.0,
                1.0
            ]
        ],
        "camera_location": [
            7.968922138214111,
            8.144392967224121,
            2.1854207515716553
        ],
        "camera_rotation_euler": [
            1.1093189716339111,
            0.0,
            0.8149281740188599
        ],
        "camera_rotation_quaternion": [
            0.28318116068840027,
            0.25731316208839417,
            0.6213207244873047,
            0.6837828755378723
        ],
        "focal_length": 50.0,
        "sensor_width": 36.0,
        "sensor_height": 24.0
    },
    "objects": [
        {
            "object_name": "Cube",
            "bbox_2d": {
                "x_min": 428.0616760253906,
                "y_min": 87.02884197235107,
                "x_max": 1459.5167541503906,
                "y_max": 956.7256334424019,
                "width": 1031.455078125,
                "height": 869.6967914700508,
                "center_x": 943.7892150878906,
                "center_y": 521.8772377073765
            },
            "visible_vertices": 8,
            "total_vertices": 8
        }
    ],
    "metadata": {
        "total_objects": 1,
        "render_settings": {
            "resolution_percentage": 50,
            "file_format": "PNG"
        }
    }
}