{
    "frame": "31",
    "image_filename": "render_031.png",
    "image_resolution": {
        "width": 1920,
        "height": 1080
    },
    "camera_parameters": {
        "intrinsic_matrix": [
            [
                2666.666666666667,
                0,
                960.0
            ],
            [
                0,
                2250.0,
                540.0
            ],
            [
                0,
                0,
                1
            ]
        ],
        "extrinsic_matrix": [
            [
                0.6845726370811462,
                0.728944718837738,
                7.450580596923828e-09,
                0.06499680876731873
            ],
            [
                0.11157374829053879,
                -0.10478205233812332,
                0.9882166385650635,
                -1.0538113117218018
            ],
            [
                0.7203552722930908,
                -0.676505982875824,
                -0.15306201577186584,
                -11.225919723510742
            ],
            [
                -0.0,
                0.0,
                -0.0,
                1.0
            ]
        ],
        "camera_location": [
            8.159732818603516,
            -7.752201557159424,
            -0.6768680810928345
        ],
        "camera_rotation_euler": [
            1.1093189716339111,
            0.0,
            0.8149281740188599
        ],
        "camera_rotation_quaternion": [
            0.5972287058830261,
            0.6968530416488647,
            0.3015407919883728,
            0.2584315538406372
        ],
        "focal_length": 50.0,
        "sensor_width": 36.0,
        "sensor_height": 24.0
    },
    "objects": [
        {
            "object_name": "Cube",
            "bbox_2d": {
                "x_min": 491.1484909057617,
                "y_min": 5.29217004776001,
                "x_max": 1423.710823059082,
                "y_max": 984.8159337043762,
                "width": 932.5623321533203,
                "height": 979.5237636566162,
                "center_x": 957.4296569824219,
                "center_y": 495.0540518760681
            },
            "visible_vertices": 8,
            "total_vertices": 8
        }
    ],
    "metadata": {
        "total_objects": 1,
        "render_settings": {
            "resolution_percentage": 50,
            "file_format": "PNG"
        }
    }
}