{
    "frame": "512",
    "image_filename": "render_512.png",
    "image_resolution": {
        "width": 1920,
        "height": 1080
    },
    "camera_parameters": {
        "intrinsic_matrix": [
            [
                2666.666666666667,
                0,
                960.0
            ],
            [
                0,
                2250.0,
                540.0
            ],
            [
                0,
                0,
                1
            ]
        ],
        "extrinsic_matrix": [
            [
                0.7962822914123535,
                -0.6049251556396484,
                2.60770320892334e-08,
                0.13081026077270508
            ],
            [
                -0.06622883677482605,
                -0.08717907965183258,
                0.9939887523651123,
                -1.0848219394683838
            ],
            [
                -0.6012887954711914,
                -0.7914956212043762,
                -0.10948264598846436,
                -11.447824478149414
            ],
            [
                -0.0,
                0.0,
                -0.0,
                1.0
            ]
        ],
        "camera_location": [
            -7.059456825256348,
            -9.076346397399902,
            -0.17503724992275238
        ],
        "camera_rotation_euler": [
            1.1093189716339111,
            0.0,
            0.8149281740188599
        ],
        "camera_rotation_quaternion": [
            0.6323805451393127,
            0.7058583498001099,
            -0.2377084642648697,
            -0.21296368539333344
        ],
        "focal_length": 50.0,
        "sensor_width": 36.0,
        "sensor_height": 24.0
    },
    "objects": [
        {
            "object_name": "Cube",
            "bbox_2d": {
                "x_min": 433.8617706298828,
                "y_min": 115.85578680038452,
                "x_max": 1481.6766357421875,
                "y_max": 989.6929782629013,
                "width": 1047.8148651123047,
                "height": 873.8371914625168,
                "center_x": 957.7692031860352,
                "center_y": 552.7743825316429
            },
            "visible_vertices": 8,
            "total_vertices": 8
        }
    ],
    "metadata": {
        "total_objects": 1,
        "render_settings": {
            "resolution_percentage": 50,
            "file_format": "PNG"
        }
    }
}