{
    "frame": "52",
    "image_filename": "render_052.png",
    "image_resolution": {
        "width": 1920,
        "height": 1080
    },
    "camera_parameters": {
        "intrinsic_matrix": [
            [
                2666.666666666667,
                0,
                960.0
            ],
            [
                0,
                2250.0,
                540.0
            ],
            [
                0,
                0,
                1
            ]
        ],
        "extrinsic_matrix": [
            [
                0.45842108130455017,
                -0.8887350559234619,
                -2.3469323195968173e-07,
                0.09584595263004303
            ],
            [
                -0.03953908756375313,
                -0.02039491757750511,
                0.9990097880363464,
                -1.0891993045806885
            ],
            [
                -0.8878551125526428,
                -0.45796704292297363,
                -0.04448917135596275,
                -11.569863319396973
            ],
            [
                -0.0,
                0.0,
                -0.0,
                1.0
            ]
        ],
        "camera_location": [
            -10.359366416931152,
            -5.235651016235352,
            0.5733864307403564
        ],
        "camera_rotation_euler": [
            1.1093189716339111,
            0.0,
            0.8149281740188599
        ],
        "camera_rotation_quaternion": [
            0.5902408957481384,
            0.6171112656593323,
            -0.3760562539100647,
            -0.3596820533275604
        ],
        "focal_length": 50.0,
        "sensor_width": 36.0,
        "sensor_height": 24.0
    },
    "objects": [
        {
            "object_name": "Cube",
            "bbox_2d": {
                "x_min": 453.0150032043457,
                "y_min": 133.4475803375244,
                "x_max": 1381.9467544555664,
                "y_max": 1006.9876742362976,
                "width": 928.9317512512207,
                "height": 873.5400938987732,
                "center_x": 917.480878829956,
                "center_y": 570.217627286911
            },
            "visible_vertices": 8,
            "total_vertices": 8
        }
    ],
    "metadata": {
        "total_objects": 1,
        "render_settings": {
            "resolution_percentage": 50,
            "file_format": "PNG"
        }
    }
}