{
    "frame": "927",
    "image_filename": "render_927.png",
    "image_resolution": {
        "width": 1920,
        "height": 1080
    },
    "camera_parameters": {
        "intrinsic_matrix": [
            [
                2666.666666666667,
                0,
                960.0
            ],
            [
                0,
                2250.0,
                540.0
            ],
            [
                0,
                0,
                1
            ]
        ],
        "extrinsic_matrix": [
            [
                -0.6663516759872437,
                0.7456373572349548,
                2.9802308176840597e-08,
                -0.11856251955032349
            ],
            [
                0.11240684241056442,
                0.1004544198513031,
                0.9885714054107666,
                -1.0618842840194702
            ],
            [
                0.7371158003807068,
                0.6587364077568054,
                -0.15075252950191498,
                -11.276893615722656
            ],
            [
                -0.0,
                0.0,
                -0.0,
                1.0
            ]
        ],
        "camera_location": [
            8.352738380432129,
            7.623576641082764,
            -0.6502744555473328
        ],
        "camera_rotation_euler": [
            1.1093189716339111,
            0.0,
            0.8149281740188599
        ],
        "camera_rotation_quaternion": [
            0.26615312695503235,
            0.3098171055316925,
            0.6923797726631165,
            0.5947993397712708
        ],
        "focal_length": 50.0,
        "sensor_width": 36.0,
        "sensor_height": 24.0
    },
    "objects": [
        {
            "object_name": "Cube",
            "bbox_2d": {
                "x_min": 420.8253765106201,
                "y_min": 85.11934518814087,
                "x_max": 1441.7194747924805,
                "y_max": 987.2282963991165,
                "width": 1020.8940982818604,
                "height": 902.1089512109756,
                "center_x": 931.2724256515503,
                "center_y": 536.1738207936287
            },
            "visible_vertices": 8,
            "total_vertices": 8
        }
    ],
    "metadata": {
        "total_objects": 1,
        "render_settings": {
            "resolution_percentage": 50,
            "file_format": "PNG"
        }
    }
}