{
    "frame": "125",
    "image_filename": "render_125.png",
    "image_resolution": {
        "width": 1920,
        "height": 1080
    },
    "camera_parameters": {
        "intrinsic_matrix": [
            [
                2666.666666666667,
                0,
                960.0
            ],
            [
                0,
                2250.0,
                540.0
            ],
            [
                0,
                0,
                1
            ]
        ],
        "extrinsic_matrix": [
            [
                -0.996468722820282,
                -0.08396438509225845,
                7.078050856534901e-08,
                -0.13173873722553253
            ],
            [
                0.011359157040715218,
                -0.134806826710701,
                0.9908067584037781,
                -1.0690518617630005
            ],
            [
                -0.08319246768951416,
                0.9873080253601074,
                0.1352846324443817,
                -11.711007118225098
            ],
            [
                -0.0,
                0.0,
                -0.0,
                1.0
            ]
        ],
        "camera_location": [
            -1.0933974981307983,
            11.40719223022461,
            2.6435418128967285
        ],
        "camera_rotation_euler": [
            1.1093189716339111,
            0.0,
            0.8149281740188599
        ],
        "camera_rotation_quaternion": [
            0.03165822476148605,
            0.0276293084025383,
            -0.6569584012031555,
            -0.7527549862861633
        ],
        "focal_length": 50.0,
        "sensor_width": 36.0,
        "sensor_height": 24.0
    },
    "objects": [
        {
            "object_name": "Cube",
            "bbox_2d": {
                "x_min": 572.2313117980957,
                "y_min": 97.30650901794434,
                "x_max": 1429.4697189331055,
                "y_max": 1028.5357609391212,
                "width": 857.2384071350098,
                "height": 931.2292519211769,
                "center_x": 1000.8505153656006,
                "center_y": 562.9211349785328
            },
            "visible_vertices": 8,
            "total_vertices": 8
        }
    ],
    "metadata": {
        "total_objects": 1,
        "render_settings": {
            "resolution_percentage": 50,
            "file_format": "PNG"
        }
    }
}