{
    "frame": "225",
    "image_filename": "render_225.png",
    "image_resolution": {
        "width": 1920,
        "height": 1080
    },
    "camera_parameters": {
        "intrinsic_matrix": [
            [
                2666.666666666667,
                0,
                960.0
            ],
            [
                0,
                2250.0,
                540.0
            ],
            [
                0,
                0,
                1
            ]
        ],
        "extrinsic_matrix": [
            [
                0.10713163018226624,
                -0.9942446947097778,
                -5.774198541530495e-08,
                0.052286792546510696
            ],
            [
                0.2245318442583084,
                0.02419370599091053,
                0.9741662740707397,
                -1.0281624794006348
            ],
            [
                -0.968559741973877,
                -0.10436397790908813,
                0.22583161294460297,
                -11.887713432312012
            ],
            [
                -0.0,
                0.0,
                -0.0,
                1.0
            ]
        ],
        "camera_location": [
            -11.28870964050293,
            -1.16378915309906,
            3.686222553253174
        ],
        "camera_rotation_euler": [
            1.1093189716339111,
            0.0,
            0.8149281740188599
        ],
        "camera_rotation_quaternion": [
            0.5824854373931885,
            0.46290019154548645,
            -0.41570135951042175,
            -0.5230932831764221
        ],
        "focal_length": 50.0,
        "sensor_width": 36.0,
        "sensor_height": 24.0
    },
    "objects": [
        {
            "object_name": "Cube",
            "bbox_2d": {
                "x_min": 556.6849136352539,
                "y_min": 77.22721338272095,
                "x_max": 1396.3508605957031,
                "y_max": 1056.8732757121325,
                "width": 839.6659469604492,
                "height": 979.6460623294115,
                "center_x": 976.5178871154785,
                "center_y": 567.0502445474267
            },
            "visible_vertices": 8,
            "total_vertices": 8
        }
    ],
    "metadata": {
        "total_objects": 1,
        "render_settings": {
            "resolution_percentage": 50,
            "file_format": "PNG"
        }
    }
}