{
    "frame": "781",
    "image_filename": "render_781.png",
    "image_resolution": {
        "width": 1920,
        "height": 1080
    },
    "camera_parameters": {
        "intrinsic_matrix": [
            [
                2666.666666666667,
                0,
                960.0
            ],
            [
                0,
                2250.0,
                540.0
            ],
            [
                0,
                0,
                1
            ]
        ],
        "extrinsic_matrix": [
            [
                -0.4299459159374237,
                0.9028545022010803,
                5.587933671336032e-09,
                -0.09252525866031647
            ],
            [
                -0.06270649284124374,
                -0.029861217364668846,
                0.9975850582122803,
                -1.0904279947280884
            ],
            [
                0.9006742835044861,
                0.4289077818393707,
                0.06945369392633438,
                -11.485090255737305
            ],
            [
                -0.0,
                -0.0,
                -0.0,
                1.0
            ]
        ],
        "camera_location": [
            10.236169815063477,
            4.977019786834717,
            1.885475516319275
        ],
        "camera_rotation_euler": [
            1.1093189716339111,
            0.0,
            0.8149281740188599
        ],
        "camera_rotation_quaternion": [
            0.390399307012558,
            0.36416399478912354,
            0.5767649412155151,
            0.6183164715766907
        ],
        "focal_length": 50.0,
        "sensor_width": 36.0,
        "sensor_height": 24.0
    },
    "objects": [
        {
            "object_name": "Cube",
            "bbox_2d": {
                "x_min": 459.9535274505615,
                "y_min": 75.11120796203613,
                "x_max": 1372.9671478271484,
                "y_max": 939.5543485879898,
                "width": 913.0136203765869,
                "height": 864.4431406259537,
                "center_x": 916.460337638855,
                "center_y": 507.33277827501297
            },
            "visible_vertices": 8,
            "total_vertices": 8
        }
    ],
    "metadata": {
        "total_objects": 1,
        "render_settings": {
            "resolution_percentage": 50,
            "file_format": "PNG"
        }
    }
}