{
    "frame": "445",
    "image_filename": "render_445.png",
    "image_resolution": {
        "width": 1920,
        "height": 1080
    },
    "camera_parameters": {
        "intrinsic_matrix": [
            [
                2666.666666666667,
                0,
                960.0
            ],
            [
                0,
                2250.0,
                540.0
            ],
            [
                0,
                0,
                1
            ]
        ],
        "extrinsic_matrix": [
            [
                0.9900973439216614,
                0.1403828263282776,
                -1.1175870895385742e-08,
                0.1287318468093872
            ],
            [
                0.016259746626019478,
                -0.11467727273702621,
                0.993269681930542,
                -1.0718251466751099
            ],
            [
                0.13943801820278168,
                -0.9834336638450623,
                -0.11582424491643906,
                -11.333345413208008
            ],
            [
                -0.0,
                0.0,
                -0.0,
                1.0
            ]
        ],
        "camera_location": [
            1.4702699184417725,
            -11.286580085754395,
            -0.24806465208530426
        ],
        "camera_rotation_euler": [
            1.1093189716339111,
            0.0,
            0.8149281740188599
        ],
        "camera_rotation_quaternion": [
            0.6632487773895264,
            0.7450836896896362,
            0.052558720111846924,
            0.04678602144122124
        ],
        "focal_length": 50.0,
        "sensor_width": 36.0,
        "sensor_height": 24.0
    },
    "objects": [
        {
            "object_name": "Cube",
            "bbox_2d": {
                "x_min": 557.5983810424805,
                "y_min": 47.989182472229004,
                "x_max": 1411.146011352539,
                "y_max": 978.0838197469711,
                "width": 853.5476303100586,
                "height": 930.0946372747421,
                "center_x": 984.3721961975098,
                "center_y": 513.0365011096001
            },
            "visible_vertices": 8,
            "total_vertices": 8
        }
    ],
    "metadata": {
        "total_objects": 1,
        "render_settings": {
            "resolution_percentage": 50,
            "file_format": "PNG"
        }
    }
}