{
    "frame": "797",
    "image_filename": "render_797.png",
    "image_resolution": {
        "width": 1920,
        "height": 1080
    },
    "camera_parameters": {
        "intrinsic_matrix": [
            [
                2666.666666666667,
                0,
                960.0
            ],
            [
                0,
                2250.0,
                540.0
            ],
            [
                0,
                0,
                1
            ]
        ],
        "extrinsic_matrix": [
            [
                -0.9305018782615662,
                -0.3662868142127991,
                -7.823107495141812e-08,
                -0.11207875609397888
            ],
            [
                0.04134151339530945,
                -0.10502268373966217,
                0.9936100244522095,
                -1.069169282913208
            ],
            [
                -0.36394625902175903,
                0.9245560765266418,
                0.11286675930023193,
                -11.722295761108398
            ],
            [
                0.0,
                0.0,
                -0.0,
                1.0
            ]
        ],
        "camera_location": [
            -4.326375484466553,
            10.684582710266113,
            2.385394334793091
        ],
        "camera_rotation_euler": [
            1.1093189716339111,
            0.0,
            0.8149281740188599
        ],
        "camera_rotation_quaternion": [
            0.139052152633667,
            0.12415114045143127,
            -0.6543341279029846,
            -0.7328696250915527
        ],
        "focal_length": 50.0,
        "sensor_width": 36.0,
        "sensor_height": 24.0
    },
    "objects": [
        {
            "object_name": "Cube",
            "bbox_2d": {
                "x_min": 518.986701965332,
                "y_min": 104.9687647819519,
                "x_max": 1359.3841552734375,
                "y_max": 1048.3703546226025,
                "width": 840.3974533081055,
                "height": 943.4015898406506,
                "center_x": 939.1854286193848,
                "center_y": 576.6695597022772
            },
            "visible_vertices": 8,
            "total_vertices": 8
        }
    ],
    "metadata": {
        "total_objects": 1,
        "render_settings": {
            "resolution_percentage": 50,
            "file_format": "PNG"
        }
    }
}