{
    "frame": "140",
    "image_filename": "render_140.png",
    "image_resolution": {
        "width": 1920,
        "height": 1080
    },
    "camera_parameters": {
        "intrinsic_matrix": [
            [
                2666.666666666667,
                0,
                960.0
            ],
            [
                0,
                2250.0,
                540.0
            ],
            [
                0,
                0,
                1
            ]
        ],
        "extrinsic_matrix": [
            [
                0.8021455407142639,
                -0.5971285104751587,
                8.940696716308594e-08,
                0.1313064992427826
            ],
            [
                0.10785149782896042,
                0.14488114416599274,
                0.9835535287857056,
                -1.0587388277053833
            ],
            [
                -0.5873078107833862,
                -0.7889530658721924,
                0.18061694502830505,
                -11.760986328125
            ],
            [
                -0.0,
                0.0,
                -0.0,
                1.0
            ]
        ],
        "camera_location": [
            -6.898460865020752,
            -9.04706859588623,
            3.165560245513916
        ],
        "camera_rotation_euler": [
            1.1093189716339111,
            0.0,
            0.8149281740188599
        ],
        "camera_rotation_quaternion": [
            0.7293221950531006,
            0.6075869202613831,
            -0.20131976902484894,
            -0.2416558712720871
        ],
        "focal_length": 50.0,
        "sensor_width": 36.0,
        "sensor_height": 24.0
    },
    "objects": [
        {
            "object_name": "Cube",
            "bbox_2d": {
                "x_min": 425.555419921875,
                "y_min": 90.96460819244385,
                "x_max": 1474.2490768432617,
                "y_max": 971.2810081243515,
                "width": 1048.6936569213867,
                "height": 880.3163999319077,
                "center_x": 949.9022483825684,
                "center_y": 531.1228081583977
            },
            "visible_vertices": 8,
            "total_vertices": 8
        }
    ],
    "metadata": {
        "total_objects": 1,
        "render_settings": {
            "resolution_percentage": 50,
            "file_format": "PNG"
        }
    }
}