{
    "frame": "926",
    "image_filename": "render_926.png",
    "image_resolution": {
        "width": 1920,
        "height": 1080
    },
    "camera_parameters": {
        "intrinsic_matrix": [
            [
                2666.666666666667,
                0,
                960.0
            ],
            [
                0,
                2250.0,
                540.0
            ],
            [
                0,
                0,
                1
            ]
        ],
        "extrinsic_matrix": [
            [
                -0.9287145733833313,
                -0.3707946538925171,
                -1.3411036547950062e-07,
                -0.11166534572839737
            ],
            [
                0.06641896814107895,
                -0.1663571447134018,
                0.9838259816169739,
                -1.0528210401535034
            ],
            [
                -0.364797443151474,
                0.9136937856674194,
                0.17912647128105164,
                -11.793936729431152
            ],
            [
                0.0,
                0.0,
                -0.0,
                1.0
            ]
        ],
        "camera_location": [
            -4.336177825927734,
            10.559499740600586,
            3.1483960151672363
        ],
        "camera_rotation_euler": [
            1.1093189716339111,
            0.0,
            0.8149281740188599
        ],
        "camera_rotation_quaternion": [
            0.14496050775051117,
            0.12095054984092712,
            -0.6291326284408569,
            -0.7540223598480225
        ],
        "focal_length": 50.0,
        "sensor_width": 36.0,
        "sensor_height": 24.0
    },
    "objects": [
        {
            "object_name": "Cube",
            "bbox_2d": {
                "x_min": 522.304573059082,
                "y_min": 88.049476146698,
                "x_max": 1363.6388397216797,
                "y_max": 1055.9666461497545,
                "width": 841.3342666625977,
                "height": 967.9171700030565,
                "center_x": 942.9717063903809,
                "center_y": 572.0080611482263
            },
            "visible_vertices": 8,
            "total_vertices": 8
        }
    ],
    "metadata": {
        "total_objects": 1,
        "render_settings": {
            "resolution_percentage": 50,
            "file_format": "PNG"
        }
    }
}