{
    "frame": "550",
    "image_filename": "render_550.png",
    "image_resolution": {
        "width": 1920,
        "height": 1080
    },
    "camera_parameters": {
        "intrinsic_matrix": [
            [
                2666.666666666667,
                0,
                960.0
            ],
            [
                0,
                2250.0,
                540.0
            ],
            [
                0,
                0,
                1
            ]
        ],
        "extrinsic_matrix": [
            [
                0.9527711272239685,
                0.3036893904209137,
                2.9802315282267955e-08,
                0.11747211962938309
            ],
            [
                -0.09122071415185928,
                0.28618869185447693,
                0.9538210034370422,
                -1.0587856769561768
            ],
            [
                0.2896653711795807,
                -0.9087730646133423,
                0.3003751039505005,
                -11.767704963684082
            ],
            [
                -0.0,
                0.0,
                -0.0,
                1.0
            ]
        ],
        "camera_location": [
            3.2001893520355225,
            -10.426838874816895,
            4.544618606567383
        ],
        "camera_rotation_euler": [
            1.1093189716339111,
            0.0,
            0.8149281740188599
        ],
        "camera_rotation_quaternion": [
            0.7967646718025208,
            0.5844243168830872,
            0.09088800102472305,
            0.12391054630279541
        ],
        "focal_length": 50.0,
        "sensor_width": 36.0,
        "sensor_height": 24.0
    },
    "objects": [
        {
            "object_name": "Cube",
            "bbox_2d": {
                "x_min": 505.26288986206055,
                "y_min": 136.13637685775757,
                "x_max": 1333.0892944335938,
                "y_max": 966.0022839903831,
                "width": 827.8264045715332,
                "height": 829.8659071326256,
                "center_x": 919.1760921478271,
                "center_y": 551.0693304240704
            },
            "visible_vertices": 8,
            "total_vertices": 8
        }
    ],
    "metadata": {
        "total_objects": 1,
        "render_settings": {
            "resolution_percentage": 50,
            "file_format": "PNG"
        }
    }
}