{
    "frame": "798",
    "image_filename": "render_798.png",
    "image_resolution": {
        "width": 1920,
        "height": 1080
    },
    "camera_parameters": {
        "intrinsic_matrix": [
            [
                2666.666666666667,
                0,
                960.0
            ],
            [
                0,
                2250.0,
                540.0
            ],
            [
                0,
                0,
                1
            ]
        ],
        "extrinsic_matrix": [
            [
                0.7953768968582153,
                0.6061152219772339,
                3.725290298461914e-08,
                0.08466717600822449
            ],
            [
                -0.09845201671123505,
                0.129193976521492,
                0.9867199063301086,
                -1.0895150899887085
            ],
            [
                0.598065972328186,
                -0.7848142385482788,
                0.16243116557598114,
                -11.580892562866211
            ],
            [
                -0.0,
                0.0,
                -0.0,
                1.0
            ]
        ],
        "camera_location": [
            6.751529216766357,
            -8.999407768249512,
            2.956143856048584
        ],
        "camera_rotation_euler": [
            1.1093189716339111,
            0.0,
            0.8149281740188599
        ],
        "camera_rotation_quaternion": [
            0.7223230004310608,
            0.6131377816200256,
            0.2069939225912094,
            0.24385462701320648
        ],
        "focal_length": 50.0,
        "sensor_width": 36.0,
        "sensor_height": 24.0
    },
    "objects": [
        {
            "object_name": "Cube",
            "bbox_2d": {
                "x_min": 493.91796112060547,
                "y_min": 90.07162570953369,
                "x_max": 1393.3434677124023,
                "y_max": 890.2995121479034,
                "width": 899.4255065917969,
                "height": 800.2278864383698,
                "center_x": 943.6307144165039,
                "center_y": 490.18556892871857
            },
            "visible_vertices": 8,
            "total_vertices": 8
        }
    ],
    "metadata": {
        "total_objects": 1,
        "render_settings": {
            "resolution_percentage": 50,
            "file_format": "PNG"
        }
    }
}