{
    "frame": "810",
    "image_filename": "render_810.png",
    "image_resolution": {
        "width": 1920,
        "height": 1080
    },
    "camera_parameters": {
        "intrinsic_matrix": [
            [
                2666.666666666667,
                0,
                960.0
            ],
            [
                0,
                2250.0,
                540.0
            ],
            [
                0,
                0,
                1
            ]
        ],
        "extrinsic_matrix": [
            [
                -0.30779552459716797,
                0.9514525532722473,
                -8.195637946073475e-08,
                -0.07783308625221252
            ],
            [
                -0.30594632029533386,
                -0.09897372871637344,
                0.9468901753425598,
                -1.0656992197036743
            ],
            [
                0.9009209871292114,
                0.29144859313964844,
                0.3215571343898773,
                -11.753540992736816
            ],
            [
                -0.0,
                -0.0,
                -0.0,
                1.0
            ]
        ],
        "camera_location": [
            10.239009857177734,
            3.3941311836242676,
            4.788534641265869
        ],
        "camera_rotation_euler": [
            1.1093189716339111,
            0.0,
            0.8149281740188599
        ],
        "camera_rotation_quaternion": [
            0.47822272777557373,
            0.3426445424556732,
            0.4709736406803131,
            0.6573291420936584
        ],
        "focal_length": 50.0,
        "sensor_width": 36.0,
        "sensor_height": 24.0
    },
    "objects": [
        {
            "object_name": "Cube",
            "bbox_2d": {
                "x_min": 502.6039695739746,
                "y_min": 136.57218217849731,
                "x_max": 1379.1082763671875,
                "y_max": 1015.2677017450333,
                "width": 876.5043067932129,
                "height": 878.695519566536,
                "center_x": 940.856122970581,
                "center_y": 575.9199419617653
            },
            "visible_vertices": 8,
            "total_vertices": 8
        }
    ],
    "metadata": {
        "total_objects": 1,
        "render_settings": {
            "resolution_percentage": 50,
            "file_format": "PNG"
        }
    }
}