{
    "frame": "298",
    "image_filename": "render_298.png",
    "image_resolution": {
        "width": 1920,
        "height": 1080
    },
    "camera_parameters": {
        "intrinsic_matrix": [
            [
                2666.666666666667,
                0,
                960.0
            ],
            [
                0,
                2250.0,
                540.0
            ],
            [
                0,
                0,
                1
            ]
        ],
        "extrinsic_matrix": [
            [
                -0.3528594970703125,
                0.9356762170791626,
                -7.4505797087454084e-09,
                -0.0833328440785408
            ],
            [
                -0.3024309277534485,
                -0.11405181139707565,
                0.9463232755661011,
                -1.0640352964401245
            ],
            [
                0.8854522109031677,
                0.3339191973209381,
                0.32322177290916443,
                -11.759057998657227
            ],
            [
                -0.0,
                -0.0,
                -0.0,
                1.0
            ]
        ],
        "camera_location": [
            10.060881614685059,
            3.8831918239593506,
            4.807703971862793
        ],
        "camera_rotation_euler": [
            1.1093189716339111,
            0.0,
            0.8149281740188599
        ],
        "camera_rotation_quaternion": [
            0.462685227394104,
            0.3308967351913452,
            0.4784312844276428,
            0.668979287147522
        ],
        "focal_length": 50.0,
        "sensor_width": 36.0,
        "sensor_height": 24.0
    },
    "objects": [
        {
            "object_name": "Cube",
            "bbox_2d": {
                "x_min": 489.8785972595215,
                "y_min": 134.68186855316162,
                "x_max": 1365.274887084961,
                "y_max": 1020.5418553948402,
                "width": 875.3962898254395,
                "height": 885.8599868416786,
                "center_x": 927.5767421722412,
                "center_y": 577.6118619740009
            },
            "visible_vertices": 8,
            "total_vertices": 8
        }
    ],
    "metadata": {
        "total_objects": 1,
        "render_settings": {
            "resolution_percentage": 50,
            "file_format": "PNG"
        }
    }
}