{
    "frame": "530",
    "image_filename": "render_530.png",
    "image_resolution": {
        "width": 1920,
        "height": 1080
    },
    "camera_parameters": {
        "intrinsic_matrix": [
            [
                2666.666666666667,
                0,
                960.0
            ],
            [
                0,
                2250.0,
                540.0
            ],
            [
                0,
                0,
                1
            ]
        ],
        "extrinsic_matrix": [
            [
                0.9787013530731201,
                0.20528924465179443,
                2.607702676016288e-08,
                0.12472251057624817
            ],
            [
                -0.04972418025135994,
                0.23705638945102692,
                0.9702223539352417,
                -1.0691059827804565
            ],
            [
                0.19917626678943634,
                -0.9495579600334167,
                0.24221526086330414,
                -11.715264320373535
            ],
            [
                -0.0,
                0.0,
                -0.0,
                1.0
            ]
        ],
        "camera_location": [
            2.1581761837005615,
            -10.896491050720215,
            3.874887228012085
        ],
        "camera_rotation_euler": [
            1.1093189716339111,
            0.0,
            0.8149281740188599
        ],
        "camera_rotation_quaternion": [
            0.7838963270187378,
            0.6122559905052185,
            0.06352124363183975,
            0.08132883161306381
        ],
        "focal_length": 50.0,
        "sensor_width": 36.0,
        "sensor_height": 24.0
    },
    "objects": [
        {
            "object_name": "Cube",
            "bbox_2d": {
                "x_min": 525.3811454772949,
                "y_min": 112.92417526245117,
                "x_max": 1376.026840209961,
                "y_max": 964.1158246994019,
                "width": 850.645694732666,
                "height": 851.1916494369507,
                "center_x": 950.7039928436279,
                "center_y": 538.5199999809265
            },
            "visible_vertices": 8,
            "total_vertices": 8
        }
    ],
    "metadata": {
        "total_objects": 1,
        "render_settings": {
            "resolution_percentage": 50,
            "file_format": "PNG"
        }
    }
}