{
    "frame": "536",
    "image_filename": "render_536.png",
    "image_resolution": {
        "width": 1920,
        "height": 1080
    },
    "camera_parameters": {
        "intrinsic_matrix": [
            [
                2666.666666666667,
                0,
                960.0
            ],
            [
                0,
                2250.0,
                540.0
            ],
            [
                0,
                0,
                1
            ]
        ],
        "extrinsic_matrix": [
            [
                0.7909677624702454,
                0.6118578314781189,
                1.1920926112907182e-07,
                0.08385347574949265
            ],
            [
                0.09198805689811707,
                -0.11891591548919678,
                0.9886338710784912,
                -1.056380033493042
            ],
            [
                0.6049033999443054,
                -0.7819775342941284,
                -0.15034225583076477,
                -11.240495681762695
            ],
            [
                -0.0,
                0.0,
                -0.0,
                1.0
            ]
        ],
        "camera_location": [
            6.830264568328857,
            -8.966744422912598,
            -0.6455487012863159
        ],
        "camera_rotation_euler": [
            1.1093189716339111,
            0.0,
            0.8149281740188599
        ],
        "camera_rotation_quaternion": [
            0.6167880296707153,
            0.7176743745803833,
            0.24518287181854248,
            0.21071657538414001
        ],
        "focal_length": 50.0,
        "sensor_width": 36.0,
        "sensor_height": 24.0
    },
    "objects": [
        {
            "object_name": "Cube",
            "bbox_2d": {
                "x_min": 511.0297966003418,
                "y_min": 11.042160987854004,
                "x_max": 1409.9280166625977,
                "y_max": 984.1763153672218,
                "width": 898.8982200622559,
                "height": 973.1341543793678,
                "center_x": 960.4789066314697,
                "center_y": 497.6092381775379
            },
            "visible_vertices": 8,
            "total_vertices": 8
        }
    ],
    "metadata": {
        "total_objects": 1,
        "render_settings": {
            "resolution_percentage": 50,
            "file_format": "PNG"
        }
    }
}