{
    "frame": "475",
    "image_filename": "render_475.png",
    "image_resolution": {
        "width": 1920,
        "height": 1080
    },
    "camera_parameters": {
        "intrinsic_matrix": [
            [
                2666.666666666667,
                0,
                960.0
            ],
            [
                0,
                2250.0,
                540.0
            ],
            [
                0,
                0,
                1
            ]
        ],
        "extrinsic_matrix": [
            [
                0.08274178951978683,
                -0.9965709447860718,
                3.352760558072987e-08,
                0.04907132312655449
            ],
            [
                0.32164791226387024,
                0.026705387979745865,
                0.9464825391769409,
                -0.9850526452064514
            ],
            [
                -0.9432371258735657,
                -0.07831358164548874,
                0.3227546811103821,
                -11.990503311157227
            ],
            [
                -0.0,
                0.0,
                -0.0,
                1.0
            ]
        ],
        "camera_location": [
            -10.997109413146973,
            -0.8638112545013428,
            4.802326679229736
        ],
        "camera_rotation_euler": [
            1.1093189716339111,
            0.0,
            0.8149281740188599
        ],
        "camera_rotation_quaternion": [
            0.5983732342720032,
            0.42815935611724854,
            -0.39408403635025024,
            -0.5507512092590332
        ],
        "focal_length": 50.0,
        "sensor_width": 36.0,
        "sensor_height": 24.0
    },
    "objects": [
        {
            "object_name": "Cube",
            "bbox_2d": {
                "x_min": 556.739673614502,
                "y_min": 56.26272439956665,
                "x_max": 1394.2377090454102,
                "y_max": 1062.1745666116476,
                "width": 837.4980354309082,
                "height": 1005.911842212081,
                "center_x": 975.488691329956,
                "center_y": 559.2186455056071
            },
            "visible_vertices": 8,
            "total_vertices": 8
        }
    ],
    "metadata": {
        "total_objects": 1,
        "render_settings": {
            "resolution_percentage": 50,
            "file_format": "PNG"
        }
    }
}