{
    "frame": "15",
    "image_filename": "render_015.png",
    "image_resolution": {
        "width": 1920,
        "height": 1080
    },
    "camera_parameters": {
        "intrinsic_matrix": [
            [
                2666.666666666667,
                0,
                960.0
            ],
            [
                0,
                2250.0,
                540.0
            ],
            [
                0,
                0,
                1
            ]
        ],
        "extrinsic_matrix": [
            [
                -0.2032238095998764,
                0.979132354259491,
                -5.0291429687376876e-08,
                -0.06472387909889221
            ],
            [
                0.11484374850988388,
                0.023836394771933556,
                0.9930976629257202,
                -1.063554286956787
            ],
            [
                0.9723740220069885,
                0.20182101428508759,
                -0.1172913983464241,
                -10.954465866088867
            ],
            [
                -0.0,
                0.0,
                0.0,
                1.0
            ]
        ],
        "camera_location": [
            10.760825157165527,
            2.2995665073394775,
            -0.22865094244480133
        ],
        "camera_rotation_euler": [
            1.1093189716339111,
            0.0,
            0.8149281740188599
        ],
        "camera_rotation_quaternion": [
            0.4193212389945984,
            0.4717603027820587,
            0.5797308683395386,
            0.5152902007102966
        ],
        "focal_length": 50.0,
        "sensor_width": 36.0,
        "sensor_height": 24.0
    },
    "objects": [
        {
            "object_name": "Cube",
            "bbox_2d": {
                "x_min": 506.69105529785156,
                "y_min": 24.659886360168457,
                "x_max": 1397.732276916504,
                "y_max": 988.5844507813454,
                "width": 891.0412216186523,
                "height": 963.9245644211769,
                "center_x": 952.2116661071777,
                "center_y": 506.6221685707569
            },
            "visible_vertices": 8,
            "total_vertices": 8
        }
    ],
    "metadata": {
        "total_objects": 1,
        "render_settings": {
            "resolution_percentage": 50,
            "file_format": "PNG"
        }
    }
}