{
    "frame": "765",
    "image_filename": "render_765.png",
    "image_resolution": {
        "width": 1920,
        "height": 1080
    },
    "camera_parameters": {
        "intrinsic_matrix": [
            [
                2666.666666666667,
                0,
                960.0
            ],
            [
                0,
                2250.0,
                540.0
            ],
            [
                0,
                0,
                1
            ]
        ],
        "extrinsic_matrix": [
            [
                0.6959293484687805,
                0.7181102633476257,
                -8.940698137394065e-08,
                0.06694667786359787
            ],
            [
                -0.239350363612175,
                0.23195745050907135,
                0.9428187608718872,
                -1.0648353099822998
            ],
            [
                0.6770477890968323,
                -0.6561352610588074,
                0.3333059251308441,
                -11.760603904724121
            ],
            [
                -0.0,
                0.0,
                -0.0,
                1.0
            ]
        ],
        "camera_location": [
            7.661032676696777,
            -7.517625331878662,
            4.923825740814209
        ],
        "camera_rotation_euler": [
            1.1093189716339111,
            0.0,
            0.8149281740188599
        ],
        "camera_rotation_quaternion": [
            0.7518632411956787,
            0.5316639542579651,
            0.22512340545654297,
            0.31836268305778503
        ],
        "focal_length": 50.0,
        "sensor_width": 36.0,
        "sensor_height": 24.0
    },
    "objects": [
        {
            "object_name": "Cube",
            "bbox_2d": {
                "x_min": 494.1422653198242,
                "y_min": 165.43363094329834,
                "x_max": 1397.3686981201172,
                "y_max": 921.8173617124557,
                "width": 903.226432800293,
                "height": 756.3837307691574,
                "center_x": 945.7554817199707,
                "center_y": 543.625496327877
            },
            "visible_vertices": 8,
            "total_vertices": 8
        }
    ],
    "metadata": {
        "total_objects": 1,
        "render_settings": {
            "resolution_percentage": 50,
            "file_format": "PNG"
        }
    }
}