{
    "frame": "808",
    "image_filename": "render_808.png",
    "image_resolution": {
        "width": 1920,
        "height": 1080
    },
    "camera_parameters": {
        "intrinsic_matrix": [
            [
                2666.666666666667,
                0,
                960.0
            ],
            [
                0,
                2250.0,
                540.0
            ],
            [
                0,
                0,
                1
            ]
        ],
        "extrinsic_matrix": [
            [
                0.03896167129278183,
                0.9992407560348511,
                1.0756775736808777e-07,
                -0.03269420191645622
            ],
            [
                -0.07738155126571655,
                0.003017115406692028,
                0.996997058391571,
                -1.0930250883102417
            ],
            [
                0.996239960193634,
                -0.03884465992450714,
                0.07744036614894867,
                -11.68883991241455
            ],
            [
                -0.0,
                0.0,
                -0.0,
                1.0
            ]
        ],
        "camera_location": [
            11.561582565307617,
            -0.41808199882507324,
            1.9949305057525635
        ],
        "camera_rotation_euler": [
            1.1093189716339111,
            0.0,
            0.8149281740188599
        ],
        "camera_rotation_quaternion": [
            0.5290130376815796,
            0.48951613903045654,
            0.4708012044429779,
            0.5087881684303284
        ],
        "focal_length": 50.0,
        "sensor_width": 36.0,
        "sensor_height": 24.0
    },
    "objects": [
        {
            "object_name": "Cube",
            "bbox_2d": {
                "x_min": 554.457836151123,
                "y_min": 75.01928329467773,
                "x_max": 1420.4827880859375,
                "y_max": 908.8548409938812,
                "width": 866.0249519348145,
                "height": 833.8355576992035,
                "center_x": 987.4703121185303,
                "center_y": 491.9370621442795
            },
            "visible_vertices": 8,
            "total_vertices": 8
        }
    ],
    "metadata": {
        "total_objects": 1,
        "render_settings": {
            "resolution_percentage": 50,
            "file_format": "PNG"
        }
    }
}