{
    "frame": "974",
    "image_filename": "render_974.png",
    "image_resolution": {
        "width": 1920,
        "height": 1080
    },
    "camera_parameters": {
        "intrinsic_matrix": [
            [
                2666.666666666667,
                0,
                960.0
            ],
            [
                0,
                2250.0,
                540.0
            ],
            [
                0,
                0,
                1
            ]
        ],
        "extrinsic_matrix": [
            [
                0.7919470071792603,
                -0.6105898022651672,
                -8.195637946073475e-08,
                0.13043728470802307
            ],
            [
                0.07581110298633575,
                0.09832840412855148,
                0.992262065410614,
                -1.0707634687423706
            ],
            [
                -0.6058651208877563,
                -0.7858189344406128,
                0.12416037917137146,
                -11.702322959899902
            ],
            [
                -0.0,
                0.0,
                -0.0,
                1.0
            ]
        ],
        "camera_location": [
            -7.112154006958008,
            -9.010979652404785,
            2.5154433250427246
        ],
        "camera_rotation_euler": [
            1.1093189716339111,
            0.0,
            0.8149281740188599
        ],
        "camera_rotation_quaternion": [
            0.7096541523933411,
            0.6263900995254517,
            -0.21343675255775452,
            -0.24180826544761658
        ],
        "focal_length": 50.0,
        "sensor_width": 36.0,
        "sensor_height": 24.0
    },
    "objects": [
        {
            "object_name": "Cube",
            "bbox_2d": {
                "x_min": 426.00311279296875,
                "y_min": 93.10816526412964,
                "x_max": 1473.7549209594727,
                "y_max": 979.1862237453461,
                "width": 1047.751808166504,
                "height": 886.0780584812164,
                "center_x": 949.8790168762207,
                "center_y": 536.1471945047379
            },
            "visible_vertices": 8,
            "total_vertices": 8
        }
    ],
    "metadata": {
        "total_objects": 1,
        "render_settings": {
            "resolution_percentage": 50,
            "file_format": "PNG"
        }
    }
}