{
    "frame": "230",
    "image_filename": "render_230.png",
    "image_resolution": {
        "width": 1920,
        "height": 1080
    },
    "camera_parameters": {
        "intrinsic_matrix": [
            [
                2666.666666666667,
                0,
                960.0
            ],
            [
                0,
                2250.0,
                540.0
            ],
            [
                0,
                0,
                1
            ]
        ],
        "extrinsic_matrix": [
            [
                -0.9879642128944397,
                -0.15468133985996246,
                9.499486708364202e-08,
                -0.12790000438690186
            ],
            [
                -0.017640868201851845,
                0.11267457902431488,
                0.9934751987457275,
                -1.0852820873260498
            ],
            [
                -0.15367211401462555,
                0.9815181493759155,
                -0.11404702812433243,
                -11.449628829956055
            ],
            [
                0.0,
                0.0,
                -0.0,
                1.0
            ]
        ],
        "camera_location": [
            -1.904995083808899,
            11.340520858764648,
            -0.22759723663330078
        ],
        "camera_rotation_euler": [
            1.1093189716339111,
            0.0,
            0.8149281740188599
        ],
        "camera_rotation_quaternion": [
            0.051630862057209015,
            0.05789688974618912,
            -0.7440910935401917,
            -0.6635591387748718
        ],
        "focal_length": 50.0,
        "sensor_width": 36.0,
        "sensor_height": 24.0
    },
    "objects": [
        {
            "object_name": "Cube",
            "bbox_2d": {
                "x_min": 542.2674179077148,
                "y_min": 153.57702255249023,
                "x_max": 1399.401969909668,
                "y_max": 1000.3986936807632,
                "width": 857.1345520019531,
                "height": 846.821671128273,
                "center_x": 970.8346939086914,
                "center_y": 576.9878581166267
            },
            "visible_vertices": 8,
            "total_vertices": 8
        }
    ],
    "metadata": {
        "total_objects": 1,
        "render_settings": {
            "resolution_percentage": 50,
            "file_format": "PNG"
        }
    }
}