{
    "frame": "159",
    "image_filename": "render_159.png",
    "image_resolution": {
        "width": 1920,
        "height": 1080
    },
    "camera_parameters": {
        "intrinsic_matrix": [
            [
                2666.666666666667,
                0,
                960.0
            ],
            [
                0,
                2250.0,
                540.0
            ],
            [
                0,
                0,
                1
            ]
        ],
        "extrinsic_matrix": [
            [
                0.7669265270233154,
                0.6417349576950073,
                1.6065314412117004e-08,
                0.079461969435215
            ],
            [
                -0.002065506065264344,
                0.002468449529260397,
                0.9999948740005493,
                -1.0860624313354492
            ],
            [
                0.6417316198348999,
                -0.7669225335121155,
                0.0032186321914196014,
                -11.402803421020508
            ],
            [
                -0.0,
                0.0,
                -0.0,
                1.0
            ]
        ],
        "camera_location": [
            7.254354000091553,
            -8.793379783630371,
            1.122758150100708
        ],
        "camera_rotation_euler": [
            1.1093189716339111,
            0.0,
            0.8149281740188599
        ],
        "camera_rotation_quaternion": [
            0.6656976938247681,
            0.6635584831237793,
            0.24099963903427124,
            0.24177658557891846
        ],
        "focal_length": 50.0,
        "sensor_width": 36.0,
        "sensor_height": 24.0
    },
    "objects": [
        {
            "object_name": "Cube",
            "bbox_2d": {
                "x_min": 504.4193458557129,
                "y_min": 40.93035936355591,
                "x_max": 1406.1423110961914,
                "y_max": 935.7880282402039,
                "width": 901.7229652404785,
                "height": 894.857668876648,
                "center_x": 955.2808284759521,
                "center_y": 488.3591938018799
            },
            "visible_vertices": 8,
            "total_vertices": 8
        }
    ],
    "metadata": {
        "total_objects": 1,
        "render_settings": {
            "resolution_percentage": 50,
            "file_format": "PNG"
        }
    }
}