{
    "frame": "395",
    "image_filename": "render_395.png",
    "image_resolution": {
        "width": 1920,
        "height": 1080
    },
    "camera_parameters": {
        "intrinsic_matrix": [
            [
                2666.666666666667,
                0,
                960.0
            ],
            [
                0,
                2250.0,
                540.0
            ],
            [
                0,
                0,
                1
            ]
        ],
        "extrinsic_matrix": [
            [
                -0.8919455409049988,
                -0.45214253664016724,
                -6.146727571376687e-08,
                -0.10359489917755127
            ],
            [
                0.024889882653951645,
                -0.04910054802894592,
                0.9984836578369141,
                -1.0788127183914185
            ],
            [
                -0.4514569342136383,
                0.8905931711196899,
                0.055048950016498566,
                -11.670084953308105
            ],
            [
                0.0,
                0.0,
                -0.0,
                1.0
            ]
        ],
        "camera_location": [
            -5.334090709686279,
            10.293487548828125,
            1.7196009159088135
        ],
        "camera_rotation_euler": [
            1.1093189716339111,
            0.0,
            0.8149281740188599
        ],
        "camera_rotation_quaternion": [
            0.16882134974002838,
            0.159770205616951,
            -0.6685425043106079,
            -0.7064161896705627
        ],
        "focal_length": 50.0,
        "sensor_width": 36.0,
        "sensor_height": 24.0
    },
    "objects": [
        {
            "object_name": "Cube",
            "bbox_2d": {
                "x_min": 508.12585830688477,
                "y_min": 122.34819173812866,
                "x_max": 1375.8488845825195,
                "y_max": 1044.4574810564518,
                "width": 867.7230262756348,
                "height": 922.1092893183231,
                "center_x": 941.9873714447021,
                "center_y": 583.4028363972902
            },
            "visible_vertices": 8,
            "total_vertices": 8
        }
    ],
    "metadata": {
        "total_objects": 1,
        "render_settings": {
            "resolution_percentage": 50,
            "file_format": "PNG"
        }
    }
}