{
    "frame": "868",
    "image_filename": "render_868.png",
    "image_resolution": {
        "width": 1920,
        "height": 1080
    },
    "camera_parameters": {
        "intrinsic_matrix": [
            [
                2666.666666666667,
                0,
                960.0
            ],
            [
                0,
                2250.0,
                540.0
            ],
            [
                0,
                0,
                1
            ]
        ],
        "extrinsic_matrix": [
            [
                -0.10634230077266693,
                0.9943295121192932,
                4.3772150348786454e-08,
                -0.052184220403432846
            ],
            [
                0.07383676618337631,
                0.007896777242422104,
                0.9972389936447144,
                -1.072999119758606
            ],
            [
                0.9915842413902283,
                0.10604877769947052,
                -0.07425776869058609,
                -11.304485321044922
            ],
            [
                -0.0,
                0.0,
                -0.0,
                1.0
            ]
        ],
        "camera_location": [
            11.283028602600098,
            1.2591876983642578,
            0.2305901050567627
        ],
        "camera_rotation_euler": [
            1.1093189716339111,
            0.0,
            0.8149281740188599
        ],
        "camera_rotation_quaternion": [
            0.4547792673110962,
            0.4899027347564697,
            0.5450910329818726,
            0.5060108304023743
        ],
        "focal_length": 50.0,
        "sensor_width": 36.0,
        "sensor_height": 24.0
    },
    "objects": [
        {
            "object_name": "Cube",
            "bbox_2d": {
                "x_min": 559.5948600769043,
                "y_min": 38.47066640853882,
                "x_max": 1405.0680541992188,
                "y_max": 964.9747940897942,
                "width": 845.4731941223145,
                "height": 926.5041276812553,
                "center_x": 982.3314571380615,
                "center_y": 501.7227302491665
            },
            "visible_vertices": 8,
            "total_vertices": 8
        }
    ],
    "metadata": {
        "total_objects": 1,
        "render_settings": {
            "resolution_percentage": 50,
            "file_format": "PNG"
        }
    }
}