{
    "frame": "792",
    "image_filename": "render_792.png",
    "image_resolution": {
        "width": 1920,
        "height": 1080
    },
    "camera_parameters": {
        "intrinsic_matrix": [
            [
                2666.666666666667,
                0,
                960.0
            ],
            [
                0,
                2250.0,
                540.0
            ],
            [
                0,
                0,
                1
            ]
        ],
        "extrinsic_matrix": [
            [
                -0.46898719668388367,
                -0.883204996585846,
                8.381903171539307e-08,
                -0.02994379587471485
            ],
            [
                0.059256814420223236,
                -0.031465597450733185,
                0.9977468252182007,
                -1.0740272998809814
            ],
            [
                -0.8812149167060852,
                0.46793046593666077,
                0.06709292531013489,
                -11.725292205810547
            ],
            [
                -0.0,
                0.0,
                -0.0,
                1.0
            ]
        ],
        "camera_location": [
            -10.282901763916016,
            5.426379203796387,
            1.858290672302246
        ],
        "camera_rotation_euler": [
            1.1093189716339111,
            0.0,
            0.8149281740188599
        ],
        "camera_rotation_quaternion": [
            0.37637752294540405,
            0.35191816091537476,
            -0.5853265523910522,
            -0.6260083317756653
        ],
        "focal_length": 50.0,
        "sensor_width": 36.0,
        "sensor_height": 24.0
    },
    "objects": [
        {
            "object_name": "Cube",
            "bbox_2d": {
                "x_min": 485.2400779724121,
                "y_min": 122.54794120788574,
                "x_max": 1416.038932800293,
                "y_max": 1059.7998178750277,
                "width": 930.7988548278809,
                "height": 937.2518766671419,
                "center_x": 950.6395053863525,
                "center_y": 591.1738795414567
            },
            "visible_vertices": 8,
            "total_vertices": 8
        }
    ],
    "metadata": {
        "total_objects": 1,
        "render_settings": {
            "resolution_percentage": 50,
            "file_format": "PNG"
        }
    }
}