{
    "frame": "967",
    "image_filename": "render_967.png",
    "image_resolution": {
        "width": 1920,
        "height": 1080
    },
    "camera_parameters": {
        "intrinsic_matrix": [
            [
                2666.666666666667,
                0,
                960.0
            ],
            [
                0,
                2250.0,
                540.0
            ],
            [
                0,
                0,
                1
            ]
        ],
        "extrinsic_matrix": [
            [
                -0.8856343626976013,
                0.4643828868865967,
                8.940693874137651e-08,
                -0.13756737112998962
            ],
            [
                0.060777924954891205,
                0.11591076850891113,
                0.9913983345031738,
                -1.0725290775299072
            ],
            [
                0.4603884518146515,
                0.8780165314674377,
                -0.13087864220142365,
                -11.344273567199707
            ],
            [
                -0.0,
                -0.0,
                -0.0,
                1.0
            ]
        ],
        "camera_location": [
            5.166125297546387,
            10.148663520812988,
            -0.4214216470718384
        ],
        "camera_rotation_euler": [
            1.1093189716339111,
            0.0,
            0.8149281740188599
        ],
        "camera_rotation_quaternion": [
            0.1576368361711502,
            0.179814875125885,
            0.7301411032676697,
            0.6400869488716125
        ],
        "focal_length": 50.0,
        "sensor_width": 36.0,
        "sensor_height": 24.0
    },
    "objects": [
        {
            "object_name": "Cube",
            "bbox_2d": {
                "x_min": 445.8944320678711,
                "y_min": 117.43215322494507,
                "x_max": 1488.8729095458984,
                "y_max": 989.2742961645126,
                "width": 1042.9784774780273,
                "height": 871.8421429395676,
                "center_x": 967.3836708068848,
                "center_y": 553.3532246947289
            },
            "visible_vertices": 8,
            "total_vertices": 8
        }
    ],
    "metadata": {
        "total_objects": 1,
        "render_settings": {
            "resolution_percentage": 50,
            "file_format": "PNG"
        }
    }
}