{
    "frame": "629",
    "image_filename": "render_629.png",
    "image_resolution": {
        "width": 1920,
        "height": 1080
    },
    "camera_parameters": {
        "intrinsic_matrix": [
            [
                2666.666666666667,
                0,
                960.0
            ],
            [
                0,
                2250.0,
                540.0
            ],
            [
                0,
                0,
                1
            ]
        ],
        "extrinsic_matrix": [
            [
                -0.8797701597213745,
                0.47539928555488586,
                1.1548399925231934e-07,
                -0.13719215989112854
            ],
            [
                -0.053556568920612335,
                -0.09911161661148071,
                0.9936339855194092,
                -1.082266092300415
            ],
            [
                0.4723729193210602,
                0.8741695880889893,
                0.11265617609024048,
                -11.60690975189209
            ],
            [
                -0.0,
                0.0,
                -0.0,
                1.0
            ]
        ],
        "camera_location": [
            5.3041300773620605,
            10.104363441467285,
            2.3829667568206787
        ],
        "camera_rotation_euler": [
            1.1093189716339111,
            0.0,
            0.8149281740188599
        ],
        "camera_rotation_quaternion": [
            0.18287593126296997,
            0.16331355273723602,
            0.6457558274269104,
            0.7231075167655945
        ],
        "focal_length": 50.0,
        "sensor_width": 36.0,
        "sensor_height": 24.0
    },
    "objects": [
        {
            "object_name": "Cube",
            "bbox_2d": {
                "x_min": 451.1781692504883,
                "y_min": 93.08138608932495,
                "x_max": 1496.041030883789,
                "y_max": 976.9733288884163,
                "width": 1044.8628616333008,
                "height": 883.8919427990913,
                "center_x": 973.6096000671387,
                "center_y": 535.0273574888706
            },
            "visible_vertices": 8,
            "total_vertices": 8
        }
    ],
    "metadata": {
        "total_objects": 1,
        "render_settings": {
            "resolution_percentage": 50,
            "file_format": "PNG"
        }
    }
}