{
    "frame": "589",
    "image_filename": "render_589.png",
    "image_resolution": {
        "width": 1920,
        "height": 1080
    },
    "camera_parameters": {
        "intrinsic_matrix": [
            [
                2666.666666666667,
                0,
                960.0
            ],
            [
                0,
                2250.0,
                540.0
            ],
            [
                0,
                0,
                1
            ]
        ],
        "extrinsic_matrix": [
            [
                0.9380753040313721,
                0.3464314341545105,
                -7.4505797087454084e-09,
                0.11385820060968399
            ],
            [
                -0.07370978593826294,
                0.1995931714773178,
                0.977102518081665,
                -1.078399896621704
            ],
            [
                0.3384990692138672,
                -0.9165957570075989,
                0.2127687931060791,
                -11.66568374633789
            ],
            [
                -0.0,
                0.0,
                -0.0,
                1.0
            ]
        ],
        "camera_location": [
            3.762526273727417,
            -10.516918182373047,
            3.5358011722564697
        ],
        "camera_rotation_euler": [
            1.1093189716339111,
            0.0,
            0.8149281740188599
        ],
        "camera_rotation_quaternion": [
            0.7665568590164185,
            0.617598831653595,
            0.11039595305919647,
            0.1370222121477127
        ],
        "focal_length": 50.0,
        "sensor_width": 36.0,
        "sensor_height": 24.0
    },
    "objects": [
        {
            "object_name": "Cube",
            "bbox_2d": {
                "x_min": 503.64160537719727,
                "y_min": 106.05151891708374,
                "x_max": 1341.3585662841797,
                "y_max": 938.5377216339111,
                "width": 837.7169609069824,
                "height": 832.4862027168274,
                "center_x": 922.5000858306885,
                "center_y": 522.2946202754974
            },
            "visible_vertices": 8,
            "total_vertices": 8
        }
    ],
    "metadata": {
        "total_objects": 1,
        "render_settings": {
            "resolution_percentage": 50,
            "file_format": "PNG"
        }
    }
}