{
    "frame": "59",
    "image_filename": "render_059.png",
    "image_resolution": {
        "width": 1920,
        "height": 1080
    },
    "camera_parameters": {
        "intrinsic_matrix": [
            [
                2666.666666666667,
                0,
                960.0
            ],
            [
                0,
                2250.0,
                540.0
            ],
            [
                0,
                0,
                1
            ]
        ],
        "extrinsic_matrix": [
            [
                0.9788938760757446,
                -0.20436929166316986,
                -7.4505797087454084e-09,
                0.14031502604484558
            ],
            [
                0.06919168680906296,
                0.33141636848449707,
                0.9409439563751221,
                -1.0248024463653564
            ],
            [
                -0.19230005145072937,
                -0.9210843443870544,
                0.33856213092803955,
                -11.8739595413208
            ],
            [
                -0.0,
                0.0,
                -0.0,
                1.0
            ]
        ],
        "camera_location": [
            -2.349808692932129,
            -10.568605422973633,
            4.984354496002197
        ],
        "camera_rotation_euler": [
            1.1093189716339111,
            0.0,
            0.8149281740188599
        ],
        "camera_rotation_quaternion": [
            0.8137679100036621,
            0.5720391869544983,
            -0.05907706171274185,
            -0.08404146879911423
        ],
        "focal_length": 50.0,
        "sensor_width": 36.0,
        "sensor_height": 24.0
    },
    "objects": [
        {
            "object_name": "Cube",
            "bbox_2d": {
                "x_min": 497.87092208862305,
                "y_min": 121.34268522262573,
                "x_max": 1471.2064361572266,
                "y_max": 1028.580926656723,
                "width": 973.3355140686035,
                "height": 907.2382414340973,
                "center_x": 984.5386791229248,
                "center_y": 574.9618059396744
            },
            "visible_vertices": 8,
            "total_vertices": 8
        }
    ],
    "metadata": {
        "total_objects": 1,
        "render_settings": {
            "resolution_percentage": 50,
            "file_format": "PNG"
        }
    }
}