{
    "frame": "66",
    "image_filename": "render_066.png",
    "image_resolution": {
        "width": 1920,
        "height": 1080
    },
    "camera_parameters": {
        "intrinsic_matrix": [
            [
                2666.666666666667,
                0,
                960.0
            ],
            [
                0,
                2250.0,
                540.0
            ],
            [
                0,
                0,
                1
            ]
        ],
        "extrinsic_matrix": [
            [
                0.485172837972641,
                -0.874418318271637,
                5.960464477539063e-08,
                0.0989217683672905
            ],
            [
                0.28587639331817627,
                0.15861919522285461,
                0.9450474977493286,
                -0.9933507442474365
            ],
            [
                -0.8263667821884155,
                -0.4585113227367401,
                0.3269332945346832,
                -11.964768409729004
            ],
            [
                -0.0,
                0.0,
                -0.0,
                1.0
            ]
        ],
        "camera_location": [
            -9.651305198669434,
            -5.241918087005615,
            4.850444316864014
        ],
        "camera_rotation_euler": [
            1.1093189716339111,
            0.0,
            0.8149281740188599
        ],
        "camera_rotation_quaternion": [
            0.7019126415252686,
            0.4999050796031952,
            -0.2943268120288849,
            -0.4132618010044098
        ],
        "focal_length": 50.0,
        "sensor_width": 36.0,
        "sensor_height": 24.0
    },
    "objects": [
        {
            "object_name": "Cube",
            "bbox_2d": {
                "x_min": 438.1439208984375,
                "y_min": 71.26498460769653,
                "x_max": 1384.1972351074219,
                "y_max": 1009.8743051290512,
                "width": 946.0533142089844,
                "height": 938.6093205213547,
                "center_x": 911.1705780029297,
                "center_y": 540.5696448683739
            },
            "visible_vertices": 8,
            "total_vertices": 8
        }
    ],
    "metadata": {
        "total_objects": 1,
        "render_settings": {
            "resolution_percentage": 50,
            "file_format": "PNG"
        }
    }
}