{
    "frame": "610",
    "image_filename": "render_610.png",
    "image_resolution": {
        "width": 1920,
        "height": 1080
    },
    "camera_parameters": {
        "intrinsic_matrix": [
            [
                2666.666666666667,
                0,
                960.0
            ],
            [
                0,
                2250.0,
                540.0
            ],
            [
                0,
                0,
                1
            ]
        ],
        "extrinsic_matrix": [
            [
                0.3994830250740051,
                0.9167404770851135,
                1.713633110966839e-07,
                0.019259506836533546
            ],
            [
                -0.19652827084064484,
                0.08563995361328125,
                0.9767507910728455,
                -1.0903195142745972
            ],
            [
                0.8954271674156189,
                -0.3901953399181366,
                0.21437722444534302,
                -11.612017631530762
            ],
            [
                -0.0,
                0.0,
                -0.0,
                1.0
            ]
        ],
        "camera_location": [
            10.175745964050293,
            -4.4552388191223145,
            3.5543229579925537
        ],
        "camera_rotation_euler": [
            1.1093189716339111,
            0.0,
            0.8149281740188599
        ],
        "camera_rotation_quaternion": [
            0.6518244743347168,
            0.5242770910263062,
            0.34343111515045166,
            0.42698192596435547
        ],
        "focal_length": 50.0,
        "sensor_width": 36.0,
        "sensor_height": 24.0
    },
    "objects": [
        {
            "object_name": "Cube",
            "bbox_2d": {
                "x_min": 502.98213958740234,
                "y_min": 110.79626083374023,
                "x_max": 1431.9601821899414,
                "y_max": 894.4414973258972,
                "width": 928.9780426025391,
                "height": 783.645236492157,
                "center_x": 967.4711608886719,
                "center_y": 502.6188790798187
            },
            "visible_vertices": 8,
            "total_vertices": 8
        }
    ],
    "metadata": {
        "total_objects": 1,
        "render_settings": {
            "resolution_percentage": 50,
            "file_format": "PNG"
        }
    }
}