{
    "frame": "725",
    "image_filename": "render_725.png",
    "image_resolution": {
        "width": 1920,
        "height": 1080
    },
    "camera_parameters": {
        "intrinsic_matrix": [
            [
                2666.666666666667,
                0,
                960.0
            ],
            [
                0,
                2250.0,
                540.0
            ],
            [
                0,
                0,
                1
            ]
        ],
        "extrinsic_matrix": [
            [
                0.06417951732873917,
                -0.997938334941864,
                -1.8812711743976251e-07,
                0.046610258519649506
            ],
            [
                0.07221413403749466,
                0.004644149448722601,
                0.9973782896995544,
                -1.073245882987976
            ],
            [
                -0.995322048664093,
                -0.06401117891073227,
                0.07236341387033463,
                -11.726250648498535
            ],
            [
                -0.0,
                0.0,
                -0.0,
                1.0
            ]
        ],
        "camera_location": [
            -11.596885681152344,
            -0.6991139054298401,
            1.9189826250076294
        ],
        "camera_rotation_euler": [
            1.1093189716339111,
            0.0,
            0.8149281740188599
        ],
        "camera_rotation_quaternion": [
            0.5341318249702454,
            0.49678266048431396,
            -0.4658597707748413,
            -0.5008841753005981
        ],
        "focal_length": 50.0,
        "sensor_width": 36.0,
        "sensor_height": 24.0
    },
    "objects": [
        {
            "object_name": "Cube",
            "bbox_2d": {
                "x_min": 563.9055061340332,
                "y_min": 116.19200706481934,
                "x_max": 1411.2546157836914,
                "y_max": 1043.5764800012112,
                "width": 847.3491096496582,
                "height": 927.3844729363918,
                "center_x": 987.5800609588623,
                "center_y": 579.8842435330153
            },
            "visible_vertices": 8,
            "total_vertices": 8
        }
    ],
    "metadata": {
        "total_objects": 1,
        "render_settings": {
            "resolution_percentage": 50,
            "file_format": "PNG"
        }
    }
}