{
    "frame": "614",
    "image_filename": "render_614.png",
    "image_resolution": {
        "width": 1920,
        "height": 1080
    },
    "camera_parameters": {
        "intrinsic_matrix": [
            [
                2666.666666666667,
                0,
                960.0
            ],
            [
                0,
                2250.0,
                540.0
            ],
            [
                0,
                0,
                1
            ]
        ],
        "extrinsic_matrix": [
            [
                0.6897501349449158,
                0.7240474224090576,
                4.470348358154297e-08,
                0.06588444113731384
            ],
            [
                -0.16004784405231476,
                0.15246649086475372,
                0.9752633571624756,
                -1.0863035917282104
            ],
            [
                0.70613694190979,
                -0.6726880669593811,
                0.22104600071907043,
                -11.634156227111816
            ],
            [
                -0.0,
                0.0,
                -0.0,
                1.0
            ]
        ],
        "camera_location": [
            7.9960036277771,
            -7.708237171173096,
            3.6311161518096924
        ],
        "camera_rotation_euler": [
            1.1093189716339111,
            0.0,
            0.8149281740188599
        ],
        "camera_rotation_quaternion": [
            0.718203067779541,
            0.5736370086669922,
            0.24579986929893494,
            0.3077455759048462
        ],
        "focal_length": 50.0,
        "sensor_width": 36.0,
        "sensor_height": 24.0
    },
    "objects": [
        {
            "object_name": "Cube",
            "bbox_2d": {
                "x_min": 501.2933921813965,
                "y_min": 113.36776971817017,
                "x_max": 1403.4988403320312,
                "y_max": 875.1409381628036,
                "width": 902.2054481506348,
                "height": 761.7731684446335,
                "center_x": 952.3961162567139,
                "center_y": 494.2543539404869
            },
            "visible_vertices": 8,
            "total_vertices": 8
        }
    ],
    "metadata": {
        "total_objects": 1,
        "render_settings": {
            "resolution_percentage": 50,
            "file_format": "PNG"
        }
    }
}