{
    "frame": "431",
    "image_filename": "render_431.png",
    "image_resolution": {
        "width": 1920,
        "height": 1080
    },
    "camera_parameters": {
        "intrinsic_matrix": [
            [
                2666.666666666667,
                0,
                960.0
            ],
            [
                0,
                2250.0,
                540.0
            ],
            [
                0,
                0,
                1
            ]
        ],
        "extrinsic_matrix": [
            [
                0.8592088222503662,
                -0.5116249918937683,
                2.9802322387695312e-08,
                0.13578501343727112
            ],
            [
                0.14676517248153687,
                0.24647341668605804,
                0.9579722285270691,
                -1.0295560359954834
            ],
            [
                -0.490122526884079,
                -0.8230981826782227,
                0.2868608832359314,
                -11.86187744140625
            ],
            [
                -0.0,
                0.0,
                -0.0,
                1.0
            ]
        ],
        "camera_location": [
            -5.779338836669922,
            -9.440261840820312,
            4.388995170593262
        ],
        "camera_rotation_euler": [
            1.1093189716339111,
            0.0,
            0.8149281740188599
        ],
        "camera_rotation_quaternion": [
            0.773392379283905,
            0.5757331252098083,
            -0.1584327071905136,
            -0.21282540261745453
        ],
        "focal_length": 50.0,
        "sensor_width": 36.0,
        "sensor_height": 24.0
    },
    "objects": [
        {
            "object_name": "Cube",
            "bbox_2d": {
                "x_min": 433.1033420562744,
                "y_min": 95.83178758621216,
                "x_max": 1480.7351303100586,
                "y_max": 1011.4992168545723,
                "width": 1047.6317882537842,
                "height": 915.6674292683601,
                "center_x": 956.9192361831665,
                "center_y": 553.6655022203922
            },
            "visible_vertices": 8,
            "total_vertices": 8
        }
    ],
    "metadata": {
        "total_objects": 1,
        "render_settings": {
            "resolution_percentage": 50,
            "file_format": "PNG"
        }
    }
}