{
    "frame": "708",
    "image_filename": "render_708.png",
    "image_resolution": {
        "width": 1920,
        "height": 1080
    },
    "camera_parameters": {
        "intrinsic_matrix": [
            [
                2666.666666666667,
                0,
                960.0
            ],
            [
                0,
                2250.0,
                540.0
            ],
            [
                0,
                0,
                1
            ]
        ],
        "extrinsic_matrix": [
            [
                0.7107577919960022,
                0.7034367918968201,
                0.0,
                0.06951218843460083
            ],
            [
                -0.14814698696136475,
                0.14968886971473694,
                0.9775712490081787,
                -1.0870906114578247
            ],
            [
                0.6876596212387085,
                -0.6948164701461792,
                0.21060457825660706,
                -11.624482154846191
            ],
            [
                -0.0,
                0.0,
                -0.0,
                1.0
            ]
        ],
        "camera_location": [
            7.783230781555176,
            -7.9630537033081055,
            3.510877847671509
        ],
        "camera_rotation_euler": [
            1.1093189716339111,
            0.0,
            0.8149281740188599
        ],
        "camera_rotation_quaternion": [
            0.7195574045181274,
            0.5810474157333374,
            0.23891757428646088,
            0.29587069153785706
        ],
        "focal_length": 50.0,
        "sensor_width": 36.0,
        "sensor_height": 24.0
    },
    "objects": [
        {
            "object_name": "Cube",
            "bbox_2d": {
                "x_min": 499.06768798828125,
                "y_min": 108.88933897018433,
                "x_max": 1402.4203491210938,
                "y_max": 878.7413209676743,
                "width": 903.3526611328125,
                "height": 769.8519819974899,
                "center_x": 950.7440185546875,
                "center_y": 493.8153299689293
            },
            "visible_vertices": 8,
            "total_vertices": 8
        }
    ],
    "metadata": {
        "total_objects": 1,
        "render_settings": {
            "resolution_percentage": 50,
            "file_format": "PNG"
        }
    }
}