{
    "frame": "259",
    "image_filename": "render_259.png",
    "image_resolution": {
        "width": 1920,
        "height": 1080
    },
    "camera_parameters": {
        "intrinsic_matrix": [
            [
                2666.666666666667,
                0,
                960.0
            ],
            [
                0,
                2250.0,
                540.0
            ],
            [
                0,
                0,
                1
            ]
        ],
        "extrinsic_matrix": [
            [
                -0.6649235486984253,
                0.7469114065170288,
                6.332993507385254e-08,
                -0.11841751635074615
            ],
            [
                -0.07064767181873322,
                -0.06289282441139221,
                0.9955165982246399,
                -1.0880028009414673
            ],
            [
                0.7435627579689026,
                0.6619424819946289,
                0.09458646178245544,
                -11.54250717163086
            ],
            [
                -0.0,
                0.0,
                -0.0,
                1.0
            ]
        ],
        "camera_location": [
            8.426974296569824,
            7.660495758056641,
            2.1748900413513184
        ],
        "camera_rotation_euler": [
            1.1093189716339111,
            0.0,
            0.8149281740188599
        ],
        "camera_rotation_quaternion": [
            0.3028077185153961,
            0.27540096640586853,
            0.6138901114463806,
            0.6749820113182068
        ],
        "focal_length": 50.0,
        "sensor_width": 36.0,
        "sensor_height": 24.0
    },
    "objects": [
        {
            "object_name": "Cube",
            "bbox_2d": {
                "x_min": 428.78485679626465,
                "y_min": 85.56821823120117,
                "x_max": 1447.8030395507812,
                "y_max": 956.327993273735,
                "width": 1019.0181827545166,
                "height": 870.7597750425339,
                "center_x": 938.293948173523,
                "center_y": 520.9481057524681
            },
            "visible_vertices": 8,
            "total_vertices": 8
        }
    ],
    "metadata": {
        "total_objects": 1,
        "render_settings": {
            "resolution_percentage": 50,
            "file_format": "PNG"
        }
    }
}