{
    "frame": "459",
    "image_filename": "render_459.png",
    "image_resolution": {
        "width": 1920,
        "height": 1080
    },
    "camera_parameters": {
        "intrinsic_matrix": [
            [
                2666.666666666667,
                0,
                960.0
            ],
            [
                0,
                2250.0,
                540.0
            ],
            [
                0,
                0,
                1
            ]
        ],
        "extrinsic_matrix": [
            [
                -0.6207921504974365,
                -0.7839749455451965,
                -1.1920923270736239e-07,
                -0.0542684942483902
            ],
            [
                0.1115337684750557,
                -0.08831828832626343,
                0.9898281097412109,
                -1.056193232536316
            ],
            [
                -0.7760005593299866,
                0.6144776940345764,
                0.14226719737052917,
                -11.798227310180664
            ],
            [
                0.0,
                0.0,
                -0.0,
                1.0
            ]
        ],
        "camera_location": [
            -9.07132339477539,
            7.1139235496521,
            2.7239491939544678
        ],
        "camera_rotation_euler": [
            1.1093189716339111,
            0.0,
            0.8149281740188599
        ],
        "camera_rotation_quaternion": [
            0.3290731608867645,
            0.2851574122905731,
            -0.5895351767539978,
            -0.6803267598152161
        ],
        "focal_length": 50.0,
        "sensor_width": 36.0,
        "sensor_height": 24.0
    },
    "objects": [
        {
            "object_name": "Cube",
            "bbox_2d": {
                "x_min": 484.4491195678711,
                "y_min": 98.54169845581055,
                "x_max": 1425.8452606201172,
                "y_max": 1074.4693958200514,
                "width": 941.3961410522461,
                "height": 975.9276973642409,
                "center_x": 955.1471900939941,
                "center_y": 586.505547137931
            },
            "visible_vertices": 8,
            "total_vertices": 8
        }
    ],
    "metadata": {
        "total_objects": 1,
        "render_settings": {
            "resolution_percentage": 50,
            "file_format": "PNG"
        }
    }
}