{
    "frame": "796",
    "image_filename": "render_796.png",
    "image_resolution": {
        "width": 1920,
        "height": 1080
    },
    "camera_parameters": {
        "intrinsic_matrix": [
            [
                2666.666666666667,
                0,
                960.0
            ],
            [
                0,
                2250.0,
                540.0
            ],
            [
                0,
                0,
                1
            ]
        ],
        "extrinsic_matrix": [
            [
                -0.7280242443084717,
                -0.6855511665344238,
                -3.539024007181979e-08,
                -0.07252990454435349
            ],
            [
                -0.02375851385295391,
                0.025230564177036285,
                0.9993991851806641,
                -1.089218258857727
            ],
            [
                -0.6851392984390259,
                0.7275869846343994,
                -0.034655895084142685,
                -11.598138809204102
            ],
            [
                0.0,
                0.0,
                -0.0,
                1.0
            ]
        ],
        "camera_location": [
            -8.025025367736816,
            8.416415214538574,
            0.6866171360015869
        ],
        "camera_rotation_euler": [
            1.1093189716339111,
            0.0,
            0.8149281740188599
        ],
        "camera_rotation_quaternion": [
            0.2561982274055481,
            0.2652363181114197,
            -0.668563961982727,
            -0.6457821130752563
        ],
        "focal_length": 50.0,
        "sensor_width": 36.0,
        "sensor_height": 24.0
    },
    "objects": [
        {
            "object_name": "Cube",
            "bbox_2d": {
                "x_min": 506.48237228393555,
                "y_min": 155.714271068573,
                "x_max": 1409.7276306152344,
                "y_max": 1031.651056855917,
                "width": 903.2452583312988,
                "height": 875.936785787344,
                "center_x": 958.105001449585,
                "center_y": 593.682663962245
            },
            "visible_vertices": 8,
            "total_vertices": 8
        }
    ],
    "metadata": {
        "total_objects": 1,
        "render_settings": {
            "resolution_percentage": 50,
            "file_format": "PNG"
        }
    }
}