{
    "frame": "272",
    "image_filename": "render_272.png",
    "image_resolution": {
        "width": 1920,
        "height": 1080
    },
    "camera_parameters": {
        "intrinsic_matrix": [
            [
                2666.666666666667,
                0,
                960.0
            ],
            [
                0,
                2250.0,
                540.0
            ],
            [
                0,
                0,
                1
            ]
        ],
        "extrinsic_matrix": [
            [
                0.8460347652435303,
                -0.5331277251243591,
                4.470348358154297e-08,
                0.13481664657592773
            ],
            [
                0.18288567662239075,
                0.2902262508869171,
                0.9393197298049927,
                -1.0060774087905884
            ],
            [
                -0.5007774233818054,
                -0.7946971654891968,
                0.34304293990135193,
                -11.925396919250488
            ],
            [
                -0.0,
                0.0,
                -0.0,
                1.0
            ]
        ],
        "camera_location": [
            -5.902031898498535,
            -9.113213539123535,
            5.035951137542725
        ],
        "camera_rotation_euler": [
            1.1093189716339111,
            0.0,
            0.8149281740188599
        ],
        "camera_rotation_quaternion": [
            0.7872902750968933,
            0.5506281852722168,
            -0.1590193212032318,
            -0.2273664027452469
        ],
        "focal_length": 50.0,
        "sensor_width": 36.0,
        "sensor_height": 24.0
    },
    "objects": [
        {
            "object_name": "Cube",
            "bbox_2d": {
                "x_min": 428.13331604003906,
                "y_min": 98.99436950683594,
                "x_max": 1477.1363067626953,
                "y_max": 1028.4863305091858,
                "width": 1049.0029907226562,
                "height": 929.4919610023499,
                "center_x": 952.6348114013672,
                "center_y": 563.7403500080109
            },
            "visible_vertices": 8,
            "total_vertices": 8
        }
    ],
    "metadata": {
        "total_objects": 1,
        "render_settings": {
            "resolution_percentage": 50,
            "file_format": "PNG"
        }
    }
}