{
    "frame": "508",
    "image_filename": "render_508.png",
    "image_resolution": {
        "width": 1920,
        "height": 1080
    },
    "camera_parameters": {
        "intrinsic_matrix": [
            [
                2666.666666666667,
                0,
                960.0
            ],
            [
                0,
                2250.0,
                540.0
            ],
            [
                0,
                0,
                1
            ]
        ],
        "extrinsic_matrix": [
            [
                0.9218195676803589,
                0.3876189887523651,
                2.9802315282267955e-08,
                0.11009225994348526
            ],
            [
                -0.0876404345035553,
                0.20842288434505463,
                0.974104106426239,
                -1.0773667097091675
            ],
            [
                0.37758126854896545,
                -0.8979482650756836,
                0.2260994166135788,
                -11.675570487976074
            ],
            [
                -0.0,
                0.0,
                -0.0,
                1.0
            ]
        ],
        "camera_location": [
            4.212571620941162,
            -10.3021879196167,
            3.6893081665039062
        ],
        "camera_rotation_euler": [
            1.1093189716339111,
            0.0,
            0.8149281740188599
        ],
        "camera_rotation_quaternion": [
            0.7675191164016724,
            0.6097739934921265,
            0.12298759073019028,
            0.1548037976026535
        ],
        "focal_length": 50.0,
        "sensor_width": 36.0,
        "sensor_height": 24.0
    },
    "objects": [
        {
            "object_name": "Cube",
            "bbox_2d": {
                "x_min": 498.24113845825195,
                "y_min": 111.20129585266113,
                "x_max": 1350.120735168457,
                "y_max": 936.1696314811707,
                "width": 851.8795967102051,
                "height": 824.9683356285095,
                "center_x": 924.1809368133545,
                "center_y": 523.6854636669159
            },
            "visible_vertices": 8,
            "total_vertices": 8
        }
    ],
    "metadata": {
        "total_objects": 1,
        "render_settings": {
            "resolution_percentage": 50,
            "file_format": "PNG"
        }
    }
}