{
    "frame": "638",
    "image_filename": "render_638.png",
    "image_resolution": {
        "width": 1920,
        "height": 1080
    },
    "camera_parameters": {
        "intrinsic_matrix": [
            [
                2666.666666666667,
                0,
                960.0
            ],
            [
                0,
                2250.0,
                540.0
            ],
            [
                0,
                0,
                1
            ]
        ],
        "extrinsic_matrix": [
            [
                0.587213933467865,
                0.8094318509101868,
                -4.470348358154297e-08,
                0.048756565898656845
            ],
            [
                0.10862023383378983,
                -0.07880004495382309,
                0.9909552335739136,
                -1.0581717491149902
            ],
            [
                0.8021106719970703,
                -0.5819026827812195,
                -0.13419315218925476,
                -11.23892879486084
            ],
            [
                -0.0,
                0.0,
                -0.0,
                1.0
            ]
        ],
        "camera_location": [
            9.101173400878906,
            -6.662812232971191,
            -0.45958665013313293
        ],
        "camera_rotation_euler": [
            1.1093189716339111,
            0.0,
            0.8149281740188599
        ],
        "camera_rotation_quaternion": [
            0.5861358046531677,
            0.6708589792251587,
            0.34211811423301697,
            0.29891178011894226
        ],
        "focal_length": 50.0,
        "sensor_width": 36.0,
        "sensor_height": 24.0
    },
    "objects": [
        {
            "object_name": "Cube",
            "bbox_2d": {
                "x_min": 482.6484489440918,
                "y_min": 6.514034271240234,
                "x_max": 1425.516128540039,
                "y_max": 978.9288684725761,
                "width": 942.8676795959473,
                "height": 972.4148342013359,
                "center_x": 954.0822887420654,
                "center_y": 492.7214513719082
            },
            "visible_vertices": 8,
            "total_vertices": 8
        }
    ],
    "metadata": {
        "total_objects": 1,
        "render_settings": {
            "resolution_percentage": 50,
            "file_format": "PNG"
        }
    }
}