{
    "frame": "684",
    "image_filename": "render_684.png",
    "image_resolution": {
        "width": 1920,
        "height": 1080
    },
    "camera_parameters": {
        "intrinsic_matrix": [
            [
                2666.666666666667,
                0,
                960.0
            ],
            [
                0,
                2250.0,
                540.0
            ],
            [
                0,
                0,
                1
            ]
        ],
        "extrinsic_matrix": [
            [
                -0.8335819244384766,
                -0.5523954033851624,
                -1.1548394240890048e-07,
                -0.09188240766525269
            ],
            [
                0.048615384846925735,
                -0.07336223870515823,
                0.9961196184158325,
                -1.0721120834350586
            ],
            [
                -0.5502519607543945,
                0.8303475379943848,
                0.08800859749317169,
                -11.716955184936523
            ],
            [
                0.0,
                0.0,
                -0.0,
                1.0
            ]
        ],
        "camera_location": [
            -6.471750259399414,
            9.599739074707031,
            2.099142551422119
        ],
        "camera_rotation_euler": [
            1.1093189716339111,
            0.0,
            0.8149281740188599
        ],
        "camera_rotation_quaternion": [
            0.21275809407234192,
            0.19478943943977356,
            -0.646570086479187,
            -0.7062140703201294
        ],
        "focal_length": 50.0,
        "sensor_width": 36.0,
        "sensor_height": 24.0
    },
    "objects": [
        {
            "object_name": "Cube",
            "bbox_2d": {
                "x_min": 506.58639907836914,
                "y_min": 113.90734434127808,
                "x_max": 1396.9237518310547,
                "y_max": 1055.4993563890457,
                "width": 890.3373527526855,
                "height": 941.5920120477676,
                "center_x": 951.7550754547119,
                "center_y": 584.7033503651619
            },
            "visible_vertices": 8,
            "total_vertices": 8
        }
    ],
    "metadata": {
        "total_objects": 1,
        "render_settings": {
            "resolution_percentage": 50,
            "file_format": "PNG"
        }
    }
}