{
    "frame": "370",
    "image_filename": "render_370.png",
    "image_resolution": {
        "width": 1920,
        "height": 1080
    },
    "camera_parameters": {
        "intrinsic_matrix": [
            [
                2666.666666666667,
                0,
                960.0
            ],
            [
                0,
                2250.0,
                540.0
            ],
            [
                0,
                0,
                1
            ]
        ],
        "extrinsic_matrix": [
            [
                0.6653361320495605,
                0.7465438842773438,
                -5.215405707303944e-08,
                0.06172305345535278
            ],
            [
                -0.12036538124084473,
                0.10727234929800034,
                0.9869167804718018,
                -1.091863751411438
            ],
            [
                0.7367767095565796,
                -0.656631350517273,
                0.16123022139072418,
                -11.565675735473633
            ],
            [
                -0.0,
                0.0,
                -0.0,
                1.0
            ]
        ],
        "camera_location": [
            8.348832130432129,
            -7.523338794708252,
            2.9423153400421143
        ],
        "camera_rotation_euler": [
            1.1093189716339111,
            0.0,
            0.8149281740188599
        ],
        "camera_rotation_quaternion": [
            0.6953126788139343,
            0.5909385681152344,
            0.26490846276283264,
            0.31169766187667847
        ],
        "focal_length": 50.0,
        "sensor_width": 36.0,
        "sensor_height": 24.0
    },
    "objects": [
        {
            "object_name": "Cube",
            "bbox_2d": {
                "x_min": 505.3348159790039,
                "y_min": 89.5395827293396,
                "x_max": 1408.0123901367188,
                "y_max": 876.8288952112198,
                "width": 902.6775741577148,
                "height": 787.2893124818802,
                "center_x": 956.6736030578613,
                "center_y": 483.1842389702797
            },
            "visible_vertices": 8,
            "total_vertices": 8
        }
    ],
    "metadata": {
        "total_objects": 1,
        "render_settings": {
            "resolution_percentage": 50,
            "file_format": "PNG"
        }
    }
}