{
    "frame": "168",
    "image_filename": "render_168.png",
    "image_resolution": {
        "width": 1920,
        "height": 1080
    },
    "camera_parameters": {
        "intrinsic_matrix": [
            [
                2666.666666666667,
                0,
                960.0
            ],
            [
                0,
                2250.0,
                540.0
            ],
            [
                0,
                0,
                1
            ]
        ],
        "extrinsic_matrix": [
            [
                0.10639169067144394,
                -0.9943240880966187,
                -2.1606670941309858e-07,
                0.05218997970223427
            ],
            [
                -0.09283775091171265,
                -0.00993354246020317,
                0.9956315159797668,
                -1.0931464433670044
            ],
            [
                -0.9899806380271912,
                -0.10592672973871231,
                -0.09336749464273453,
                -11.543999671936035
            ],
            [
                -0.0,
                0.0,
                -0.0,
                1.0
            ]
        ],
        "camera_location": [
            -11.535378456115723,
            -1.1817861795425415,
            0.010534580796957016
        ],
        "camera_rotation_euler": [
            1.1093189716339111,
            0.0,
            0.8149281740188599
        ],
        "camera_rotation_quaternion": [
            0.5007720589637756,
            0.5499301552772522,
            -0.49422723054885864,
            -0.45004841685295105
        ],
        "focal_length": 50.0,
        "sensor_width": 36.0,
        "sensor_height": 24.0
    },
    "objects": [
        {
            "object_name": "Cube",
            "bbox_2d": {
                "x_min": 564.2826461791992,
                "y_min": 150.2531862258911,
                "x_max": 1413.8869857788086,
                "y_max": 1008.4862861037254,
                "width": 849.6043395996094,
                "height": 858.2330998778343,
                "center_x": 989.0848159790039,
                "center_y": 579.3697361648083
            },
            "visible_vertices": 8,
            "total_vertices": 8
        }
    ],
    "metadata": {
        "total_objects": 1,
        "render_settings": {
            "resolution_percentage": 50,
            "file_format": "PNG"
        }
    }
}