{
    "frame": "491",
    "image_filename": "render_491.png",
    "image_resolution": {
        "width": 1920,
        "height": 1080
    },
    "camera_parameters": {
        "intrinsic_matrix": [
            [
                2666.666666666667,
                0,
                960.0
            ],
            [
                0,
                2250.0,
                540.0
            ],
            [
                0,
                0,
                1
            ]
        ],
        "extrinsic_matrix": [
            [
                0.426491916179657,
                -0.9044913053512573,
                -5.215405707303944e-08,
                0.0921206921339035
            ],
            [
                0.27001091837882996,
                0.1273173689842224,
                0.9544026255607605,
                -1.0044664144515991
            ],
            [
                -0.8632489442825317,
                -0.4070449769496918,
                0.29852238297462463,
                -11.940873146057129
            ],
            [
                -0.0,
                0.0,
                -0.0,
                1.0
            ]
        ],
        "camera_location": [
            -10.076017379760742,
            -4.649264812469482,
            4.523283004760742
        ],
        "camera_rotation_euler": [
            1.1093189716339111,
            0.0,
            0.8149281740188599
        ],
        "camera_rotation_quaternion": [
            0.6805019974708557,
            0.5001630187034607,
            -0.31713682413101196,
            -0.43148380517959595
        ],
        "focal_length": 50.0,
        "sensor_width": 36.0,
        "sensor_height": 24.0
    },
    "objects": [
        {
            "object_name": "Cube",
            "bbox_2d": {
                "x_min": 451.02478981018066,
                "y_min": 71.64922714233398,
                "x_max": 1365.4216003417969,
                "y_max": 1020.6911082565784,
                "width": 914.3968105316162,
                "height": 949.0418811142445,
                "center_x": 908.2231950759888,
                "center_y": 546.1701676994562
            },
            "visible_vertices": 8,
            "total_vertices": 8
        }
    ],
    "metadata": {
        "total_objects": 1,
        "render_settings": {
            "resolution_percentage": 50,
            "file_format": "PNG"
        }
    }
}