{
    "frame": "849",
    "image_filename": "render_849.png",
    "image_resolution": {
        "width": 1920,
        "height": 1080
    },
    "camera_parameters": {
        "intrinsic_matrix": [
            [
                2666.666666666667,
                0,
                960.0
            ],
            [
                0,
                2250.0,
                540.0
            ],
            [
                0,
                0,
                1
            ]
        ],
        "extrinsic_matrix": [
            [
                -0.8162094354629517,
                0.5777563452720642,
                -3.725290653733282e-08,
                -0.13247385621070862
            ],
            [
                0.08614994585514069,
                0.12170598655939102,
                0.988820493221283,
                -1.0665160417556763
            ],
            [
                0.5712972283363342,
                0.8070844411849976,
                -0.1491113007068634,
                -11.306767463684082
            ],
            [
                -0.0,
                0.0,
                0.0,
                1.0
            ]
        ],
        "camera_location": [
            6.4432783126831055,
            9.331854820251465,
            -0.6313730478286743
        ],
        "camera_rotation_euler": [
            1.1093189716339111,
            0.0,
            0.8149281740188599
        ],
        "camera_rotation_quaternion": [
            0.1977279782295227,
            0.22978028655052185,
            0.7223272323608398,
            0.6215689778327942
        ],
        "focal_length": 50.0,
        "sensor_width": 36.0,
        "sensor_height": 24.0
    },
    "objects": [
        {
            "object_name": "Cube",
            "bbox_2d": {
                "x_min": 428.631591796875,
                "y_min": 107.35198259353638,
                "x_max": 1477.9340744018555,
                "y_max": 988.278397321701,
                "width": 1049.3024826049805,
                "height": 880.9264147281647,
                "center_x": 953.2828330993652,
                "center_y": 547.8151899576187
            },
            "visible_vertices": 8,
            "total_vertices": 8
        }
    ],
    "metadata": {
        "total_objects": 1,
        "render_settings": {
            "resolution_percentage": 50,
            "file_format": "PNG"
        }
    }
}