{
    "frame": "40",
    "image_filename": "render_040.png",
    "image_resolution": {
        "width": 1920,
        "height": 1080
    },
    "camera_parameters": {
        "intrinsic_matrix": [
            [
                2666.666666666667,
                0,
                960.0
            ],
            [
                0,
                2250.0,
                540.0
            ],
            [
                0,
                0,
                1
            ]
        ],
        "extrinsic_matrix": [
            [
                0.9100816249847412,
                0.4144291579723358,
                5.21540641784668e-08,
                0.1074831485748291
            ],
            [
                -0.07252718508243561,
                0.15926878154277802,
                0.9845675826072693,
                -1.0848102569580078
            ],
            [
                0.40803349018096924,
                -0.8960368037223816,
                0.1750049740076065,
                -11.616048812866211
            ],
            [
                -0.0,
                0.0,
                -0.0,
                1.0
            ]
        ],
        "camera_location": [
            4.563239574432373,
            -10.28017520904541,
            3.100935220718384
        ],
        "camera_rotation_euler": [
            1.1093189716339111,
            0.0,
            0.8149281740188599
        ],
        "camera_rotation_quaternion": [
            0.7490586638450623,
            0.6276559233665466,
            0.13618206977844238,
            0.16252276301383972
        ],
        "focal_length": 50.0,
        "sensor_width": 36.0,
        "sensor_height": 24.0
    },
    "objects": [
        {
            "object_name": "Cube",
            "bbox_2d": {
                "x_min": 498.36862564086914,
                "y_min": 94.22561645507812,
                "x_max": 1357.8630065917969,
                "y_max": 920.110382437706,
                "width": 859.4943809509277,
                "height": 825.8847659826279,
                "center_x": 928.115816116333,
                "center_y": 507.16799944639206
            },
            "visible_vertices": 8,
            "total_vertices": 8
        }
    ],
    "metadata": {
        "total_objects": 1,
        "render_settings": {
            "resolution_percentage": 50,
            "file_format": "PNG"
        }
    }
}